document_id,serial_no,state,sanction_date,document_name,document_type,source_dataset,source_url,sc_amount_lakh,st_amount_lakh,oth_amount_lakh,total_amount_lakh
DOC102,102,ANDHRA PRADESH,25/08/2026,L-15060/06/2026-RE-VII/Sl.No.1(SPARSH-66),WAGE_DAILY_SANCTION,NEFMS_WAGE_DAILY,https://mnregaweb4.nic.in/RMS/WriteReadData/SancAttachments/VBGRAMG/L-15060$06$2026-RE-VII$SlNo1(SPARSH-66).pdf,0,131.05943,219.14215,350.20158
DOC103,103,ANDHRA PRADESH,25/08/2026,L-15060/06/2026-RE-VII/Sl.No.1(SPARSH-65),WAGE_DAILY_SANCTION,NEFMS_WAGE_DAILY,https://mnregaweb4.nic.in/RMS/WriteReadData/SancAttachments/VBGRAMG/L-15060$06$2026-RE-VII$SlNo1(SPARSH-65).pdf,0,181.1216,0,181.1216
DOC104,104,ANDHRA PRADESH,25/08/2026,L-15060/06/2026-RE-VII/Sl.No.1(SPARSH-64),WAGE_DAILY_SANCTION,NEFMS_WAGE_DAILY,https://mnregaweb4.nic.in/RMS/WriteReadData/SancAttachments/VBGRAMG/L-15060$06$2026-RE-VII$SlNo1(SPARSH-64).pdf,34.21378,0,307.47916,341.69294
DOC105,105,ANDHRA PRADESH,25/08/2026,L-15060/06/2026-RE-VII/Sl.No.1(SPARSH-63),WAGE_DAILY_SANCTION,NEFMS_WAGE_DAILY,https://mnregaweb4.nic.in/RMS/WriteReadData/SancAttachments/VBGRAMG/L-15060$06$2026-RE-VII$SlNo1(SPARSH-63).pdf,0,0,371.39561,371.39561
DOC106,106,ANDHRA PRADESH,25/08/2026,L-15060/06/2026-RE-VII/Sl.No.1(SPARSH-62),WAGE_DAILY_SANCTION,NEFMS_WAGE_DAILY,https://mnregaweb4.nic.in/RMS/WriteReadData/SancAttachments/VBGRAMG/L-15060$06$2026-RE-VII$SlNo1(SPARSH-62).pdf,4.81745,85.90877,204.85957,295.58579
DOC107,107,ANDHRA PRADESH,24/08/2026,L-15060/06/2026-RE-VII/Sl.No.1(SPARSH-61),WAGE_DAILY_SANCTION,NEFMS_WAGE_DAILY,https://mnregaweb4.nic.in/RMS/WriteReadData/SancAttachments/VBGRAMG/L-15060$06$2026-RE-VII$SlNo1(SPARSH-61).pdf,15.90358,0,0,15.90358
DOC108,108,ANDHRA PRADESH,24/08/2026,L-15060/06/2026-RE-VII/Sl.No.1(SPARSH-60),WAGE_DAILY_SANCTION,NEFMS_WAGE_DAILY,https://mnregaweb4.nic.in/RMS/WriteReadData/SancAttachments/VBGRAMG/L-15060$06$2026-RE-VII$SlNo1(SPARSH-60).pdf,311.9725,9.27131,0,321.24381
DOC109,109,ANDHRA PRADESH,24/08/2026,L-15060/06/2026-RE-VII/Sl.No.1(SPARSH-59),WAGE_DAILY_SANCTION,NEFMS_WAGE_DAILY,https://mnregaweb4.nic.in/RMS/WriteReadData/SancAttachments/VBGRAMG/L-15060$06$2026-RE-VII$SlNo1(SPARSH-59).pdf,0,0,487.59289,487.59289
DOC110,110,ANDHRA PRADESH,19/08/2026,L-15060/06/2026-RE-VII/Sl.No.1(SPARSH-58),WAGE_DAILY_SANCTION,NEFMS_WAGE_DAILY,https://mnregaweb4.nic.in/RMS/WriteReadData/SancAttachments/VBGRAMG/L-15060$06$2026-RE-VII$SlNo1(SPARSH-58).pdf,0,0,314.4587,314.4587
DOC111,111,ANDHRA PRADESH,19/08/2026,L-15060/06/2026-RE-VII/Sl.No.1(SPARSH-57),WAGE_DAILY_SANCTION,NEFMS_WAGE_DAILY,https://mnregaweb4.nic.in/RMS/WriteReadData/SancAttachments/VBGRAMG/L-15060$06$2026-RE-VII$SlNo1(SPARSH-57).pdf,0,0,316.86394,316.86394
DOC112,112,ANDHRA PRADESH,19/08/2026,L-15060/06/2026-RE-VII/Sl.No.1(SPARSH-56),WAGE_DAILY_SANCTION,NEFMS_WAGE_DAILY,https://mnregaweb4.nic.in/RMS/WriteReadData/SancAttachments/VBGRAMG/L-15060$06$2026-RE-VII$SlNo1(SPARSH-56).pdf,1.82384,37.47142,324.21995,363.51521
DOC113,113,ANDHRA PRADESH,19/08/2026,L-15060/06/2026-RE-VII/Sl.No.1(SPARSH-55),WAGE_DAILY_SANCTION,NEFMS_WAGE_DAILY,https://mnregaweb4.nic.in/RMS/WriteReadData/SancAttachments/VBGRAMG/L-15060$06$2026-RE-VII$SlNo1(SPARSH-55).pdf,173.31142,0,2.75829,176.06971
DOC114,114,ANDHRA PRADESH,19/08/2026,L-15060/06/2026-RE-VII/Sl.No.1(SPARSH-54),WAGE_DAILY_SANCTION,NEFMS_WAGE_DAILY,https://mnregaweb4.nic.in/RMS/WriteReadData/SancAttachments/VBGRAMG/L-15060$06$2026-RE-VII$SlNo1(SPARSH-54).pdf,66.43115,0,254.87082,321.30197
DOC115,115,ANDHRA PRADESH,19/08/2026,L-15060/06/2026-RE-VII/Sl.No.1(SPARSH-53),WAGE_DAILY_SANCTION,NEFMS_WAGE_DAILY,https://mnregaweb4.nic.in/RMS/WriteReadData/SancAttachments/VBGRAMG/L-15060$06$2026-RE-VII$SlNo1(SPARSH-53).pdf,150.08135,0,183.37375,333.4551
DOC116,116,ANDHRA PRADESH,18/08/2026,L-15060/06/2026-RE-VII/Sl.No.1(SPARSH-52),WAGE_DAILY_SANCTION,NEFMS_WAGE_DAILY,https://mnregaweb4.nic.in/RMS/WriteReadData/SancAttachments/VBGRAMG/L-15060$06$2026-RE-VII$SlNo1(SPARSH-52).pdf,72.56545,0,272.3,344.86545
DOC117,117,ANDHRA PRADESH,18/08/2026,L-15060/06/2026-RE-VII/Sl.No.1(SPARSH-51),WAGE_DAILY_SANCTION,NEFMS_WAGE_DAILY,https://mnregaweb4.nic.in/RMS/WriteReadData/SancAttachments/VBGRAMG/L-15060$06$2026-RE-VII$SlNo1(SPARSH-51).pdf,50.46113,56.59742,180.41555,287.4741
DOC118,118,ANDHRA PRADESH,18/08/2026,L-15060/06/2026-RE-VII/Sl.No.1(SPARSH-50),WAGE_DAILY_SANCTION,NEFMS_WAGE_DAILY,https://mnregaweb4.nic.in/RMS/WriteReadData/SancAttachments/VBGRAMG/L-15060$06$2026-RE-VII$SlNo1(SPARSH-50).pdf,92.22244,33.58167,159.90981,285.71392
DOC119,119,ANDHRA PRADESH,18/08/2026,L-15060/06/2026-RE-VII/Sl.No.1(SPARSH-49),WAGE_DAILY_SANCTION,NEFMS_WAGE_DAILY,https://mnregaweb4.nic.in/RMS/WriteReadData/SancAttachments/VBGRAMG/L-15060$06$2026-RE-VII$SlNo1(SPARSH-49).pdf,2.74857,54.30492,281.56363,338.61712
DOC120,120,ANDHRA PRADESH,18/08/2026,L-15060/06/2026-RE-VII/Sl.No.1(SPARSH-48),WAGE_DAILY_SANCTION,NEFMS_WAGE_DAILY,https://mnregaweb4.nic.in/RMS/WriteReadData/SancAttachments/VBGRAMG/L-15060$06$2026-RE-VII$SlNo1(SPARSH-48).pdf,73.23056,0,238.12957,311.36013
DOC121,121,ANDHRA PRADESH,18/08/2026,L-15060/06/2026-RE-VII/Sl.No.1(SPARSH-47),WAGE_DAILY_SANCTION,NEFMS_WAGE_DAILY,https://mnregaweb4.nic.in/RMS/WriteReadData/SancAttachments/VBGRAMG/L-15060$06$2026-RE-VII$SlNo1(SPARSH-47).pdf,67.29589,0,284.80628,352.10217
DOC122,122,ANDHRA PRADESH,18/08/2026,L-15060/06/2026-RE-VII/Sl.No.1(SPARSH-46),WAGE_DAILY_SANCTION,NEFMS_WAGE_DAILY,https://mnregaweb4.nic.in/RMS/WriteReadData/SancAttachments/VBGRAMG/L-15060$06$2026-RE-VII$SlNo1(SPARSH-46).pdf,63.63226,0,269.40581,333.03807
DOC123,123,ANDHRA PRADESH,18/08/2026,L-15060/06/2026-RE-VII/Sl.No.1(SPARSH-45),WAGE_DAILY_SANCTION,NEFMS_WAGE_DAILY,https://mnregaweb4.nic.in/RMS/WriteReadData/SancAttachments/VBGRAMG/L-15060$06$2026-RE-VII$SlNo1(SPARSH-45).pdf,235.8081,0,133.19351,369.00161
DOC124,124,ANDHRA PRADESH,18/08/2026,L-15060/06/2026-RE-VII/Sl.No.1(SPARSH-44),WAGE_DAILY_SANCTION,NEFMS_WAGE_DAILY,https://mnregaweb4.nic.in/RMS/WriteReadData/SancAttachments/VBGRAMG/L-15060$06$2026-RE-VII$SlNo1(SPARSH-44).pdf,0,0,297.31976,297.31976
DOC125,125,ANDHRA PRADESH,18/08/2026,L-15060/06/2026-RE-VII/Sl.No.1(SPARSH-43),WAGE_DAILY_SANCTION,NEFMS_WAGE_DAILY,https://mnregaweb4.nic.in/RMS/WriteReadData/SancAttachments/VBGRAMG/L-15060$06$2026-RE-VII$SlNo1(SPARSH-43).pdf,17.21529,97.93945,0,115.15474
DOC126,126,ANDHRA PRADESH,18/08/2026,L-15060/06/2026-RE-VII/Sl.No.1(SPARSH-42),WAGE_DAILY_SANCTION,NEFMS_WAGE_DAILY,https://mnregaweb4.nic.in/RMS/WriteReadData/SancAttachments/VBGRAMG/L-15060$06$2026-RE-VII$SlNo1(SPARSH-42).pdf,66.0997,0,0,66.0997
DOC127,127,ANDHRA PRADESH,17/08/2026,L-15060/06/2026-RE-VII/Sl.No.1(SPARSH-41),WAGE_DAILY_SANCTION,NEFMS_WAGE_DAILY,https://mnregaweb4.nic.in/RMS/WriteReadData/SancAttachments/VBGRAMG/L-15060$06$2026-RE-VII$SlNo1(SPARSH-41).pdf,0,0,293.55031,293.55031
DOC128,128,ANDHRA PRADESH,17/08/2026,L-15060/06/2026-RE-VII/Sl.No.1(SPARSH-40),WAGE_DAILY_SANCTION,NEFMS_WAGE_DAILY,https://mnregaweb4.nic.in/RMS/WriteReadData/SancAttachments/VBGRAMG/L-15060$06$2026-RE-VII$SlNo1(SPARSH-40).pdf,136.8922,0,226.00226,362.89446
DOC129,129,ANDHRA PRADESH,12/08/2026,L-15060/06/2026-RE-VII/Sl.No.1(SPARSH-39),WAGE_DAILY_SANCTION,NEFMS_WAGE_DAILY,https://mnregaweb4.nic.in/RMS/WriteReadData/SancAttachments/VBGRAMG/L-15060$06$2026-RE-VII$SlNo1(SPARSH-39).pdf,62.38588,0,0,62.38588
DOC130,130,ANDHRA PRADESH,12/08/2026,L-15060/06/2026-RE-VII/Sl.No.1(SPARSH-38),WAGE_DAILY_SANCTION,NEFMS_WAGE_DAILY,https://mnregaweb4.nic.in/RMS/WriteReadData/SancAttachments/VBGRAMG/L-15060$06$2026-RE-VII$SlNo1(SPARSH-38).pdf,95.37994,0,0,95.37994
DOC131,131,ANDHRA PRADESH,12/08/2026,L-15060/06/2026-RE-VII/Sl.No.1(SPARSH-37),WAGE_DAILY_SANCTION,NEFMS_WAGE_DAILY,https://mnregaweb4.nic.in/RMS/WriteReadData/SancAttachments/VBGRAMG/L-15060$06$2026-RE-VII$SlNo1(SPARSH-37).pdf,15.62561,231.0586,0,246.68421
DOC132,132,ANDHRA PRADESH,12/08/2026,L-15060/06/2026-RE-VII/Sl.No.1(SPARSH-36),WAGE_DAILY_SANCTION,NEFMS_WAGE_DAILY,https://mnregaweb4.nic.in/RMS/WriteReadData/SancAttachments/VBGRAMG/L-15060$06$2026-RE-VII$SlNo1(SPARSH-36).pdf,147.86148,153.07687,0,300.93835
DOC133,133,ANDHRA PRADESH,12/08/2026,L-15060/06/2026-RE-VII/Sl.No.1(SPARSH-35),WAGE_DAILY_SANCTION,NEFMS_WAGE_DAILY,https://mnregaweb4.nic.in/RMS/WriteReadData/SancAttachments/VBGRAMG/L-15060$06$2026-RE-VII$SlNo1(SPARSH-35).pdf,76.15096,232.06752,0,308.21848
DOC134,134,ANDHRA PRADESH,10/08/2026,L-15060/06/2026-RE-VII/Sl.No.1(SPARSH-34),WAGE_DAILY_SANCTION,NEFMS_WAGE_DAILY,https://mnregaweb4.nic.in/RMS/WriteReadData/SancAttachments/VBGRAMG/L-15060$06$2026-RE-VII$SlNo1(SPARSH-34).pdf,25.79631,16.0519,199.83899,241.6872
DOC135,135,ANDHRA PRADESH,10/08/2026,L-15060/06/2026-RE-VII/Sl.No.1(SPARSH-33),WAGE_DAILY_SANCTION,NEFMS_WAGE_DAILY,https://mnregaweb4.nic.in/RMS/WriteReadData/SancAttachments/VBGRAMG/L-15060$06$2026-RE-VII$SlNo1(SPARSH-33).pdf,66.15096,18.12125,74.42695,158.69916
DOC136,136,ANDHRA PRADESH,06/08/2026,L-15060/06/2026-RE-VII/Sl.No.1(SPARSH-32),WAGE_DAILY_SANCTION,NEFMS_WAGE_DAILY,https://mnregaweb4.nic.in/RMS/WriteReadData/SancAttachments/VBGRAMG/L-15060$06$2026-RE-VII$SlNo1(SPARSH-32).pdf,70.5611,14.35263,137.65654,222.57027
DOC137,137,ANDHRA PRADESH,05/08/2026,L-15060/06/2026-RE-VII/Sl.No.1(SPARSH-31),WAGE_DAILY_SANCTION,NEFMS_WAGE_DAILY,https://mnregaweb4.nic.in/RMS/WriteReadData/SancAttachments/VBGRAMG/L-15060$06$2026-RE-VII$SlNo1(SPARSH-31).pdf,65.06356,0,67.26181,132.32537
DOC138,138,ANDHRA PRADESH,04/08/2026,L-15060/06/2026-RE-VII/Sl.No.1(SPARSH-30),WAGE_DAILY_SANCTION,NEFMS_WAGE_DAILY,https://mnregaweb4.nic.in/RMS/WriteReadData/SancAttachments/VBGRAMG/L-15060$06$2026-RE-VII$SlNo1(SPARSH-30).pdf,0,0,49.27528,49.27528
DOC139,139,ANDHRA PRADESH,04/08/2026,L-15060/06/2026-RE-VII/Sl.No.1(SPARSH-29),WAGE_DAILY_SANCTION,NEFMS_WAGE_DAILY,https://mnregaweb4.nic.in/RMS/WriteReadData/SancAttachments/VBGRAMG/L-15060$06$2026-RE-VII$SlNo1(SPARSH-29).pdf,30.18449,90.89593,163.42868,284.5091
DOC140,140,ANDHRA PRADESH,04/08/2026,L-15060/06/2026-RE-VII/Sl.No.1(SPARSH-28),WAGE_DAILY_SANCTION,NEFMS_WAGE_DAILY,https://mnregaweb4.nic.in/RMS/WriteReadData/SancAttachments/VBGRAMG/L-15060$06$2026-RE-VII$SlNo1(SPARSH-28).pdf,0,17.44785,137.69849,155.14634
DOC141,141,ANDHRA PRADESH,04/08/2026,L-15060/06/2026-RE-VII/Sl.No.1(SPARSH-27),WAGE_DAILY_SANCTION,NEFMS_WAGE_DAILY,https://mnregaweb4.nic.in/RMS/WriteReadData/SancAttachments/VBGRAMG/L-15060$06$2026-RE-VII$SlNo1(SPARSH-27).pdf,153.66332,0,192.40242,346.06574
DOC142,142,ANDHRA PRADESH,04/08/2026,L-15060/06/2026-RE-VII/Sl.No.1(SPARSH-26),WAGE_DAILY_SANCTION,NEFMS_WAGE_DAILY,https://mnregaweb4.nic.in/RMS/WriteReadData/SancAttachments/VBGRAMG/L-15060$06$2026-RE-VII$SlNo1(SPARSH-26).pdf,17.80846,0,81.82254,99.631
DOC143,143,ANDHRA PRADESH,04/08/2026,L-15060/06/2026-RE-VII/Sl.No.1(SPARSH-25),WAGE_DAILY_SANCTION,NEFMS_WAGE_DAILY,https://mnregaweb4.nic.in/RMS/WriteReadData/SancAttachments/VBGRAMG/L-15060$06$2026-RE-VII$SlNo1(SPARSH-25).pdf,57.40376,36.80917,186.99988,281.21281
DOC144,144,ANDHRA PRADESH,03/08/2026,L-15060/06/2026-RE-VII/Sl.No.1(SPARSH-24),WAGE_DAILY_SANCTION,NEFMS_WAGE_DAILY,https://mnregaweb4.nic.in/RMS/WriteReadData/SancAttachments/VBGRAMG/L-15060$06$2026-RE-VII$SlNo1(SPARSH-24).pdf,0,0,306.05824,306.05824
DOC145,145,ANDHRA PRADESH,03/08/2026,L-15060/06/2026-RE-VII/Sl.No.1(SPARSH-23),WAGE_DAILY_SANCTION,NEFMS_WAGE_DAILY,https://mnregaweb4.nic.in/RMS/WriteReadData/SancAttachments/VBGRAMG/L-15060$06$2026-RE-VII$SlNo1(SPARSH-23).pdf,152.98564,0,211.50765,364.49329
DOC146,146,ANDHRA PRADESH,03/08/2026,L-15060/06/2026-RE-VII/Sl.No.1(SPARSH-22),WAGE_DAILY_SANCTION,NEFMS_WAGE_DAILY,https://mnregaweb4.nic.in/RMS/WriteReadData/SancAttachments/VBGRAMG/L-15060$06$2026-RE-VII$SlNo1(SPARSH-22).pdf,144.70869,0,205.47361,350.1823
DOC147,147,ANDHRA PRADESH,03/08/2026,L-15060/06/2026-RE-VII/Sl.No.1(SPARSH-21),WAGE_DAILY_SANCTION,NEFMS_WAGE_DAILY,https://mnregaweb4.nic.in/RMS/WriteReadData/SancAttachments/VBGRAMG/L-15060$06$2026-RE-VII$SlNo1(SPARSH-21).pdf,63.11236,0,230.65029,293.76265
DOC148,148,ANDHRA PRADESH,03/08/2026,L-15060/06/2026-RE-VII/Sl.No.1(SPARSH-20),WAGE_DAILY_SANCTION,NEFMS_WAGE_DAILY,https://mnregaweb4.nic.in/RMS/WriteReadData/SancAttachments/VBGRAMG/L-15060$06$2026-RE-VII$SlNo1(SPARSH-20).pdf,65.56752,0,258.37076,323.93828
DOC149,149,ANDHRA PRADESH,03/08/2026,L-15060/06/2026-RE-VII/Sl.No.1(SPARSH-19),WAGE_DAILY_SANCTION,NEFMS_WAGE_DAILY,https://mnregaweb4.nic.in/RMS/WriteReadData/SancAttachments/VBGRAMG/L-15060$06$2026-RE-VII$SlNo1(SPARSH-19).pdf,67.0981,71.25107,45.69493,184.0441
DOC150,150,ANDHRA PRADESH,03/08/2026,L-15060/06/2026-RE-VII/Sl.No.1(SPARSH-18),WAGE_DAILY_SANCTION,NEFMS_WAGE_DAILY,https://mnregaweb4.nic.in/RMS/WriteReadData/SancAttachments/VBGRAMG/L-15060$06$2026-RE-VII$SlNo1(SPARSH-18).pdf,58.85805,68.57441,215.32688,342.75934
DOC151,151,ANDHRA PRADESH,03/08/2026,L-15060/06/2026-RE-VII/Sl.No.1(SPARSH-17),WAGE_DAILY_SANCTION,NEFMS_WAGE_DAILY,https://mnregaweb4.nic.in/RMS/WriteReadData/SancAttachments/VBGRAMG/L-15060$06$2026-RE-VII$SlNo1(SPARSH-17).pdf,59.2083,82.40699,209.95555,351.57084
DOC152,152,ANDHRA PRADESH,03/08/2026,L-15060/06/2026-RE-VII/Sl.No.1(SPARSH-16),WAGE_DAILY_SANCTION,NEFMS_WAGE_DAILY,https://mnregaweb4.nic.in/RMS/WriteReadData/SancAttachments/VBGRAMG/L-15060$06$2026-RE-VII$SlNo1(SPARSH-16).pdf,62.0201,81.74748,208.02703,351.79461
DOC153,153,ANDHRA PRADESH,03/08/2026,L-15060/06/2026-RE-VII/Sl.No.1(SPARSH-15),WAGE_DAILY_SANCTION,NEFMS_WAGE_DAILY,https://mnregaweb4.nic.in/RMS/WriteReadData/SancAttachments/VBGRAMG/L-15060$06$2026-RE-VII$SlNo1(SPARSH-15).pdf,134.72986,72.51503,144.05429,351.29918
DOC154,154,ANDHRA PRADESH,03/08/2026,L-15060/06/2026-RE-VII/Sl.No.1(SPARSH-14),WAGE_DAILY_SANCTION,NEFMS_WAGE_DAILY,https://mnregaweb4.nic.in/RMS/WriteReadData/SancAttachments/VBGRAMG/L-15060$06$2026-RE-VII$SlNo1(SPARSH-14).pdf,73.0617,0,271.8055,344.8672
DOC155,155,ANDHRA PRADESH,03/08/2026,L-15060/06/2026-RE-VII/Sl.No.1(SPARSH-13),WAGE_DAILY_SANCTION,NEFMS_WAGE_DAILY,https://mnregaweb4.nic.in/RMS/WriteReadData/SancAttachments/VBGRAMG/L-15060$06$2026-RE-VII$SlNo1(SPARSH-13).pdf,59.21192,0,0,59.21192
DOC156,156,ANDHRA PRADESH,03/08/2026,L-15060/06/2026-RE-VII/Sl.No.1(SPARSH-12),WAGE_DAILY_SANCTION,NEFMS_WAGE_DAILY,https://mnregaweb4.nic.in/RMS/WriteReadData/SancAttachments/VBGRAMG/L-15060$06$2026-RE-VII$SlNo1(SPARSH-12).pdf,4.139,21.68855,0.61039,26.43794
DOC157,157,ANDHRA PRADESH,03/08/2026,L-15060/06/2026-RE-VII/Sl.No.1(SPARSH-11),WAGE_DAILY_SANCTION,NEFMS_WAGE_DAILY,https://mnregaweb4.nic.in/RMS/WriteReadData/SancAttachments/VBGRAMG/L-15060$06$2026-RE-VII$SlNo1(SPARSH-11).pdf,52.34941,0,261.11076,313.46017
DOC158,158,ANDHRA PRADESH,03/08/2026,L-15060/06/2026-RE-VII/Sl.No.1(SPARSH-10),WAGE_DAILY_SANCTION,NEFMS_WAGE_DAILY,https://mnregaweb4.nic.in/RMS/WriteReadData/SancAttachments/VBGRAMG/L-15060$06$2026-RE-VII$SlNo1(SPARSH-10).pdf,77.70107,116.38192,89.91301,283.996
DOC159,159,ANDHRA PRADESH,03/08/2026,L-15060/06/2026-RE-VII/Sl.No.1(SPARSH-09),WAGE_DAILY_SANCTION,NEFMS_WAGE_DAILY,https://mnregaweb4.nic.in/RMS/WriteReadData/SancAttachments/VBGRAMG/L-15060$06$2026-RE-VII$SlNo1(SPARSH-09).pdf,73.27706,0,227.56686,300.84392
DOC160,160,ANDHRA PRADESH,03/08/2026,L-15060/06/2026-RE-VII/Sl.No.1(SPARSH-08),WAGE_DAILY_SANCTION,NEFMS_WAGE_DAILY,https://mnregaweb4.nic.in/RMS/WriteReadData/SancAttachments/VBGRAMG/L-15060$06$2026-RE-VII$SlNo1(SPARSH-08).pdf,0,0,742.33763,742.33763
DOC161,161,ANDHRA PRADESH,31/07/2026,L-15060/06/2026-RE-VII/Sl.No.01(SPARSH-07),WAGE_DAILY_SANCTION,NEFMS_WAGE_DAILY,https://mnregaweb4.nic.in/RMS/WriteReadData/SancAttachments/VBGRAMG/L-15060$06$2026-RE-VII$SlNo01(SPARSH-07).pdf,0,12.63998,39.90332,52.5433
DOC162,162,ANDHRA PRADESH,31/07/2026,L-15060/06/2026-RE-VII/Sl.no.01(SPARSH-06),WAGE_DAILY_SANCTION,NEFMS_WAGE_DAILY,https://mnregaweb4.nic.in/RMS/WriteReadData/SancAttachments/VBGRAMG/L-15060$06$2026-RE-VII$Slno01(SPARSH-06).pdf,0,0,80.68836,80.68836
DOC163,163,ANDHRA PRADESH,30/07/2026,L-15060/06/2026-RE-VII/Sl.No.1(SPARSH-05),WAGE_DAILY_SANCTION,NEFMS_WAGE_DAILY,https://mnregaweb4.nic.in/RMS/WriteReadData/SancAttachments/VBGRAMG/L-15060$06$2026-RE-VII$SlNo1(SPARSH-05).pdf,0,0,281.67592,281.67592
DOC164,164,ANDHRA PRADESH,30/07/2026,L-15060/06/2026-RE-VII/Sl.No.1(SPARSH-03),WAGE_DAILY_SANCTION,NEFMS_WAGE_DAILY,https://mnregaweb4.nic.in/RMS/WriteReadData/SancAttachments/VBGRAMG/L-15060$06$2026-RE-VII$SlNo1(SPARSH-03).pdf,0,0,63.04345,63.04345
DOC165,165,ANDHRA PRADESH,30/07/2026,L-15060/06/2026-RE-VII/Sl.No.1 (SPARSH-02),WAGE_DAILY_SANCTION,NEFMS_WAGE_DAILY,https://mnregaweb4.nic.in/RMS/WriteReadData/SancAttachments/VBGRAMG/L-15060$06$2026-RE-VII$SlNo1(SPARSH-02).pdf,0,0,82.34558,82.34558
DOC166,166,ANDHRA PRADESH,30/07/2026,L-15060/06/2026-RE-VII/Sl.No.01(SPARSH-04),WAGE_DAILY_SANCTION,NEFMS_WAGE_DAILY,https://mnregaweb4.nic.in/RMS/WriteReadData/SancAttachments/VBGRAMG/L-15060$06$2026-RE-VII$SlNo01(SPARSH-04).pdf,151.08395,0,196.85485,347.9388
DOC167,167,ANDHRA PRADESH,16/07/2026,558/Finance/2026- 27 (Andhra Pradesh Wage)-241739 (DBT-SPARSH-01),WAGE_DAILY_SANCTION,NEFMS_WAGE_DAILY,https://mnregaweb4.nic.in/RMS/WriteReadData/SancAttachments/VBGRAMG/558$Finance$2026-27(AndhraPradeshWage)-241739(DBT-SPARSH-01).pdf,0,0,0.3452,0.3452
DOC168,168,ARUNACHAL PRADESH,21/08/2026,G-31011/20/2026-RE-V (396999)-RE-V Sl No-2 (3)(27840),WAGE_DAILY_SANCTION,NEFMS_WAGE_DAILY,https://mnregaweb4.nic.in/RMS/WriteReadData/SancAttachments/VBGRAMG/G-31011$20$2026-RE-V(396999)-RE-VSlNo-2(3)(27840).pdf,0,6.2289,0,6.2289
DOC169,169,ARUNACHAL PRADESH,20/08/2026,G-31011/20/2026-RE-V (396999)-RE-V Sl No-2 (3)(27699),WAGE_DAILY_SANCTION,NEFMS_WAGE_DAILY,https://mnregaweb4.nic.in/RMS/WriteReadData/SancAttachments/VBGRAMG/G-31011$20$2026-RE-V(396999)-RE-VSlNo-2(3)(27699).pdf,0,25.5096,0,25.5096
DOC170,170,ARUNACHAL PRADESH,17/08/2026,G-31011/20/2026-RE-V (396999)-RE-V Sl No-2 (2)(27284),WAGE_DAILY_SANCTION,NEFMS_WAGE_DAILY,https://mnregaweb4.nic.in/RMS/WriteReadData/SancAttachments/VBGRAMG/G-31011$20$2026-RE-V(396999)-RE-VSlNo-2(2)(27284).pdf,0,2.9781,0,2.9781
DOC171,171,ARUNACHAL PRADESH,29/07/2026,G-31011/20/2026-RE-V (396999)-RE-V Sl No-2 (1) (25544),WAGE_DAILY_SANCTION,NEFMS_WAGE_DAILY,https://mnregaweb4.nic.in/RMS/WriteReadData/SancAttachments/VBGRAMG/G-31011$20$2026-RE-V(396999)-RE-VSlNo-2(1)(25544).pdf,0,59.4567,0,59.4567
DOC172,172,ASSAM,05/08/2026,J-12011-01-2026-RE-VIII(395760)Sl-No-03 (261945) (DBTSPARSH-26),WAGE_DAILY_SANCTION,NEFMS_WAGE_DAILY,https://mnregaweb4.nic.in/RMS/WriteReadData/SancAttachments/VBGRAMG/J-12011-01-2026-RE-VIII(395760)Sl-No-03(261945)(DBTSPARSH-26).pdf,6.47051,0.783,36.32608,43.57959
DOC173,173,ASSAM,05/08/2026,J-12011-01-2026-RE-VIII(395760)Sl-No-03 (261821) (DBTSPARSH-27),WAGE_DAILY_SANCTION,NEFMS_WAGE_DAILY,https://mnregaweb4.nic.in/RMS/WriteReadData/SancAttachments/VBGRAMG/J-12011-01-2026-RE-VIII(395760)Sl-No-03(261821)(DBTSPARSH-27).pdf,12.72678,30.14724,282.44692,325.32094
DOC174,174,ASSAM,04/08/2026,J-12011-01-2026-RE-VIII(395760)Sl-No-03 (259880) (DBTSPARSH-24),WAGE_DAILY_SANCTION,NEFMS_WAGE_DAILY,https://mnregaweb4.nic.in/RMS/WriteReadData/SancAttachments/VBGRAMG/J-12011-01-2026-RE-VIII(395760)Sl-No-03(259880)(DBTSPARSH-24).pdf,0.30416,1.8587,29.06681,31.22967
DOC175,175,ASSAM,04/08/2026,J-12011-01-2026-RE-VIII(395760)Sl-No-03 (259815) (DBTSPARSH-25),WAGE_DAILY_SANCTION,NEFMS_WAGE_DAILY,https://mnregaweb4.nic.in/RMS/WriteReadData/SancAttachments/VBGRAMG/J-12011-01-2026-RE-VIII(395760)Sl-No-03(259815)(DBTSPARSH-25).pdf,1.15123,14.30655,181.99469,197.45247
DOC176,176,ASSAM,03/08/2026,J-12011-01-2026-RE-VIII(395760)Sl-No-03 (259409) (DBTSPARSH-19),WAGE_DAILY_SANCTION,NEFMS_WAGE_DAILY,https://mnregaweb4.nic.in/RMS/WriteReadData/SancAttachments/VBGRAMG/J-12011-01-2026-RE-VIII(395760)Sl-No-03(259409)(DBTSPARSH-19).pdf,1.17702,13.11915,69.13799,83.43416
DOC177,177,ASSAM,03/08/2026,J-12011-01-2026-RE-VIII(395760)Sl-No-03 (259260) (DBTSPARSH-20),WAGE_DAILY_SANCTION,NEFMS_WAGE_DAILY,https://mnregaweb4.nic.in/RMS/WriteReadData/SancAttachments/VBGRAMG/J-12011-01-2026-RE-VIII(395760)Sl-No-03(259260)(DBTSPARSH-20).pdf,13.53665,10.24691,377.66498,401.44854
DOC178,178,ASSAM,03/08/2026,J-12011-01-2026-RE-VIII(395760)Sl-No-03 (259037) (DBTSPARSH-21),WAGE_DAILY_SANCTION,NEFMS_WAGE_DAILY,https://mnregaweb4.nic.in/RMS/WriteReadData/SancAttachments/VBGRAMG/J-12011-01-2026-RE-VIII(395760)Sl-No-03(259037)(DBTSPARSH-21).pdf,3.22997,2.74021,74.05517,80.02535
DOC179,179,ASSAM,03/08/2026,J-12011-01-2026-RE-VIII(395760)Sl-No-03 (258836) (DBTSPARSH-22),WAGE_DAILY_SANCTION,NEFMS_WAGE_DAILY,https://mnregaweb4.nic.in/RMS/WriteReadData/SancAttachments/VBGRAMG/J-12011-01-2026-RE-VIII(395760)Sl-No-03(258836)(DBTSPARSH-22).pdf,0.19822,6.33022,50.26799,56.79643
DOC180,180,ASSAM,03/08/2026,J-12011-01-2026-RE-VIII(395760)Sl-No-03 (258145) (DBTSPARSH-23),WAGE_DAILY_SANCTION,NEFMS_WAGE_DAILY,https://mnregaweb4.nic.in/RMS/WriteReadData/SancAttachments/VBGRAMG/J-12011-01-2026-RE-VIII(395760)Sl-No-03(258145)(DBTSPARSH-23).pdf,0.32627,11.03254,58.15859,69.5174
DOC181,181,ASSAM,29/07/2026,J-12011-01-2026-RE-VIII(395760)Sl-No-03 (255108) (DBTSPARSH-18),WAGE_DAILY_SANCTION,NEFMS_WAGE_DAILY,https://mnregaweb4.nic.in/RMS/WriteReadData/SancAttachments/VBGRAMG/J-12011-01-2026-RE-VIII(395760)Sl-No-03(255108)(DBTSPARSH-18).pdf,9.02513,22.52108,216.99576,248.54197
DOC182,182,ASSAM,28/07/2026,J-12011-01-2026-RE-VIII(395760)Sl-No-03 (253509) (DBTSPARSH-15),WAGE_DAILY_SANCTION,NEFMS_WAGE_DAILY,https://mnregaweb4.nic.in/RMS/WriteReadData/SancAttachments/VBGRAMG/J-12011-01-2026-RE-VIII(395760)Sl-No-03(253509)(DBTSPARSH-15).pdf,3.12671,9.36952,135.88239,148.37862
DOC183,183,ASSAM,28/07/2026,J-12011-01-2026-RE-VIII(395760)Sl-No-03 (253030) (DBTSPARSH-16),WAGE_DAILY_SANCTION,NEFMS_WAGE_DAILY,https://mnregaweb4.nic.in/RMS/WriteReadData/SancAttachments/VBGRAMG/J-12011-01-2026-RE-VIII(395760)Sl-No-03(253030)(DBTSPARSH-16).pdf,6.63925,9.4187,87.41926,103.47721
DOC184,184,ASSAM,28/07/2026,J-12011-01-2026-RE-VIII(395760)Sl-No-03 (253010) (DBTSPARSH-17),WAGE_DAILY_SANCTION,NEFMS_WAGE_DAILY,https://mnregaweb4.nic.in/RMS/WriteReadData/SancAttachments/VBGRAMG/J-12011-01-2026-RE-VIII(395760)Sl-No-03(253010)(DBTSPARSH-17).pdf,0.86454,5.66352,24.14297,30.67103
DOC185,185,ASSAM,23/07/2026,J-12011/01/2026/RE-VIII(395760)Sl-No-03 (248042) (DBTSPARSH-14),WAGE_DAILY_SANCTION,NEFMS_WAGE_DAILY,https://mnregaweb4.nic.in/RMS/WriteReadData/SancAttachments/VBGRAMG/J-12011$01$2026$RE-VIII(395760)Sl-No-03(248042)(DBTSPARSH-14).pdf,1.5054,1.38271,100.81414,103.70225
DOC186,186,ASSAM,22/07/2026,J-12011/01/2026/RE-VIII(395760)Sl-No-03 (246569) (DBTSPARSH-13),WAGE_DAILY_SANCTION,NEFMS_WAGE_DAILY,https://mnregaweb4.nic.in/RMS/WriteReadData/SancAttachments/VBGRAMG/J-12011$01$2026$RE-VIII(395760)Sl-No-03(246569)(DBTSPARSH-13).pdf,0.92828,3.53238,2.84688,7.30754
DOC187,187,ASSAM,20/07/2026,J-12011012026RE-VIII(395760)Sl.No.03 (07),WAGE_DAILY_SANCTION,NEFMS_WAGE_DAILY,https://mnregaweb4.nic.in/RMS/WriteReadData/SancAttachments/VBGRAMG/J-12011012026RE-VIII(395760)SlNo03(07).pdf,0.63749,3.25875,37.42601,41.32225
DOC188,188,ASSAM,20/07/2026,J-12011/01/2026/RE-VIII(395760)Sl-No-03 (246833) (DBTSPARSH-12),WAGE_DAILY_SANCTION,NEFMS_WAGE_DAILY,https://mnregaweb4.nic.in/RMS/WriteReadData/SancAttachments/VBGRAMG/J-12011$01$2026$RE-VIII(395760)Sl-No-03(246833)(DBTSPARSH-12).pdf,5.24576,7.73195,121.02502,134.00273
DOC189,189,ASSAM,20/07/2026,J-12011/01/2026/RE-VIII(395760)Sl-No-03 (246616) (DBTSPARSH-11),WAGE_DAILY_SANCTION,NEFMS_WAGE_DAILY,https://mnregaweb4.nic.in/RMS/WriteReadData/SancAttachments/VBGRAMG/J-12011$01$2026$RE-VIII(395760)Sl-No-03(246616)(DBTSPARSH-11).pdf,0,0,0.73616,0.73616
DOC190,190,ASSAM,20/07/2026,J-12011/01/2026/RE-VIII(395760)Sl-No-03 (243652) (DBTSPARSH-09),WAGE_DAILY_SANCTION,NEFMS_WAGE_DAILY,https://mnregaweb4.nic.in/RMS/WriteReadData/SancAttachments/VBGRAMG/J-12011$01$2026$RE-VIII(395760)Sl-No-03(243652)(DBTSPARSH-09).pdf,0.58001,0.86279,18.96156,20.40436
DOC191,191,ASSAM,20/07/2026,J-12011/01/2026/RE-VIII(395760)Sl-No-03 (242876) (DBTSPARSH-10),WAGE_DAILY_SANCTION,NEFMS_WAGE_DAILY,https://mnregaweb4.nic.in/RMS/WriteReadData/SancAttachments/VBGRAMG/J-12011$01$2026$RE-VIII(395760)Sl-No-03(242876)(DBTSPARSH-10).pdf,0.1026,0.1701,1.02744,1.30014
DOC192,192,ASSAM,20/07/2026,J-12011-01-2026-RE-VIII(395760)Sl-No-03 (244043) (DBTSPARSH-08),WAGE_DAILY_SANCTION,NEFMS_WAGE_DAILY,https://mnregaweb4.nic.in/RMS/WriteReadData/SancAttachments/VBGRAMG/J-12011-01-2026-RE-VIII(395760)Sl-No-03(244043)(DBTSPARSH-08).pdf,4.76539,17.27719,128.86651,150.90909
DOC193,193,ASSAM,16/07/2026,560/Finance/2026 27 (Assam Wage)-241923 (DBT SPARSH-05),WAGE_DAILY_SANCTION,NEFMS_WAGE_DAILY,https://mnregaweb4.nic.in/RMS/WriteReadData/SancAttachments/VBGRAMG/560$Finance$202627(AssamWage)-241923(DBTSPARSH-05).pdf,0.05234,0.06051,1.59553,1.70838
DOC194,194,ASSAM,16/07/2026,560/Finance/2026 27 (Assam Wage)-241908 (DBT SPARSH-06),WAGE_DAILY_SANCTION,NEFMS_WAGE_DAILY,https://mnregaweb4.nic.in/RMS/WriteReadData/SancAttachments/VBGRAMG/560$Finance$202627(AssamWage)-241908(DBTSPARSH-06).pdf,0.1071,0.62684,5.65041,6.38435
DOC195,195,ASSAM,15/07/2026,560/Finance/2026 27 (Assam Wage)-240100 (DBT SPARSH-04),WAGE_DAILY_SANCTION,NEFMS_WAGE_DAILY,https://mnregaweb4.nic.in/RMS/WriteReadData/SancAttachments/VBGRAMG/560$Finance$202627(AssamWage)-240100(DBTSPARSH-04).pdf,0.03465,0.18884,5.80596,6.02945
DOC196,196,ASSAM,13/07/2026,560/Finance/2026 27 (Assam Wage)-239222 (DBT SPARSH-03),WAGE_DAILY_SANCTION,NEFMS_WAGE_DAILY,https://mnregaweb4.nic.in/RMS/WriteReadData/SancAttachments/VBGRAMG/560$Finance$202627(AssamWage)-239222(DBTSPARSH-03).pdf,0.1215,0.26519,4.22492,4.61161
DOC197,197,ASSAM,13/07/2026,560/Finance/2026 27 (Assam Wage)-239220 (DBT SPARSH-02),WAGE_DAILY_SANCTION,NEFMS_WAGE_DAILY,https://mnregaweb4.nic.in/RMS/WriteReadData/SancAttachments/VBGRAMG/560$Finance$202627(AssamWage)-239220(DBTSPARSH-02).pdf,0.06321,0.57904,3.60338,4.24563
DOC198,198,ASSAM,06/07/2026,J-1201 l/01 12026/RE-v ttt(395760)/Sl.No.03,WAGE_DAILY_SANCTION,NEFMS_WAGE_DAILY,https://mnregaweb4.nic.in/RMS/WriteReadData/SancAttachments/VBGRAMG/J-1201l$0112026$RE-vttt(395760)$SlNo03.pdf,0,0,0.1215,0.1215
DOC199,199,BIHAR,21/08/2026,G-31011/21/2026-RE-V (397000)-RE-V Sl No-4 (12)(279172),WAGE_DAILY_SANCTION,NEFMS_WAGE_DAILY,https://mnregaweb4.nic.in/RMS/WriteReadData/SancAttachments/VBGRAMG/G-31011$21$2026-RE-V%c2%a0(397000)-RE-VSlNo-4(12)(279172).pdf,10.45361,1.80945,75.83234,88.0954
DOC200,200,BIHAR,20/08/2026,G-31011/21/2026-RE-V (397000)-RE-V Sl No-4 (9)(276792),WAGE_DAILY_SANCTION,NEFMS_WAGE_DAILY,https://mnregaweb4.nic.in/RMS/WriteReadData/SancAttachments/VBGRAMG/G-31011$21$2026-RE-V%c2%a0(397000)-RE-VSlNo-4(9)(276792).pdf,3.81247,0.3834,32.35184,36.54771
DOC201,201,BIHAR,20/08/2026,G-31011/21/2026-RE-V (397000)-RE-V Sl No-4 (11)(277378),WAGE_DAILY_SANCTION,NEFMS_WAGE_DAILY,https://mnregaweb4.nic.in/RMS/WriteReadData/SancAttachments/VBGRAMG/G-31011$21$2026-RE-V%c2%a0(397000)-RE-VSlNo-4(11)(277378).pdf,39.67826,2.22102,186.29902,228.1983
DOC202,202,BIHAR,20/08/2026,G-31011/21/2026-RE-V (397000)-RE-V Sl No-4 (10)(276791),WAGE_DAILY_SANCTION,NEFMS_WAGE_DAILY,https://mnregaweb4.nic.in/RMS/WriteReadData/SancAttachments/VBGRAMG/G-31011$21$2026-RE-V%c2%a0(397000)-RE-VSlNo-4(10)(276791).pdf,25.32661,6.56256,193.15592,225.04509
DOC203,203,BIHAR,18/08/2026,G-31011/21/2026-RE-V (397000)-RE-V Sl No-4 (8)(274035),WAGE_DAILY_SANCTION,NEFMS_WAGE_DAILY,https://mnregaweb4.nic.in/RMS/WriteReadData/SancAttachments/VBGRAMG/G-31011$21$2026-RE-V%c2%a0(397000)-RE-VSlNo-4(8)(274035).pdf,52.50736,7.70929,356.2594,416.47605
DOC204,204,BIHAR,18/08/2026,G-31011/21/2026-RE-V (397000)-RE-V Sl No-4 (7)(274037),WAGE_DAILY_SANCTION,NEFMS_WAGE_DAILY,https://mnregaweb4.nic.in/RMS/WriteReadData/SancAttachments/VBGRAMG/G-31011$21$2026-RE-V%c2%a0(397000)-RE-VSlNo-4(7)(274037).pdf,0.0378,0.0234,0.2142,0.2754
DOC205,205,BIHAR,17/08/2026,G-31011/21/2026-RE-V (397000)-RE-V Sl No-4 (6) (272397),WAGE_DAILY_SANCTION,NEFMS_WAGE_DAILY,https://mnregaweb4.nic.in/RMS/WriteReadData/SancAttachments/VBGRAMG/G-31011$21$2026-RE-V%c2%a0(397000)-RE-VSlNo-4(6)(272397).pdf,47.67772,6.89058,340.53725,395.10555
DOC206,206,BIHAR,13/08/2026,G-31011/21/2026-RE-V (397000)-RE-V Sl No-4 (5) (270045),WAGE_DAILY_SANCTION,NEFMS_WAGE_DAILY,https://mnregaweb4.nic.in/RMS/WriteReadData/SancAttachments/VBGRAMG/G-31011$21$2026-RE-V%c2%a0(397000)-RE-VSlNo-4(5)(270045).pdf,13.07395,0.95817,125.41839,139.45051
DOC207,207,BIHAR,12/08/2026,G-31011/21/2026-RE-V (397000)-RE-V Sl No-4 (4)(270008),WAGE_DAILY_SANCTION,NEFMS_WAGE_DAILY,https://mnregaweb4.nic.in/RMS/WriteReadData/SancAttachments/VBGRAMG/G-31011$21$2026-RE-V%c2%a0(397000)-RE-VSlNo-4(4)(270008).pdf,10.03851,0.1872,71.87301,82.09872
DOC208,208,BIHAR,06/08/2026,G-31011/21/2026-RE-V (397000)-RE-V Sl No-4 (3) (263059),WAGE_DAILY_SANCTION,NEFMS_WAGE_DAILY,https://mnregaweb4.nic.in/RMS/WriteReadData/SancAttachments/VBGRAMG/G-31011$21$2026-RE-V%c2%a0(397000)-RE-VSlNo-4(3)(263059).pdf,0.2484,0.2376,10.32489,10.81089
DOC209,209,BIHAR,06/08/2026,G-31011/21/2026-RE-V (397000)-RE-V Sl No-4 (2) (263060),WAGE_DAILY_SANCTION,NEFMS_WAGE_DAILY,https://mnregaweb4.nic.in/RMS/WriteReadData/SancAttachments/VBGRAMG/G-31011$21$2026-RE-V%c2%a0(397000)-RE-VSlNo-4(2)(263060).pdf,2.8584,0.07632,67.62123,70.55595
DOC210,210,BIHAR,06/08/2026,G-31011/21/2026-RE-V (397000)-RE-V Sl No-4 (1) (262917),WAGE_DAILY_SANCTION,NEFMS_WAGE_DAILY,https://mnregaweb4.nic.in/RMS/WriteReadData/SancAttachments/VBGRAMG/G-31011$21$2026-RE-V(397000)-RE-VSlNo-4(1)(262917).pdf,2.02392,0.3006,25.40025,27.72477
DOC211,211,GUJARAT,21/08/2026,J-11060/20/2026-RE-III Sl.No.7 (SPARSH 19),WAGE_DAILY_SANCTION,NEFMS_WAGE_DAILY,https://mnregaweb4.nic.in/RMS/WriteReadData/SancAttachments/VBGRAMG/J-11060$20$2026-RE-IIISlNo7(SPARSH19).pdf,0,6.10232,7.88413,13.98645
DOC212,212,GUJARAT,20/08/2026,J-11060/20/2026-RE-III Sl.No.7 (SPARSH 18),WAGE_DAILY_SANCTION,NEFMS_WAGE_DAILY,https://mnregaweb4.nic.in/RMS/WriteReadData/SancAttachments/VBGRAMG/J-11060$20$2026-RE-IIISlNo7(SPARSH18).pdf,0.03271,0.26611,1.03435,1.33317
DOC213,213,GUJARAT,19/08/2026,J-11060/20/2026-RE-III Sl.No.7 (SPARSH 17),WAGE_DAILY_SANCTION,NEFMS_WAGE_DAILY,https://mnregaweb4.nic.in/RMS/WriteReadData/SancAttachments/VBGRAMG/J-11060$20$2026-RE-IIISlNo7(SPARSH17).pdf,0.0342,0.0419,0.66384,0.73994
DOC214,214,GUJARAT,19/08/2026,J-11060/20/2026-RE-III Sl.No.7 (SPARSH 16),WAGE_DAILY_SANCTION,NEFMS_WAGE_DAILY,https://mnregaweb4.nic.in/RMS/WriteReadData/SancAttachments/VBGRAMG/J-11060$20$2026-RE-IIISlNo7(SPARSH16).pdf,0,2.64384,0.10704,2.75088
DOC215,215,GUJARAT,17/08/2026,J-11060/20/2026-RE-III Sl.No. 7 (SPARSH 15),WAGE_DAILY_SANCTION,NEFMS_WAGE_DAILY,https://mnregaweb4.nic.in/RMS/WriteReadData/SancAttachments/VBGRAMG/J-11060$20$2026-RE-IIISlNo7(SPARSH15).pdf,1.22806,30.90607,3.24613,35.38026
DOC216,216,GUJARAT,14/08/2026,J-11060/20/2026-RE-III Sl.No.7 (SPARSH 14),WAGE_DAILY_SANCTION,NEFMS_WAGE_DAILY,https://mnregaweb4.nic.in/RMS/WriteReadData/SancAttachments/VBGRAMG/J-11060$20$2026-RE-IIISlNo7(SPARSH14).pdf,1.11427,8.44126,13.2602,22.81573
DOC217,217,GUJARAT,13/08/2026,J-11060/20/2026-RE-III Sl.No.7 (SPARSH 13),WAGE_DAILY_SANCTION,NEFMS_WAGE_DAILY,https://mnregaweb4.nic.in/RMS/WriteReadData/SancAttachments/VBGRAMG/J-11060$20$2026-RE-IIISlNo7(SPARSH13).pdf,9.46442,26.51279,20.48345,56.46066
DOC218,218,GUJARAT,12/08/2026,J-11060/20/2026-RE-III Sl.No.7 (SPARSH 12),WAGE_DAILY_SANCTION,NEFMS_WAGE_DAILY,https://mnregaweb4.nic.in/RMS/WriteReadData/SancAttachments/VBGRAMG/J-11060$20$2026-RE-IIISlNo7(SPARSH12).pdf,8.1489,11.94222,23.22859,43.31971
DOC219,219,GUJARAT,11/08/2026,J-11060/20/2026-RE-III Sl.No.7 (SPARSH 11),WAGE_DAILY_SANCTION,NEFMS_WAGE_DAILY,https://mnregaweb4.nic.in/RMS/WriteReadData/SancAttachments/VBGRAMG/J-11060$20$2026-RE-IIISlNo7(SPARSH11).pdf,12.19574,6.08651,27.56778,45.85003
DOC220,220,GUJARAT,10/08/2026,J-11060/20/2026-RE-III Sl.No.7 (SPARSH 10),WAGE_DAILY_SANCTION,NEFMS_WAGE_DAILY,https://mnregaweb4.nic.in/RMS/WriteReadData/SancAttachments/VBGRAMG/J-11060$20$2026-RE-IIISlNo7(SPARSH10).pdf,0.04147,4.79021,3.45691,8.28859
DOC221,221,GUJARAT,07/08/2026,J-11060/20/2026-RE-III Sl.No.7 (SPARSH 09),WAGE_DAILY_SANCTION,NEFMS_WAGE_DAILY,https://mnregaweb4.nic.in/RMS/WriteReadData/SancAttachments/VBGRAMG/J-11060$20$2026-RE-IIISlNo7(SPARSH09).pdf,0,0,0.34685,0.34685
DOC222,222,GUJARAT,07/08/2026,J-11060/20/2026-RE-III Sl.No.7 (SPARSH 08),WAGE_DAILY_SANCTION,NEFMS_WAGE_DAILY,https://mnregaweb4.nic.in/RMS/WriteReadData/SancAttachments/VBGRAMG/J-11060$20$2026-RE-IIISlNo7(SPARSH08).pdf,0.04174,0.07922,0.03077,0.15173
DOC223,223,GUJARAT,07/08/2026,J-11060/20/2026-RE-III Sl.No.7 (SPARSH 07),WAGE_DAILY_SANCTION,NEFMS_WAGE_DAILY,https://mnregaweb4.nic.in/RMS/WriteReadData/SancAttachments/VBGRAMG/J-11060$20$2026-RE-IIISlNo7(SPARSH07).pdf,0.273,1.6344,9.59956,11.50696
DOC224,224,GUJARAT,07/08/2026,J-11060/20/2026-RE-III Sl.No.7 (SPARSH 05),WAGE_DAILY_SANCTION,NEFMS_WAGE_DAILY,https://mnregaweb4.nic.in/RMS/WriteReadData/SancAttachments/VBGRAMG/J-11060$20$2026-RE-IIISlNo7(SPARSH05).pdf,0.31445,0.09012,1.14235,1.54692
DOC225,225,GUJARAT,07/08/2026,J-11060/20/2026-RE-III Sl.No.7 (SPARSH 02),WAGE_DAILY_SANCTION,NEFMS_WAGE_DAILY,https://mnregaweb4.nic.in/RMS/WriteReadData/SancAttachments/VBGRAMG/J-11060$20$2026-RE-IIISlNo7(SPARSH02).pdf,0.03074,0,2.96433,2.99507
DOC226,226,GUJARAT,07/08/2026,J-11060/20/2026-RE-III Sl.No.7 (SPARSH 01),WAGE_DAILY_SANCTION,NEFMS_WAGE_DAILY,https://mnregaweb4.nic.in/RMS/WriteReadData/SancAttachments/VBGRAMG/J-11060$20$2026-RE-IIISlNo7(SPARSH01).pdf,0.59659,0.0672,2.7977,3.46149
DOC227,227,GUJARAT,07/08/2026,J-11060/20/2026-RE-III Sl.No. 7(SPARSH 04),WAGE_DAILY_SANCTION,NEFMS_WAGE_DAILY,https://mnregaweb4.nic.in/RMS/WriteReadData/SancAttachments/VBGRAMG/J-11060$20$2026-RE-IIISlNo7(SPARSH04).pdf,0.12217,1.06786,2.59933,3.78936
DOC228,228,GUJARAT,07/08/2026,J-11060/20/2026-RE-III Sl.No. 7 (SPARSH 06),WAGE_DAILY_SANCTION,NEFMS_WAGE_DAILY,https://mnregaweb4.nic.in/RMS/WriteReadData/SancAttachments/VBGRAMG/J-11060$20$2026-RE-IIISlNo7(SPARSH06).pdf,0,0,0.10022,0.10022
DOC229,229,GUJARAT,07/08/2026,J-11060/20/2026-RE-III Sl.No. 7 (SPARSH 03),WAGE_DAILY_SANCTION,NEFMS_WAGE_DAILY,https://mnregaweb4.nic.in/RMS/WriteReadData/SancAttachments/VBGRAMG/J-11060$20$2026-RE-IIISlNo7(SPARSH03).pdf,0.1919,1.86871,3.85816,5.91877
DOC230,230,HARYANA,24/08/2026,J-11060/15/2026-RE-VI (395703) Sl. No. 8 (Sparsh 05),WAGE_DAILY_SANCTION,NEFMS_WAGE_DAILY,https://mnregaweb4.nic.in/RMS/WriteReadData/SancAttachments/VBGRAMG/J-11060$15$2026-RE-VI(395703)SlNo8(Sparsh05).pdf,2.44472,0,4.67657,7.12129
DOC231,231,HARYANA,20/08/2026,J-11060/15/2026-RE-VI (395703) Sl. No. 8 (Sparsh 04),WAGE_DAILY_SANCTION,NEFMS_WAGE_DAILY,https://mnregaweb4.nic.in/RMS/WriteReadData/SancAttachments/VBGRAMG/J-11060$15$2026-RE-VI(395703)SlNo8(Sparsh04).pdf,5.50619,0,7.20761,12.7138
DOC232,232,HARYANA,19/08/2026,J-11060/15/2026-RE-VI (395703) Sl. No. 8 (Sparsh 03),WAGE_DAILY_SANCTION,NEFMS_WAGE_DAILY,https://mnregaweb4.nic.in/RMS/WriteReadData/SancAttachments/VBGRAMG/J-11060$15$2026-RE-VI(395703)SlNo8(Sparsh03).pdf,16.28069,0,11.49635,27.77704
DOC233,233,HARYANA,13/08/2026,J-11060/15/2026-RE-VI (395703) Sl. No. 8 (Sparsh 02),WAGE_DAILY_SANCTION,NEFMS_WAGE_DAILY,https://mnregaweb4.nic.in/RMS/WriteReadData/SancAttachments/VBGRAMG/J-11060$15$2026-RE-VI(395703)SlNo8(Sparsh02).pdf,3.4092,0,2.49497,5.90417
DOC234,234,HARYANA,23/07/2026,J-11060/15/2026-RE-VI (395703) Sparsh 01,WAGE_DAILY_SANCTION,NEFMS_WAGE_DAILY,https://mnregaweb4.nic.in/RMS/WriteReadData/SancAttachments/VBGRAMG/J-11060$15$2026-RE-VI(395703)Sparsh01.pdf,0.08098,0,0.01227,0.09325
DOC235,235,HIMACHAL PRADESH,24/08/2026,J-11060/21/2026-RE-III Sl.No.9 (SPARSH 16),WAGE_DAILY_SANCTION,NEFMS_WAGE_DAILY,https://mnregaweb4.nic.in/RMS/WriteReadData/SancAttachments/VBGRAMG/J-11060$21$2026-RE-IIISlNo9(SPARSH16).pdf,149.43931,59.00714,309.88494,518.33139
DOC236,236,HIMACHAL PRADESH,20/08/2026,J-11060/21/2026-RE-III Sl.No.9 (SPARSH 15),WAGE_DAILY_SANCTION,NEFMS_WAGE_DAILY,https://mnregaweb4.nic.in/RMS/WriteReadData/SancAttachments/VBGRAMG/J-11060$21$2026-RE-IIISlNo9(SPARSH15).pdf,14.26613,5.13001,33.06603,52.46217
DOC237,237,HIMACHAL PRADESH,20/08/2026,J-11060/21/2026-RE-III Sl.No.9 (SPARSH 14),WAGE_DAILY_SANCTION,NEFMS_WAGE_DAILY,https://mnregaweb4.nic.in/RMS/WriteReadData/SancAttachments/VBGRAMG/J-11060$21$2026-RE-IIISlNo9(SPARSH14).pdf,3.62265,0,15.45723,19.07988
DOC238,238,HIMACHAL PRADESH,19/08/2026,J-11060/21/2026-RE-III Sl.No.9 (SPARSH 13),WAGE_DAILY_SANCTION,NEFMS_WAGE_DAILY,https://mnregaweb4.nic.in/RMS/WriteReadData/SancAttachments/VBGRAMG/J-11060$21$2026-RE-IIISlNo9(SPARSH13).pdf,20.66649,5.76931,39.77994,66.21574
DOC239,239,HIMACHAL PRADESH,17/08/2026,J-11060/21/2026-RE-III Sl.No. 9 (SPARSH 12),WAGE_DAILY_SANCTION,NEFMS_WAGE_DAILY,https://mnregaweb4.nic.in/RMS/WriteReadData/SancAttachments/VBGRAMG/J-11060$21$2026-RE-IIISlNo9(SPARSH12).pdf,8.51369,3.81506,22.71891,35.04766
DOC240,240,HIMACHAL PRADESH,17/08/2026,J-11060/21/2026-RE-III Sl.No. 9 (SPARSH 11),WAGE_DAILY_SANCTION,NEFMS_WAGE_DAILY,https://mnregaweb4.nic.in/RMS/WriteReadData/SancAttachments/VBGRAMG/J-11060$21$2026-RE-IIISlNo9(SPARSH11).pdf,22.08218,19.6493,29.28242,71.0139
DOC241,241,HIMACHAL PRADESH,13/08/2026,J-11060/21/2026-RE-III Sl.No.9 (SPARSH 10),WAGE_DAILY_SANCTION,NEFMS_WAGE_DAILY,https://mnregaweb4.nic.in/RMS/WriteReadData/SancAttachments/VBGRAMG/J-11060$21$2026-RE-IIISlNo9(SPARSH10).pdf,77.47601,22.52419,181.04239,281.04259
DOC242,242,HIMACHAL PRADESH,13/08/2026,J-11060/21/2026-RE-III Sl.No.9 (SPARSH 09),WAGE_DAILY_SANCTION,NEFMS_WAGE_DAILY,https://mnregaweb4.nic.in/RMS/WriteReadData/SancAttachments/VBGRAMG/J-11060$21$2026-RE-IIISlNo9(SPARSH09).pdf,10.28858,0.62332,15.8909,26.8028
DOC243,243,HIMACHAL PRADESH,12/08/2026,J-11060/21/2026-RE-III Sl.No.9 (SPARSH 08),WAGE_DAILY_SANCTION,NEFMS_WAGE_DAILY,https://mnregaweb4.nic.in/RMS/WriteReadData/SancAttachments/VBGRAMG/J-11060$21$2026-RE-IIISlNo9(SPARSH08).pdf,105.59057,22.43633,229.1778,357.2047
DOC244,244,HIMACHAL PRADESH,05/08/2026,J-11060/21/2026-RE-III Sl.No. 9 (SPARSH 07),WAGE_DAILY_SANCTION,NEFMS_WAGE_DAILY,https://mnregaweb4.nic.in/RMS/WriteReadData/SancAttachments/VBGRAMG/J-11060$21$2026-RE-IIISlNo9(SPARSH07).pdf,32.92401,19.08428,71.04795,123.05624
DOC245,245,HIMACHAL PRADESH,04/08/2026,J-11060/21/2026-RE-III Sl.No.9 (SPARSH 06,WAGE_DAILY_SANCTION,NEFMS_WAGE_DAILY,https://mnregaweb4.nic.in/RMS/WriteReadData/SancAttachments/VBGRAMG/J-11060$21$2026-RE-IIISlNo9(SPARSH06.pdf,4.84093,0.3483,17.1315,22.32073
DOC246,246,HIMACHAL PRADESH,03/08/2026,J-11060/21/2026-RE-III Sl.No.9 (SPARSH 05),WAGE_DAILY_SANCTION,NEFMS_WAGE_DAILY,https://mnregaweb4.nic.in/RMS/WriteReadData/SancAttachments/VBGRAMG/J-11060$21$2026-RE-IIISlNo9(SPARSH05).pdf,21.83863,18.43014,56.21404,96.48281
DOC247,247,HIMACHAL PRADESH,31/07/2026,J-11060/21/2026-RE-III Sl.No.9 (SPARSH 04),WAGE_DAILY_SANCTION,NEFMS_WAGE_DAILY,https://mnregaweb4.nic.in/RMS/WriteReadData/SancAttachments/VBGRAMG/J-11060$21$2026-RE-IIISlNo9(SPARSH04).pdf,28.44081,9.27593,83.23565,120.95239
DOC248,248,HIMACHAL PRADESH,29/07/2026,J-11060/21/2026-RE-III Sl.No.9 (SPARSH 03),WAGE_DAILY_SANCTION,NEFMS_WAGE_DAILY,https://mnregaweb4.nic.in/RMS/WriteReadData/SancAttachments/VBGRAMG/J-11060$21$2026-RE-IIISlNo9(SPARSH03).pdf,35.12932,14.88422,94.10467,144.11821
DOC249,249,HIMACHAL PRADESH,27/07/2026,J-11060/21/2026-RE-III Sl.No.9 (SPARSH 02),WAGE_DAILY_SANCTION,NEFMS_WAGE_DAILY,https://mnregaweb4.nic.in/RMS/WriteReadData/SancAttachments/VBGRAMG/J-11060$21$2026-RE-IIISlNo9(SPARSH02).pdf,107.77733,25.77109,258.7761,392.32452
DOC250,250,HIMACHAL PRADESH,22/07/2026,J-11060/21/2026-RE-III Sl.No.9 (1),WAGE_DAILY_SANCTION,NEFMS_WAGE_DAILY,https://mnregaweb4.nic.in/RMS/WriteReadData/SancAttachments/VBGRAMG/J-11060$21$2026-RE-IIISlNo9(1).pdf,0.081,0,0.2025,0.2835
DOC251,251,JAMMU & KASHMIR,11/08/2026,J-12016/02/2026-Re-IV SI. No.30 (SPARSH-1),WAGE_DAILY_SANCTION,NEFMS_WAGE_DAILY,https://mnregaweb4.nic.in/RMS/WriteReadData/SancAttachments/VBGRAMG/J-12016$02$2026-Re-IVSINo30(SPARSH-1).pdf,0,0,1.4607,1.4607
DOC252,252,KARNATAKA,20/08/2026,J-12012/03/2026-RE-IV Sl.No.11 (SPARSH 20),WAGE_DAILY_SANCTION,NEFMS_WAGE_DAILY,https://mnregaweb4.nic.in/RMS/WriteReadData/SancAttachments/VBGRAMG/J-12012$03$2026-RE-IVSlNo11(SPARSH20).pdf,70.18408,48.81085,204.55802,323.55295
DOC253,253,KARNATAKA,20/08/2026,J-12012/03/2026-RE-IV Sl.No.11 (SPARSH 19),WAGE_DAILY_SANCTION,NEFMS_WAGE_DAILY,https://mnregaweb4.nic.in/RMS/WriteReadData/SancAttachments/VBGRAMG/J-12012$03$2026-RE-IVSlNo11(SPARSH19).pdf,32.00654,13.73783,87.52124,133.26561
DOC254,254,KARNATAKA,19/08/2026,J-12012/03/2026-RE-IV Sl.No.11 (SPARSH 18),WAGE_DAILY_SANCTION,NEFMS_WAGE_DAILY,https://mnregaweb4.nic.in/RMS/WriteReadData/SancAttachments/VBGRAMG/J-12012$03$2026-RE-IVSlNo11(SPARSH18).pdf,12.66334,10.24243,47.38483,70.2906
DOC255,255,KARNATAKA,19/08/2026,J-12012/03/2026-RE-IV Sl.No.11 (SPARSH 17),WAGE_DAILY_SANCTION,NEFMS_WAGE_DAILY,https://mnregaweb4.nic.in/RMS/WriteReadData/SancAttachments/VBGRAMG/J-12012$03$2026-RE-IVSlNo11(SPARSH17).pdf,19.88349,9.64212,67.13081,96.65642
DOC256,256,KARNATAKA,13/08/2026,J-12012/03/2026-RE-IV Sl.No.11 (SPARSH 16),WAGE_DAILY_SANCTION,NEFMS_WAGE_DAILY,https://mnregaweb4.nic.in/RMS/WriteReadData/SancAttachments/VBGRAMG/J-12012$03$2026-RE-IVSlNo11(SPARSH16).pdf,12.47467,10.77338,51.18571,74.43376
DOC257,257,KARNATAKA,13/08/2026,J-12012/03/2026-RE-IV Sl.No.11 (SPARSH 15),WAGE_DAILY_SANCTION,NEFMS_WAGE_DAILY,https://mnregaweb4.nic.in/RMS/WriteReadData/SancAttachments/VBGRAMG/J-12012$03$2026-RE-IVSlNo11(SPARSH15).pdf,5.39267,3.9324,26.93066,36.25573
DOC258,258,KARNATAKA,13/08/2026,J-12012/03/2026-RE-IV Sl.No.11 (SPARSH 14),WAGE_DAILY_SANCTION,NEFMS_WAGE_DAILY,https://mnregaweb4.nic.in/RMS/WriteReadData/SancAttachments/VBGRAMG/J-12012$03$2026-RE-IVSlNo11(SPARSH14).pdf,4.73008,5.57493,25.2824,35.58741
DOC259,259,KARNATAKA,12/08/2026,J-12012/03/2026-RE-IV Sl.No.11 (SPARSH 13),WAGE_DAILY_SANCTION,NEFMS_WAGE_DAILY,https://mnregaweb4.nic.in/RMS/WriteReadData/SancAttachments/VBGRAMG/J-12012$03$2026-RE-IVSlNo11(SPARSH13).pdf,15.67124,8.82663,40.07395,64.57182
DOC260,260,KARNATAKA,11/08/2026,J-12012/03/2026-RE-IV Sl.No.11 (SPARSH 12),WAGE_DAILY_SANCTION,NEFMS_WAGE_DAILY,https://mnregaweb4.nic.in/RMS/WriteReadData/SancAttachments/VBGRAMG/J-12012$03$2026-RE-IVSlNo11(SPARSH12).pdf,7.09775,4.01734,27.3733,38.48839
DOC261,261,KARNATAKA,11/08/2026,J-12012/03/2026-RE-IV Sl.No.11 (SPARSH 11),WAGE_DAILY_SANCTION,NEFMS_WAGE_DAILY,https://mnregaweb4.nic.in/RMS/WriteReadData/SancAttachments/VBGRAMG/J-12012$03$2026-RE-IVSlNo11(SPARSH11).pdf,1.61536,1.08822,18.59224,21.29582
DOC262,262,KARNATAKA,10/08/2026,J-12012/03/2026-RE-IV Sl.No.11 (SPARSH 10),WAGE_DAILY_SANCTION,NEFMS_WAGE_DAILY,https://mnregaweb4.nic.in/RMS/WriteReadData/SancAttachments/VBGRAMG/J-12012$03$2026-RE-IVSlNo11(SPARSH10).pdf,25.15468,14.66315,84.94623,124.76406
DOC263,263,KARNATAKA,07/08/2026,J-12012/03/2026-RE-IV Sl.No.11 (SPARSH 9),WAGE_DAILY_SANCTION,NEFMS_WAGE_DAILY,https://mnregaweb4.nic.in/RMS/WriteReadData/SancAttachments/VBGRAMG/J-12012$03$2026-RE-IVSlNo11(SPARSH9).pdf,14.05849,12.53444,50.02135,76.61428
DOC264,264,KARNATAKA,06/08/2026,J-12012/03/2026-RE-IV Sl.No.11 (SPARSH 8),WAGE_DAILY_SANCTION,NEFMS_WAGE_DAILY,https://mnregaweb4.nic.in/RMS/WriteReadData/SancAttachments/VBGRAMG/J-12012$03$2026-RE-IVSlNo11(SPARSH8).pdf,22.48419,10.96867,93.59467,127.04753
DOC265,265,KARNATAKA,03/08/2026,J-12012/03/2026-RE-IV Sl.No.11 (SPARSH 7),WAGE_DAILY_SANCTION,NEFMS_WAGE_DAILY,https://mnregaweb4.nic.in/RMS/WriteReadData/SancAttachments/VBGRAMG/J-12012$03$2026-RE-IVSlNo11(SPARSH7).pdf,0.86776,0.71258,2.56183,4.14217
DOC266,266,KARNATAKA,03/08/2026,J-12012/03/2026-RE-IV Sl.No.11 (SPARSH 6),WAGE_DAILY_SANCTION,NEFMS_WAGE_DAILY,https://mnregaweb4.nic.in/RMS/WriteReadData/SancAttachments/VBGRAMG/J-12012$03$2026-RE-IVSlNo11(SPARSH6).pdf,0.89026,1.59527,3.33629,5.82182
DOC267,267,KARNATAKA,03/08/2026,J-12012/03/2026-RE-IV Sl.No.11 (SPARSH 5),WAGE_DAILY_SANCTION,NEFMS_WAGE_DAILY,https://mnregaweb4.nic.in/RMS/WriteReadData/SancAttachments/VBGRAMG/J-12012$03$2026-RE-IVSlNo11(SPARSH5).pdf,1.96561,0.27643,8.61366,10.8557
DOC268,268,KARNATAKA,03/08/2026,J-12012/03/2026-RE-IV Sl.No.11 (SPARSH 4),WAGE_DAILY_SANCTION,NEFMS_WAGE_DAILY,https://mnregaweb4.nic.in/RMS/WriteReadData/SancAttachments/VBGRAMG/J-12012$03$2026-RE-IVSlNo11(SPARSH4).pdf,0.7479,0.54091,1.16735,2.45616
DOC269,269,KARNATAKA,22/07/2026,J-12012/03/2026-RE-IV Sl.No.11 (3),WAGE_DAILY_SANCTION,NEFMS_WAGE_DAILY,https://mnregaweb4.nic.in/RMS/WriteReadData/SancAttachments/VBGRAMG/J-12012$03$2026-RE-IVSlNo11(3).pdf,0.10772,0.02521,0.56748,0.70041
DOC270,270,KARNATAKA,22/07/2026,J-12012/03/2026-RE-IV Sl.No.11 (2),WAGE_DAILY_SANCTION,NEFMS_WAGE_DAILY,https://mnregaweb4.nic.in/RMS/WriteReadData/SancAttachments/VBGRAMG/J-12012$03$2026-RE-IVSlNo11(2).pdf,0.045,0.0198,0.5022,0.567
DOC271,271,KARNATAKA,22/07/2026,J-12012/03/2026-RE-IV Sl.No.11 (1),WAGE_DAILY_SANCTION,NEFMS_WAGE_DAILY,https://mnregaweb4.nic.in/RMS/WriteReadData/SancAttachments/VBGRAMG/J-12012$03$2026-RE-IVSlNo11(1).pdf,0.08939,0.60509,0.85618,1.55066
DOC272,272,KERALA,12/08/2026,J-12020012026RE-VIIIKerala (395800)Sl No 12 (268786) (33),WAGE_DAILY_SANCTION,NEFMS_WAGE_DAILY,https://mnregaweb4.nic.in/RMS/WriteReadData/SancAttachments/VBGRAMG/J-12020012026RE-VIIIKerala(395800)SlNo12(268786)(33).pdf,24.35584,14.64332,91.8008,130.79996
DOC273,273,KERALA,12/08/2026,J-12020012026RE-VIIIKerala (395800)Sl No 12 (268711) (32),WAGE_DAILY_SANCTION,NEFMS_WAGE_DAILY,https://mnregaweb4.nic.in/RMS/WriteReadData/SancAttachments/VBGRAMG/J-12020012026RE-VIIIKerala(395800)SlNo12(268711)(32).pdf,31.22876,4.12745,137.7911,173.14731
DOC274,274,KERALA,12/08/2026,J-12020012026RE-VIIIKerala (395800)Sl No 12 (268550) (31),WAGE_DAILY_SANCTION,NEFMS_WAGE_DAILY,https://mnregaweb4.nic.in/RMS/WriteReadData/SancAttachments/VBGRAMG/J-12020012026RE-VIIIKerala(395800)SlNo12(268550)(31).pdf,7.38044,4.69203,47.84961,59.92208
DOC275,275,KERALA,12/08/2026,J-12020012026RE-VIIIKerala (395800)Sl No 12 (268549) (30),WAGE_DAILY_SANCTION,NEFMS_WAGE_DAILY,https://mnregaweb4.nic.in/RMS/WriteReadData/SancAttachments/VBGRAMG/J-12020012026RE-VIIIKerala(395800)SlNo12(268549)(30).pdf,53.6116,4.41196,178.11103,236.13459
DOC276,276,KERALA,12/08/2026,J-12020012026RE-VIIIKerala (395800)Sl No 12 (268185) (29),WAGE_DAILY_SANCTION,NEFMS_WAGE_DAILY,https://mnregaweb4.nic.in/RMS/WriteReadData/SancAttachments/VBGRAMG/J-12020012026RE-VIIIKerala(395800)SlNo12(268185)(29).pdf,45.39183,20.12773,165.30274,230.8223
DOC277,277,KERALA,12/08/2026,J-12020012026RE-VIIIKerala (395800)Sl No 12 (267964) (28),WAGE_DAILY_SANCTION,NEFMS_WAGE_DAILY,https://mnregaweb4.nic.in/RMS/WriteReadData/SancAttachments/VBGRAMG/J-12020012026RE-VIIIKerala(395800)SlNo12(267964)(28).pdf,32.09641,2.28232,77.04257,111.4213
DOC278,278,KERALA,12/08/2026,J-12020012026RE-VIIIKerala (395800)Sl No 12 (267963) (27),WAGE_DAILY_SANCTION,NEFMS_WAGE_DAILY,https://mnregaweb4.nic.in/RMS/WriteReadData/SancAttachments/VBGRAMG/J-12020012026RE-VIIIKerala(395800)SlNo12(267963)(27).pdf,51.74458,52.90869,179.86967,284.52294
DOC279,279,KERALA,11/08/2026,J-12020012026RE-VIIIKerala (395800)Sl.No.12 (266485) (15),WAGE_DAILY_SANCTION,NEFMS_WAGE_DAILY,https://mnregaweb4.nic.in/RMS/WriteReadData/SancAttachments/VBGRAMG/J-12020012026RE-VIIIKerala(395800)SlNo12(266485)(15).pdf,18.48976,96.57899,1.56871,116.63746
DOC280,280,KERALA,11/08/2026,J-12020012026RE-VIIIKerala (395800)Sl No 12 (267122) (26),WAGE_DAILY_SANCTION,NEFMS_WAGE_DAILY,https://mnregaweb4.nic.in/RMS/WriteReadData/SancAttachments/VBGRAMG/J-12020012026RE-VIIIKerala(395800)SlNo12(267122)(26).pdf,8.03223,38.45555,131.79827,178.28605
DOC281,281,KERALA,11/08/2026,J-12020012026RE-VIIIKerala (395800)Sl No 12 (267121) (25),WAGE_DAILY_SANCTION,NEFMS_WAGE_DAILY,https://mnregaweb4.nic.in/RMS/WriteReadData/SancAttachments/VBGRAMG/J-12020012026RE-VIIIKerala(395800)SlNo12(267121)(25).pdf,22.56223,81.22553,149.84335,253.63111
DOC282,282,KERALA,11/08/2026,J-12020012026RE-VIIIKerala (395800)Sl No 12 (267088) (24),WAGE_DAILY_SANCTION,NEFMS_WAGE_DAILY,https://mnregaweb4.nic.in/RMS/WriteReadData/SancAttachments/VBGRAMG/J-12020012026RE-VIIIKerala(395800)SlNo12(267088)(24).pdf,10.64207,7.15562,107.7223,125.51999
DOC283,283,KERALA,11/08/2026,J-12020012026RE-VIIIKerala (395800)Sl No 12 (267020) (23),WAGE_DAILY_SANCTION,NEFMS_WAGE_DAILY,https://mnregaweb4.nic.in/RMS/WriteReadData/SancAttachments/VBGRAMG/J-12020012026RE-VIIIKerala(395800)SlNo12(267020)(23).pdf,17.62701,45.29746,112.59657,175.52104
DOC284,284,KERALA,11/08/2026,J-12020012026RE-VIIIKerala (395800)Sl No 12 (266977) (22),WAGE_DAILY_SANCTION,NEFMS_WAGE_DAILY,https://mnregaweb4.nic.in/RMS/WriteReadData/SancAttachments/VBGRAMG/J-12020012026RE-VIIIKerala(395800)SlNo12(266977)(22).pdf,58.34349,1.70486,157.79983,217.84818
DOC285,285,KERALA,11/08/2026,J-12020012026RE-VIIIKerala (395800)Sl No 12 (266964) (21),WAGE_DAILY_SANCTION,NEFMS_WAGE_DAILY,https://mnregaweb4.nic.in/RMS/WriteReadData/SancAttachments/VBGRAMG/J-12020012026RE-VIIIKerala(395800)SlNo12(266964)(21).pdf,46.31332,7.93229,225.81173,280.05734
DOC286,286,KERALA,11/08/2026,J-12020012026RE-VIIIKerala (395800)Sl No 12 (266960) (20),WAGE_DAILY_SANCTION,NEFMS_WAGE_DAILY,https://mnregaweb4.nic.in/RMS/WriteReadData/SancAttachments/VBGRAMG/J-12020012026RE-VIIIKerala(395800)SlNo12(266960)(20).pdf,37.80364,12.32972,243.5424,293.67576
DOC287,287,KERALA,11/08/2026,J-12020012026RE-VIIIKerala (395800)Sl No 12 (266917) (19),WAGE_DAILY_SANCTION,NEFMS_WAGE_DAILY,https://mnregaweb4.nic.in/RMS/WriteReadData/SancAttachments/VBGRAMG/J-12020012026RE-VIIIKerala(395800)SlNo12(266917)(19).pdf,42.86905,1.6343,167.47241,211.97576
DOC288,288,KERALA,11/08/2026,J-12020012026RE-VIIIKerala (395800)Sl No 12 (266701) (18),WAGE_DAILY_SANCTION,NEFMS_WAGE_DAILY,https://mnregaweb4.nic.in/RMS/WriteReadData/SancAttachments/VBGRAMG/J-12020012026RE-VIIIKerala(395800)SlNo12(266701)(18).pdf,46.05695,1.18899,141.28056,188.5265
DOC289,289,KERALA,11/08/2026,J-12020012026RE-VIIIKerala (395800)Sl No 12 (266634) (17),WAGE_DAILY_SANCTION,NEFMS_WAGE_DAILY,https://mnregaweb4.nic.in/RMS/WriteReadData/SancAttachments/VBGRAMG/J-12020012026RE-VIIIKerala(395800)SlNo12(266634)(17).pdf,44.78962,0,120.14852,164.93814
DOC290,290,KERALA,11/08/2026,J-12020012026RE-VIIIKerala (395800)Sl No 12 (266545) (16),WAGE_DAILY_SANCTION,NEFMS_WAGE_DAILY,https://mnregaweb4.nic.in/RMS/WriteReadData/SancAttachments/VBGRAMG/J-12020012026RE-VIIIKerala(395800)SlNo12(266545)(16).pdf,44.34449,1.70384,189.88729,235.93562
DOC291,291,KERALA,11/08/2026,J-12020012026RE-VIII Kerala (395800)Sl No12 (263640) (12),WAGE_DAILY_SANCTION,NEFMS_WAGE_DAILY,https://mnregaweb4.nic.in/RMS/WriteReadData/SancAttachments/VBGRAMG/J-12020012026RE-VIIIKerala(395800)SlNo12(263640)(12).pdf,22.35222,16.30304,168.02667,206.68193
DOC292,292,KERALA,11/08/2026,J-12020012026RE-VIII Kerala (395800)Sl No 12 (266484) (14),WAGE_DAILY_SANCTION,NEFMS_WAGE_DAILY,https://mnregaweb4.nic.in/RMS/WriteReadData/SancAttachments/VBGRAMG/J-12020012026RE-VIIIKerala(395800)SlNo12(266484)(14).pdf,27.29157,2.44571,171.24214,200.97942
DOC293,293,KERALA,10/08/2026,J-12020012026RE-VIII Kerala (395800)Sl No 12 (266309) (13),WAGE_DAILY_SANCTION,NEFMS_WAGE_DAILY,https://mnregaweb4.nic.in/RMS/WriteReadData/SancAttachments/VBGRAMG/J-12020012026RE-VIIIKerala(395800)SlNo12(266309)(13).pdf,11.54867,0,26.36976,37.91843
DOC294,294,KERALA,07/08/2026,J-12020012026RE-VIII Kerala (395800)Sl No12 (263640) (11),WAGE_DAILY_SANCTION,NEFMS_WAGE_DAILY,https://mnregaweb4.nic.in/RMS/WriteReadData/SancAttachments/VBGRAMG/J-12020012026RE-VIIIKerala(395800)SlNo12(263640)(11).pdf,10.75147,1.32055,48.58902,60.66104
DOC295,295,KERALA,06/08/2026,J-12020012026RE-VIII Kerala (395800)Sl No12 (262605) (10),WAGE_DAILY_SANCTION,NEFMS_WAGE_DAILY,https://mnregaweb4.nic.in/RMS/WriteReadData/SancAttachments/VBGRAMG/J-12020012026RE-VIIIKerala(395800)SlNo12(262605)(10).pdf,0.99725,0.05293,13.45594,14.50612
DOC296,296,KERALA,06/08/2026,J-12020012026RE-VIII Kerala (395800)Sl No12 (262423) (09),WAGE_DAILY_SANCTION,NEFMS_WAGE_DAILY,https://mnregaweb4.nic.in/RMS/WriteReadData/SancAttachments/VBGRAMG/J-12020012026RE-VIIIKerala(395800)SlNo12(262423)(09).pdf,8.82341,0.2293,35.29415,44.34686
DOC297,297,KERALA,05/08/2026,J-12020012026RE-VIII Kerala (395800)Sl No12 (261390) (08),WAGE_DAILY_SANCTION,NEFMS_WAGE_DAILY,https://mnregaweb4.nic.in/RMS/WriteReadData/SancAttachments/VBGRAMG/J-12020012026RE-VIIIKerala(395800)SlNo12(261390)(08).pdf,2.68706,0.03368,27.33479,30.05553
DOC298,298,KERALA,04/08/2026,J-12020012026RE-VIII Kerala (395800)Sl No 12 (259658) (07),WAGE_DAILY_SANCTION,NEFMS_WAGE_DAILY,https://mnregaweb4.nic.in/RMS/WriteReadData/SancAttachments/VBGRAMG/J-12020012026RE-VIIIKerala(395800)SlNo12(259658)(07).pdf,4.84288,0,14.22088,19.06376
DOC299,299,KERALA,03/08/2026,J-12020012026RE-VIII Kerala (395800)Sl No 12 (259124) (06),WAGE_DAILY_SANCTION,NEFMS_WAGE_DAILY,https://mnregaweb4.nic.in/RMS/WriteReadData/SancAttachments/VBGRAMG/J-12020012026RE-VIIIKerala(395800)SlNo12(259124)(06).pdf,5.5124,0.8203,36.59581,42.92851
DOC300,300,KERALA,03/08/2026,J-12020012026RE-VIII Kerala (395800)Sl No 12 (258372) (02),WAGE_DAILY_SANCTION,NEFMS_WAGE_DAILY,https://mnregaweb4.nic.in/RMS/WriteReadData/SancAttachments/VBGRAMG/J-12020012026RE-VIIIKerala(395800)SlNo12(258372)(02).pdf,7.19632,0,22.61441,29.81073
DOC301,301,KERALA,03/08/2026,J-12020012026RE VIIIKerala (395800)Sl.No.12 (258415) (04),WAGE_DAILY_SANCTION,NEFMS_WAGE_DAILY,https://mnregaweb4.nic.in/RMS/WriteReadData/SancAttachments/VBGRAMG/J-12020012026REVIIIKerala(395800)SlNo12(258415)(04).pdf,10.94135,3.58975,23.39474,37.92584
DOC302,302,KERALA,03/08/2026,J-12020012026RE VIIIKerala (395800)Sl No12 (258373) (03),WAGE_DAILY_SANCTION,NEFMS_WAGE_DAILY,https://mnregaweb4.nic.in/RMS/WriteReadData/SancAttachments/VBGRAMG/J-12020012026REVIIIKerala(395800)SlNo12(258373)(03).pdf,18.47417,1.44585,56.45474,76.37476
DOC303,303,KERALA,03/08/2026,J-12020012026RE VIII Kerala (395800)Sl No12 (259005) (05),WAGE_DAILY_SANCTION,NEFMS_WAGE_DAILY,https://mnregaweb4.nic.in/RMS/WriteReadData/SancAttachments/VBGRAMG/J-12020012026REVIIIKerala(395800)SlNo12(259005)(05).pdf,9.11257,1.68365,49.64428,60.4405
DOC304,304,KERALA,30/07/2026,J-12020012026RE-VIIIKerala (395800)Sl.No.12 (256586) (01),WAGE_DAILY_SANCTION,NEFMS_WAGE_DAILY,https://mnregaweb4.nic.in/RMS/WriteReadData/SancAttachments/VBGRAMG/J-12020012026RE-VIIIKerala(395800)SlNo12(256586)(01).pdf,0,0,0.51446,0.51446
DOC305,305,MADHYA PRADESH,13/08/2026,J-12011/02/2026-RE-IV SI. No.13 (SPARSH-18),WAGE_DAILY_SANCTION,NEFMS_WAGE_DAILY,https://mnregaweb4.nic.in/RMS/WriteReadData/SancAttachments/VBGRAMG/J-12011$02$2026-RE-IVSINo13(SPARSH-18).pdf,0.38661,0.53968,0.53192,1.45821
DOC306,306,MADHYA PRADESH,12/08/2026,J-12011/02/2026-RE-IV SI. No.13 (SPARSH-17),WAGE_DAILY_SANCTION,NEFMS_WAGE_DAILY,https://mnregaweb4.nic.in/RMS/WriteReadData/SancAttachments/VBGRAMG/J-12011$02$2026-RE-IVSINo13(SPARSH-17).pdf,1.21095,3.38377,3.4587,8.05342
DOC307,307,MADHYA PRADESH,11/08/2026,J-12011/02/2026-RE-IV SI. No.13 (SPARSH-16),WAGE_DAILY_SANCTION,NEFMS_WAGE_DAILY,https://mnregaweb4.nic.in/RMS/WriteReadData/SancAttachments/VBGRAMG/J-12011$02$2026-RE-IVSINo13(SPARSH-16).pdf,1.50827,2.13526,4.68202,8.32555
DOC308,308,MADHYA PRADESH,10/08/2026,J-12011/02/2026-RE-IV SI. No.13 (SPARSH-15),WAGE_DAILY_SANCTION,NEFMS_WAGE_DAILY,https://mnregaweb4.nic.in/RMS/WriteReadData/SancAttachments/VBGRAMG/J-12011$02$2026-RE-IVSINo13(SPARSH-15).pdf,1.86637,0.99361,22.15618,25.01616
DOC309,309,MADHYA PRADESH,06/08/2026,J-12011/02/2026-RE-IV SI. No.13 (SPARSH-14),WAGE_DAILY_SANCTION,NEFMS_WAGE_DAILY,https://mnregaweb4.nic.in/RMS/WriteReadData/SancAttachments/VBGRAMG/J-12011$02$2026-RE-IVSINo13(SPARSH-14).pdf,1.5828,10.54142,1.92554,14.04976
DOC310,310,MADHYA PRADESH,06/08/2026,J-12011/02/2026-RE-IV SI. No.13 (SPARSH-13),WAGE_DAILY_SANCTION,NEFMS_WAGE_DAILY,https://mnregaweb4.nic.in/RMS/WriteReadData/SancAttachments/VBGRAMG/J-12011$02$2026-RE-IVSINo13(SPARSH-13).pdf,0.3384,0.6498,2.574,3.5622
DOC311,311,MADHYA PRADESH,06/08/2026,J-12011/02/2026-RE-IV SI. No.13 (SPARSH-12),WAGE_DAILY_SANCTION,NEFMS_WAGE_DAILY,https://mnregaweb4.nic.in/RMS/WriteReadData/SancAttachments/VBGRAMG/J-12011$02$2026-RE-IVSINo13(SPARSH-12).pdf,0.2988,0.4882,2.96563,3.75263
DOC312,312,MADHYA PRADESH,06/08/2026,J-12011/02/2026-RE-IV SI. No.13 (SPARSH-11),WAGE_DAILY_SANCTION,NEFMS_WAGE_DAILY,https://mnregaweb4.nic.in/RMS/WriteReadData/SancAttachments/VBGRAMG/J-12011$02$2026-RE-IVSINo13(SPARSH-11).pdf,0.35181,2.77965,1.81152,4.94298
DOC313,313,MADHYA PRADESH,05/08/2026,J-12011/02/2026-RE-IV SI. No.13 (SPARSH-10),WAGE_DAILY_SANCTION,NEFMS_WAGE_DAILY,https://mnregaweb4.nic.in/RMS/WriteReadData/SancAttachments/VBGRAMG/J-12011$02$2026-RE-IVSINo13(SPARSH-10).pdf,0.37879,0.35017,2.41489,3.14385
DOC314,314,MADHYA PRADESH,04/08/2026,J-12011/02/2026-RE-IV SI. No.13 (SPARSH-9),WAGE_DAILY_SANCTION,NEFMS_WAGE_DAILY,https://mnregaweb4.nic.in/RMS/WriteReadData/SancAttachments/VBGRAMG/J-12011$02$2026-RE-IVSINo13(SPARSH-9).pdf,0.86116,3.08123,1.1422,5.08459
DOC315,315,MADHYA PRADESH,04/08/2026,J-12011/02/2026-RE-IV SI. No.13 (SPARSH-8),WAGE_DAILY_SANCTION,NEFMS_WAGE_DAILY,https://mnregaweb4.nic.in/RMS/WriteReadData/SancAttachments/VBGRAMG/J-12011$02$2026-RE-IVSINo13(SPARSH-8).pdf,0.47066,0.9862,1.45508,2.91194
DOC316,316,MADHYA PRADESH,03/08/2026,J-12011/02/2026-RE-IV SI. No.13 (SPARSH-6),WAGE_DAILY_SANCTION,NEFMS_WAGE_DAILY,https://mnregaweb4.nic.in/RMS/WriteReadData/SancAttachments/VBGRAMG/J-12011$02$2026-RE-IVSINo13(SPARSH-6).pdf,1.5054,1.57771,4.62956,7.71267
DOC317,317,MADHYA PRADESH,31/07/2026,J-12011/02/2026-RE-IV SI. No.13 (SPARSH-5),WAGE_DAILY_SANCTION,NEFMS_WAGE_DAILY,https://mnregaweb4.nic.in/RMS/WriteReadData/SancAttachments/VBGRAMG/J-12011$02$2026-RE-IVSINo13(SPARSH-5).pdf,1.01833,0.61492,22.05626,23.68951
DOC318,318,MADHYA PRADESH,30/07/2026,J-12011/02/2026-RE-IV SI. No.13 (SPARSH-4),WAGE_DAILY_SANCTION,NEFMS_WAGE_DAILY,https://mnregaweb4.nic.in/RMS/WriteReadData/SancAttachments/VBGRAMG/J-12011$02$2026-RE-IVSINo13(SPARSH-4).pdf,0.75584,2.10981,4.22473,7.09038
DOC319,319,MADHYA PRADESH,30/07/2026,J-12011/02/2026-RE-IV SI. No.13 (SPARSH-3),WAGE_DAILY_SANCTION,NEFMS_WAGE_DAILY,https://mnregaweb4.nic.in/RMS/WriteReadData/SancAttachments/VBGRAMG/J-12011$02$2026-RE-IVSINo13(SPARSH-3).pdf,3.23152,4.11425,1.44276,8.78853
DOC320,320,MADHYA PRADESH,29/07/2026,J-12011/02/2026-RE-IV SI. No.13 (SPARSH-2),WAGE_DAILY_SANCTION,NEFMS_WAGE_DAILY,https://mnregaweb4.nic.in/RMS/WriteReadData/SancAttachments/VBGRAMG/J-12011$02$2026-RE-IVSINo13(SPARSH-2).pdf,0.07561,0.1093,0.47329,0.6582
DOC321,321,MADHYA PRADESH,29/07/2026,J-12011/02/2026-RE-IV SI. No.13 (SPARSH-1),WAGE_DAILY_SANCTION,NEFMS_WAGE_DAILY,https://mnregaweb4.nic.in/RMS/WriteReadData/SancAttachments/VBGRAMG/J-12011$02$2026-RE-IVSINo13(SPARSH-1).pdf,0.81812,1.8101,5.48907,8.11729
DOC322,322,MADHYA PRADESH,03/07/2026,J-12011/02/2026-RE-IV SI. No.13 (SPARSH-7),WAGE_DAILY_SANCTION,NEFMS_WAGE_DAILY,https://mnregaweb4.nic.in/RMS/WriteReadData/SancAttachments/VBGRAMG/J-12011$02$2026-RE-IVSINo13(SPARSH-7).pdf,2.39983,6.70206,9.32159,18.42348
DOC323,323,MAHARASHTRA,13/08/2026,J-14022/01/2026-RE-I (396160) Sl. No.14 3,WAGE_DAILY_SANCTION,NEFMS_WAGE_DAILY,https://mnregaweb4.nic.in/RMS/WriteReadData/SancAttachments/VBGRAMG/J-14022$01$2026-RE-I(396160)SlNo143.pdf,0,0,0.03994,0.03994
DOC324,324,MAHARASHTRA,12/08/2026,J-14022/01/2026-RE-I (396160) Sl. No.14 2,WAGE_DAILY_SANCTION,NEFMS_WAGE_DAILY,https://mnregaweb4.nic.in/RMS/WriteReadData/SancAttachments/VBGRAMG/J-14022$01$2026-RE-I(396160)SlNo142.pdf,0,0,0.13314,0.13314
DOC325,325,MAHARASHTRA,11/08/2026,J-14022/01/2026-RE-I (396160) Sl. No.14 1,WAGE_DAILY_SANCTION,NEFMS_WAGE_DAILY,https://mnregaweb4.nic.in/RMS/WriteReadData/SancAttachments/VBGRAMG/J-14022$01$2026-RE-I(396160)SlNo141.pdf,0,0,0.0932,0.0932
DOC326,326,NAGALAND,19/08/2026,J-11060/22/2026-RE-III Sl.No.18 (SPARSH 01),WAGE_DAILY_SANCTION,NEFMS_WAGE_DAILY,https://mnregaweb4.nic.in/RMS/WriteReadData/SancAttachments/VBGRAMG/J-11060$22$2026-RE-IIISlNo18(SPARSH01).pdf,0,0.1323,0.0027,0.135
DOC327,327,ODISHA,24/08/2026,L-15060/08/2026-RE-VII/Sl.No.19 (SPARSH-12),WAGE_DAILY_SANCTION,NEFMS_WAGE_DAILY,https://mnregaweb4.nic.in/RMS/WriteReadData/SancAttachments/VBGRAMG/L-15060$08$2026-RE-VII$SlNo19(SPARSH-12).pdf,56.5901,138.64916,179.46939,374.70865
DOC328,328,ODISHA,20/08/2026,L-15060/08/2026-RE-VII/Sl.No.19 (SPARSH-11),WAGE_DAILY_SANCTION,NEFMS_WAGE_DAILY,https://mnregaweb4.nic.in/RMS/WriteReadData/SancAttachments/VBGRAMG/L-15060$08$2026-RE-VII$SlNo19(SPARSH-11).pdf,38.8249,111.37952,118.60155,268.80597
DOC329,329,ODISHA,18/08/2026,L-15060/08/2026-RE-VII/Sl.No.19 (SPARSH-10),WAGE_DAILY_SANCTION,NEFMS_WAGE_DAILY,https://mnregaweb4.nic.in/RMS/WriteReadData/SancAttachments/VBGRAMG/L-15060$08$2026-RE-VII$SlNo19(SPARSH-10).pdf,53.3621,132.45474,153.99971,339.81655
DOC330,330,ODISHA,14/08/2026,L-15060/08/2026-RE-VII/Sl.No.19 (SPARSH-09),WAGE_DAILY_SANCTION,NEFMS_WAGE_DAILY,https://mnregaweb4.nic.in/RMS/WriteReadData/SancAttachments/VBGRAMG/L-15060$08$2026-RE-VII$SlNo19(SPARSH-09).pdf,77.10706,184.47498,236.85665,498.43869
DOC331,331,ODISHA,12/08/2026,L-15060/08/2026-RE-VII/Sl.No.19 (SPARSH-08),WAGE_DAILY_SANCTION,NEFMS_WAGE_DAILY,https://mnregaweb4.nic.in/RMS/WriteReadData/SancAttachments/VBGRAMG/L-15060$08$2026-RE-VII$SlNo19(SPARSH-08).pdf,66.83186,121.78675,172.21784,360.83645
DOC332,332,ODISHA,11/08/2026,L-15060/08/2026-RE-VII/Sl.No.19 (SPARSH-07),WAGE_DAILY_SANCTION,NEFMS_WAGE_DAILY,https://mnregaweb4.nic.in/RMS/WriteReadData/SancAttachments/VBGRAMG/L-15060$08$2026-RE-VII$SlNo19(SPARSH-07).pdf,30.02664,63.365,87.09056,180.4822
DOC333,333,ODISHA,07/08/2026,L-15060/08/2026-RE-VII/Sl.No.19 (SPARSH-06),WAGE_DAILY_SANCTION,NEFMS_WAGE_DAILY,https://mnregaweb4.nic.in/RMS/WriteReadData/SancAttachments/VBGRAMG/L-15060$08$2026-RE-VII$SlNo19(SPARSH-06).pdf,29.86825,52.51245,83.65287,166.03357
DOC334,334,ODISHA,03/08/2026,L-15060/08/2026-RE-VII/Sl.No.19 (SPARSH-05),WAGE_DAILY_SANCTION,NEFMS_WAGE_DAILY,https://mnregaweb4.nic.in/RMS/WriteReadData/SancAttachments/VBGRAMG/L-15060$08$2026-RE-VII$SlNo19(SPARSH-05).pdf,10.2452,26.2819,31.21585,67.74295
DOC335,335,ODISHA,28/07/2026,L-15060/08/2026-RE-VII Sl.No.19(SPARSH-04),WAGE_DAILY_SANCTION,NEFMS_WAGE_DAILY,https://mnregaweb4.nic.in/RMS/WriteReadData/SancAttachments/VBGRAMG/L-15060$08$2026-RE-VIISlNo19(SPARSH-04).pdf,19.45792,37.20437,52.08812,108.75041
DOC336,336,ODISHA,24/07/2026,L-15060/08/2026-RE-VII/Sl.No.19(SPARSH-03),WAGE_DAILY_SANCTION,NEFMS_WAGE_DAILY,https://mnregaweb4.nic.in/RMS/WriteReadData/SancAttachments/VBGRAMG/L-15060$08$2026-RE-VII$SlNo19(SPARSH-03).pdf,9.25528,12.25545,27.49719,49.00792
DOC337,337,ODISHA,23/07/2026,576/Finance/2026- 27 (Odisha Wage)-247851 (DBT SPARSH-02),WAGE_DAILY_SANCTION,NEFMS_WAGE_DAILY,https://mnregaweb4.nic.in/RMS/WriteReadData/SancAttachments/VBGRAMG/576$Finance$2026-27(OdishaWage)-247851(DBTSPARSH-02).pdf,17.33851,29.77732,58.68883,105.80466
DOC338,338,ODISHA,14/07/2026,576/Finance/2026- 27 (Odisha Wage)-240101 (DBT SPARSH-01),WAGE_DAILY_SANCTION,NEFMS_WAGE_DAILY,https://mnregaweb4.nic.in/RMS/WriteReadData/SancAttachments/VBGRAMG/576$Finance$2026-27(OdishaWage)-240101(DBTSPARSH-01).pdf,0.38162,0.36355,1.07128,1.81645
DOC339,339,PUNJAB,19/08/2026,J-14028/01/2026-RE-I (396162) Sl. No. 20 (3),WAGE_DAILY_SANCTION,NEFMS_WAGE_DAILY,https://mnregaweb4.nic.in/RMS/WriteReadData/SancAttachments/VBGRAMG/J-14028$01$2026-RE-I(396162)SlNo20(3).pdf,0,0,146.58044,146.58044
DOC340,340,PUNJAB,13/08/2026,J-14028/01/2026-RE-I (396162) Sl. No. 20 2,WAGE_DAILY_SANCTION,NEFMS_WAGE_DAILY,https://mnregaweb4.nic.in/RMS/WriteReadData/SancAttachments/VBGRAMG/J-14028$01$2026-RE-I(396162)SlNo202.pdf,8.372,0,5.17961,13.55161
DOC341,341,PUNJAB,30/07/2026,J-14028/01/2026-RE-I (396162) Sl. No. 20 (1),WAGE_DAILY_SANCTION,NEFMS_WAGE_DAILY,https://mnregaweb4.nic.in/RMS/WriteReadData/SancAttachments/VBGRAMG/J-14028$01$2026-RE-I(396162)SlNo20(1).pdf,0.59184,0,0,0.59184
DOC342,342,RAJASTHAN,20/08/2026,J-12015/03/2026-RE-IV Sl.No.21 (SPARSH 52),WAGE_DAILY_SANCTION,NEFMS_WAGE_DAILY,https://mnregaweb4.nic.in/RMS/WriteReadData/SancAttachments/VBGRAMG/J-12015$03$2026-RE-IVSlNo21(SPARSH52).pdf,105.32585,78.9468,145.90622,330.17887
DOC343,343,RAJASTHAN,20/08/2026,J-12015/03/2026-RE-IV Sl.No.21 (SPARSH 51),WAGE_DAILY_SANCTION,NEFMS_WAGE_DAILY,https://mnregaweb4.nic.in/RMS/WriteReadData/SancAttachments/VBGRAMG/J-12015$03$2026-RE-IVSlNo21(SPARSH51).pdf,0,0,214.25734,214.25734
DOC344,344,RAJASTHAN,19/08/2026,J-12015/03/2026-RE-IV Sl.No.21 (SPARSH 50),WAGE_DAILY_SANCTION,NEFMS_WAGE_DAILY,https://mnregaweb4.nic.in/RMS/WriteReadData/SancAttachments/VBGRAMG/J-12015$03$2026-RE-IVSlNo21(SPARSH50).pdf,0,0,357.65111,357.65111
DOC345,345,RAJASTHAN,19/08/2026,J-12015/03/2026-RE-IV Sl.No.21 (SPARSH 49),WAGE_DAILY_SANCTION,NEFMS_WAGE_DAILY,https://mnregaweb4.nic.in/RMS/WriteReadData/SancAttachments/VBGRAMG/J-12015$03$2026-RE-IVSlNo21(SPARSH49).pdf,0,0,386.08776,386.08776
DOC346,346,RAJASTHAN,19/08/2026,J-12015/03/2026-RE-IV Sl.No.21 (SPARSH 48),WAGE_DAILY_SANCTION,NEFMS_WAGE_DAILY,https://mnregaweb4.nic.in/RMS/WriteReadData/SancAttachments/VBGRAMG/J-12015$03$2026-RE-IVSlNo21(SPARSH48).pdf,47.26214,213.71858,61.50863,322.48935
DOC347,347,RAJASTHAN,19/08/2026,J-12015/03/2026-RE-IV Sl.No.21 (SPARSH 47),WAGE_DAILY_SANCTION,NEFMS_WAGE_DAILY,https://mnregaweb4.nic.in/RMS/WriteReadData/SancAttachments/VBGRAMG/J-12015$03$2026-RE-IVSlNo21(SPARSH47).pdf,0,0,366.66958,366.66958
DOC348,348,RAJASTHAN,19/08/2026,J-12015/03/2026-RE-IV Sl.No.21 (SPARSH 46),WAGE_DAILY_SANCTION,NEFMS_WAGE_DAILY,https://mnregaweb4.nic.in/RMS/WriteReadData/SancAttachments/VBGRAMG/J-12015$03$2026-RE-IVSlNo21(SPARSH46).pdf,324.86834,0,0,324.86834
DOC349,349,RAJASTHAN,18/08/2026,J-12015/03/2026-RE-IV Sl.No.21 (SPARSH 45),WAGE_DAILY_SANCTION,NEFMS_WAGE_DAILY,https://mnregaweb4.nic.in/RMS/WriteReadData/SancAttachments/VBGRAMG/J-12015$03$2026-RE-IVSlNo21(SPARSH45).pdf,89.23864,40.26677,159.59945,289.10486
DOC350,350,RAJASTHAN,18/08/2026,J-12015/03/2026-RE-IV Sl.No.21 (SPARSH 44),WAGE_DAILY_SANCTION,NEFMS_WAGE_DAILY,https://mnregaweb4.nic.in/RMS/WriteReadData/SancAttachments/VBGRAMG/J-12015$03$2026-RE-IVSlNo21(SPARSH44).pdf,0,0,61.63458,61.63458
DOC351,351,RAJASTHAN,17/08/2026,J-12015/03/2026-RE-IV Sl.No.21 (SPARSH 43),WAGE_DAILY_SANCTION,NEFMS_WAGE_DAILY,https://mnregaweb4.nic.in/RMS/WriteReadData/SancAttachments/VBGRAMG/J-12015$03$2026-RE-IVSlNo21(SPARSH43).pdf,75.8386,112.46199,123.15997,311.46056
DOC352,352,RAJASTHAN,17/08/2026,J-12015/03/2026-RE-IV Sl.No.21 (SPARSH 42),WAGE_DAILY_SANCTION,NEFMS_WAGE_DAILY,https://mnregaweb4.nic.in/RMS/WriteReadData/SancAttachments/VBGRAMG/J-12015$03$2026-RE-IVSlNo21(SPARSH42).pdf,0,0,150.86753,150.86753
DOC353,353,RAJASTHAN,14/08/2026,J-12015/03/2026-RE-IV Sl.No.21 (SPARSH 41),WAGE_DAILY_SANCTION,NEFMS_WAGE_DAILY,https://mnregaweb4.nic.in/RMS/WriteReadData/SancAttachments/VBGRAMG/J-12015$03$2026-RE-IVSlNo21(SPARSH41).pdf,276.20602,27.57254,0,303.77856
DOC354,354,RAJASTHAN,14/08/2026,J-12015/03/2026-RE-IV Sl.No.21 (SPARSH 40),WAGE_DAILY_SANCTION,NEFMS_WAGE_DAILY,https://mnregaweb4.nic.in/RMS/WriteReadData/SancAttachments/VBGRAMG/J-12015$03$2026-RE-IVSlNo21(SPARSH40).pdf,0,0,330.05878,330.05878
DOC355,355,RAJASTHAN,14/08/2026,J-12015/03/2026-RE-IV Sl.No.21 (SPARSH 39),WAGE_DAILY_SANCTION,NEFMS_WAGE_DAILY,https://mnregaweb4.nic.in/RMS/WriteReadData/SancAttachments/VBGRAMG/J-12015$03$2026-RE-IVSlNo21(SPARSH39).pdf,0,247.99477,90.71934,338.71411
DOC356,356,RAJASTHAN,14/08/2026,J-12015/03/2026-RE-IV Sl.No.21 (SPARSH 38),WAGE_DAILY_SANCTION,NEFMS_WAGE_DAILY,https://mnregaweb4.nic.in/RMS/WriteReadData/SancAttachments/VBGRAMG/J-12015$03$2026-RE-IVSlNo21(SPARSH38).pdf,0,0,220.68417,220.68417
DOC357,357,RAJASTHAN,13/08/2026,J-12015/03/2026-RE-IV Sl.No.21 (SPARSH 37),WAGE_DAILY_SANCTION,NEFMS_WAGE_DAILY,https://mnregaweb4.nic.in/RMS/WriteReadData/SancAttachments/VBGRAMG/J-12015$03$2026-RE-IVSlNo21(SPARSH37).pdf,153.92177,98.91054,50.35149,303.1838
DOC358,358,RAJASTHAN,13/08/2026,J-12015/03/2026-RE-IV Sl.No.21 (SPARSH 36),WAGE_DAILY_SANCTION,NEFMS_WAGE_DAILY,https://mnregaweb4.nic.in/RMS/WriteReadData/SancAttachments/VBGRAMG/J-12015$03$2026-RE-IVSlNo21(SPARSH36).pdf,0,0,319.77843,319.77843
DOC359,359,RAJASTHAN,13/08/2026,J-12015/03/2026-RE-IV Sl.No.21 (SPARSH 35),WAGE_DAILY_SANCTION,NEFMS_WAGE_DAILY,https://mnregaweb4.nic.in/RMS/WriteReadData/SancAttachments/VBGRAMG/J-12015$03$2026-RE-IVSlNo21(SPARSH35).pdf,0,0,56.28091,56.28091
DOC360,360,RAJASTHAN,12/08/2026,J-12015/03/2026-RE-IV Sl.No.21 (SPARSH 34),WAGE_DAILY_SANCTION,NEFMS_WAGE_DAILY,https://mnregaweb4.nic.in/RMS/WriteReadData/SancAttachments/VBGRAMG/J-12015$03$2026-RE-IVSlNo21(SPARSH34).pdf,0,0,336.89224,336.89224
DOC361,361,RAJASTHAN,12/08/2026,J-12015/03/2026-RE-IV Sl.No.21 (SPARSH 33),WAGE_DAILY_SANCTION,NEFMS_WAGE_DAILY,https://mnregaweb4.nic.in/RMS/WriteReadData/SancAttachments/VBGRAMG/J-12015$03$2026-RE-IVSlNo21(SPARSH33).pdf,191.46427,105.87876,0,297.34303
DOC362,362,RAJASTHAN,12/08/2026,J-12015/03/2026-RE-IV Sl.No.21 (SPARSH 32),WAGE_DAILY_SANCTION,NEFMS_WAGE_DAILY,https://mnregaweb4.nic.in/RMS/WriteReadData/SancAttachments/VBGRAMG/J-12015$03$2026-RE-IVSlNo21(SPARSH32).pdf,0,40.1272,278.78784,318.91504
DOC363,363,RAJASTHAN,12/08/2026,J-12015/03/2026-RE-IV Sl.No.21 (SPARSH 31),WAGE_DAILY_SANCTION,NEFMS_WAGE_DAILY,https://mnregaweb4.nic.in/RMS/WriteReadData/SancAttachments/VBGRAMG/J-12015$03$2026-RE-IVSlNo21(SPARSH31).pdf,0,0,89.31487,89.31487
DOC364,364,RAJASTHAN,11/08/2026,J-12015/03/2026-RE-IV Sl.No.21 (SPARSH 30),WAGE_DAILY_SANCTION,NEFMS_WAGE_DAILY,https://mnregaweb4.nic.in/RMS/WriteReadData/SancAttachments/VBGRAMG/J-12015$03$2026-RE-IVSlNo21(SPARSH30).pdf,0,0,70.75203,70.75203
DOC365,365,RAJASTHAN,11/08/2026,J-12015/03/2026-RE-IV Sl.No.21 (SPARSH 29),WAGE_DAILY_SANCTION,NEFMS_WAGE_DAILY,https://mnregaweb4.nic.in/RMS/WriteReadData/SancAttachments/VBGRAMG/J-12015$03$2026-RE-IVSlNo21(SPARSH29).pdf,73.03085,72.94922,175.26743,321.2475
DOC366,366,RAJASTHAN,11/08/2026,J-12015/03/2026-RE-IV Sl.No.21 (SPARSH 28),WAGE_DAILY_SANCTION,NEFMS_WAGE_DAILY,https://mnregaweb4.nic.in/RMS/WriteReadData/SancAttachments/VBGRAMG/J-12015$03$2026-RE-IVSlNo21(SPARSH28).pdf,96.64295,76.41223,122.12228,295.17746
DOC367,367,RAJASTHAN,11/08/2026,J-12015/03/2026-RE-IV Sl.No.21 (SPARSH 27),WAGE_DAILY_SANCTION,NEFMS_WAGE_DAILY,https://mnregaweb4.nic.in/RMS/WriteReadData/SancAttachments/VBGRAMG/J-12015$03$2026-RE-IVSlNo21(SPARSH27).pdf,65.33019,107.65612,101.47342,274.45973
DOC368,368,RAJASTHAN,11/08/2026,J-12015/03/2026-RE-IV Sl.No.21 (SPARSH 26),WAGE_DAILY_SANCTION,NEFMS_WAGE_DAILY,https://mnregaweb4.nic.in/RMS/WriteReadData/SancAttachments/VBGRAMG/J-12015$03$2026-RE-IVSlNo21(SPARSH26).pdf,0,0,16.61835,16.61835
DOC369,369,RAJASTHAN,11/08/2026,J-12015/03/2026-RE-IV Sl.No.21 (SPARSH 25),WAGE_DAILY_SANCTION,NEFMS_WAGE_DAILY,https://mnregaweb4.nic.in/RMS/WriteReadData/SancAttachments/VBGRAMG/J-12015$03$2026-RE-IVSlNo21(SPARSH25).pdf,72.31381,28.31738,225.77697,326.40816
DOC370,370,RAJASTHAN,10/08/2026,J-12015/03/2026-RE-IV Sl.No.21 (SPARSH 24),WAGE_DAILY_SANCTION,NEFMS_WAGE_DAILY,https://mnregaweb4.nic.in/RMS/WriteReadData/SancAttachments/VBGRAMG/J-12015$03$2026-RE-IVSlNo21(SPARSH24).pdf,0,0,52.42926,52.42926
DOC371,371,RAJASTHAN,07/08/2026,J-12015/03/2026-RE-IV Sl.No.21 (SPARSH 23),WAGE_DAILY_SANCTION,NEFMS_WAGE_DAILY,https://mnregaweb4.nic.in/RMS/WriteReadData/SancAttachments/VBGRAMG/J-12015$03$2026-RE-IVSlNo21(SPARSH23).pdf,0,0,249.68318,249.68318
DOC372,372,RAJASTHAN,07/08/2026,J-12015/03/2026-RE-IV Sl.No.21 (SPARSH 22),WAGE_DAILY_SANCTION,NEFMS_WAGE_DAILY,https://mnregaweb4.nic.in/RMS/WriteReadData/SancAttachments/VBGRAMG/J-12015$03$2026-RE-IVSlNo21(SPARSH22).pdf,0,83.29847,214.24226,297.54073
DOC373,373,RAJASTHAN,07/08/2026,J-12015/03/2026-RE-IV Sl.No.21 (SPARSH 21),WAGE_DAILY_SANCTION,NEFMS_WAGE_DAILY,https://mnregaweb4.nic.in/RMS/WriteReadData/SancAttachments/VBGRAMG/J-12015$03$2026-RE-IVSlNo21(SPARSH21).pdf,132.96635,146.68295,0,279.6493
DOC374,374,RAJASTHAN,05/08/2026,J-12015/03/2026-RE-IV Sl.No.21 (SPARSH 20),WAGE_DAILY_SANCTION,NEFMS_WAGE_DAILY,https://mnregaweb4.nic.in/RMS/WriteReadData/SancAttachments/VBGRAMG/J-12015$03$2026-RE-IVSlNo21(SPARSH20).pdf,63.96699,107.71608,109.75449,281.43756
DOC375,375,RAJASTHAN,05/08/2026,J-12015/03/2026-RE-IV Sl.No.21 (SPARSH 19),WAGE_DAILY_SANCTION,NEFMS_WAGE_DAILY,https://mnregaweb4.nic.in/RMS/WriteReadData/SancAttachments/VBGRAMG/J-12015$03$2026-RE-IVSlNo21(SPARSH19).pdf,0,0,72.57342,72.57342
DOC376,376,RAJASTHAN,04/08/2026,J-12015/03/2026-RE-IV Sl.No.21 (SPARSH 18),WAGE_DAILY_SANCTION,NEFMS_WAGE_DAILY,https://mnregaweb4.nic.in/RMS/WriteReadData/SancAttachments/VBGRAMG/J-12015$03$2026-RE-IVSlNo21(SPARSH18).pdf,41.82221,67.51406,91.64098,200.97725
DOC377,377,RAJASTHAN,03/08/2026,J-12015/03/2026-RE-IV Sl.No.21 (SPARSH 9),WAGE_DAILY_SANCTION,NEFMS_WAGE_DAILY,https://mnregaweb4.nic.in/RMS/WriteReadData/SancAttachments/VBGRAMG/J-12015$03$2026-RE-IVSlNo21(SPARSH9).pdf,88.52258,145.822,46.43645,280.78103
DOC378,378,RAJASTHAN,03/08/2026,J-12015/03/2026-RE-IV Sl.No.21 (SPARSH 8),WAGE_DAILY_SANCTION,NEFMS_WAGE_DAILY,https://mnregaweb4.nic.in/RMS/WriteReadData/SancAttachments/VBGRAMG/J-12015$03$2026-RE-IVSlNo21(SPARSH8).pdf,0,0,215.90955,215.90955
DOC379,379,RAJASTHAN,03/08/2026,J-12015/03/2026-RE-IV Sl.No.21 (SPARSH 17),WAGE_DAILY_SANCTION,NEFMS_WAGE_DAILY,https://mnregaweb4.nic.in/RMS/WriteReadData/SancAttachments/VBGRAMG/J-12015$03$2026-RE-IVSlNo21(SPARSH17).pdf,58.20062,78.47972,94.50169,231.18203
DOC380,380,RAJASTHAN,03/08/2026,J-12015/03/2026-RE-IV Sl.No.21 (SPARSH 16),WAGE_DAILY_SANCTION,NEFMS_WAGE_DAILY,https://mnregaweb4.nic.in/RMS/WriteReadData/SancAttachments/VBGRAMG/J-12015$03$2026-RE-IVSlNo21(SPARSH16).pdf,73.87803,206.61413,0,280.49216
DOC381,381,RAJASTHAN,03/08/2026,J-12015/03/2026-RE-IV Sl.No.21 (SPARSH 15),WAGE_DAILY_SANCTION,NEFMS_WAGE_DAILY,https://mnregaweb4.nic.in/RMS/WriteReadData/SancAttachments/VBGRAMG/J-12015$03$2026-RE-IVSlNo21(SPARSH15).pdf,180.18619,74.24815,0,254.43434
DOC382,382,RAJASTHAN,03/08/2026,J-12015/03/2026-RE-IV Sl.No.21 (SPARSH 14),WAGE_DAILY_SANCTION,NEFMS_WAGE_DAILY,https://mnregaweb4.nic.in/RMS/WriteReadData/SancAttachments/VBGRAMG/J-12015$03$2026-RE-IVSlNo21(SPARSH14).pdf,224.61062,57.8553,0,282.46592
DOC383,383,RAJASTHAN,03/08/2026,J-12015/03/2026-RE-IV Sl.No.21 (SPARSH 13),WAGE_DAILY_SANCTION,NEFMS_WAGE_DAILY,https://mnregaweb4.nic.in/RMS/WriteReadData/SancAttachments/VBGRAMG/J-12015$03$2026-RE-IVSlNo21(SPARSH13).pdf,0,275.68294,0,275.68294
DOC384,384,RAJASTHAN,03/08/2026,J-12015/03/2026-RE-IV Sl.No.21 (SPARSH 12),WAGE_DAILY_SANCTION,NEFMS_WAGE_DAILY,https://mnregaweb4.nic.in/RMS/WriteReadData/SancAttachments/VBGRAMG/J-12015$03$2026-RE-IVSlNo21(SPARSH12).pdf,0,30.00028,228.86365,258.86393
DOC385,385,RAJASTHAN,03/08/2026,J-12015/03/2026-RE-IV Sl.No.21 (SPARSH 11),WAGE_DAILY_SANCTION,NEFMS_WAGE_DAILY,https://mnregaweb4.nic.in/RMS/WriteReadData/SancAttachments/VBGRAMG/J-12015$03$2026-RE-IVSlNo21(SPARSH11).pdf,0,3.62467,255.12829,258.75296
DOC386,386,RAJASTHAN,03/08/2026,J-12015/03/2026-RE-IV Sl.No.21 (SPARSH 10),WAGE_DAILY_SANCTION,NEFMS_WAGE_DAILY,https://mnregaweb4.nic.in/RMS/WriteReadData/SancAttachments/VBGRAMG/J-12015$03$2026-RE-IVSlNo21(SPARSH10).pdf,0,0,326.34468,326.34468
DOC387,387,RAJASTHAN,31/07/2026,J-12015/03/2026-RE-IV Sl.No.21 (7),WAGE_DAILY_SANCTION,NEFMS_WAGE_DAILY,https://mnregaweb4.nic.in/RMS/WriteReadData/SancAttachments/VBGRAMG/J-12015$03$2026-RE-IVSlNo21(7).pdf,0,0,75.31742,75.31742
DOC388,388,RAJASTHAN,30/07/2026,J-12015/03/2026-RE-IV Sl.No.21 (6),WAGE_DAILY_SANCTION,NEFMS_WAGE_DAILY,https://mnregaweb4.nic.in/RMS/WriteReadData/SancAttachments/VBGRAMG/J-12015$03$2026-RE-IVSlNo21(6).pdf,0,0,269.93609,269.93609
DOC389,389,RAJASTHAN,30/07/2026,J-12015/03/2026-RE-IV Sl.No.21 (5),WAGE_DAILY_SANCTION,NEFMS_WAGE_DAILY,https://mnregaweb4.nic.in/RMS/WriteReadData/SancAttachments/VBGRAMG/J-12015$03$2026-RE-IVSlNo21(5).pdf,0,248.95979,52.5543,301.51409
DOC390,390,RAJASTHAN,30/07/2026,J-12015/03/2026-RE-IV Sl.No.21 (4),WAGE_DAILY_SANCTION,NEFMS_WAGE_DAILY,https://mnregaweb4.nic.in/RMS/WriteReadData/SancAttachments/VBGRAMG/J-12015$03$2026-RE-IVSlNo21(4).pdf,0,0,70.16536,70.16536
DOC391,391,RAJASTHAN,29/07/2026,J-12015/03/2026-RE-IV Sl.No.21 (3),WAGE_DAILY_SANCTION,NEFMS_WAGE_DAILY,https://mnregaweb4.nic.in/RMS/WriteReadData/SancAttachments/VBGRAMG/J-12015$03$2026-RE-IVSlNo21(3).pdf,0,0,250.69657,250.69657
DOC392,392,RAJASTHAN,28/07/2026,J-12015/03/2026-RE-IV Sl.No.21 (2),WAGE_DAILY_SANCTION,NEFMS_WAGE_DAILY,https://mnregaweb4.nic.in/RMS/WriteReadData/SancAttachments/VBGRAMG/J-12015$03$2026-RE-IVSlNo21(2).pdf,0,0,18.3307,18.3307
DOC393,393,RAJASTHAN,28/07/2026,J-12015/03/2026-RE-IV Sl.No.21 (1),WAGE_DAILY_SANCTION,NEFMS_WAGE_DAILY,https://mnregaweb4.nic.in/RMS/WriteReadData/SancAttachments/VBGRAMG/J-12015$03$2026-RE-IVSlNo21(1).pdf,0,0,18.8032,18.8032
DOC394,394,TAMILNADU,21/08/2026,J-11060/12/2026-RE-VI (395700) Sl. No. 23(Sparsh-22),WAGE_DAILY_SANCTION,NEFMS_WAGE_DAILY,https://mnregaweb4.nic.in/RMS/WriteReadData/SancAttachments/VBGRAMG/J-11060$12$2026-RE-VI(395700)SlNo23(Sparsh-22).pdf,30.87293,9.23615,72.33989,112.44897
DOC395,395,TAMILNADU,21/08/2026,J-11060/12/2026-RE-VI (395700) Sl. No. 23(Sparsh-21),WAGE_DAILY_SANCTION,NEFMS_WAGE_DAILY,https://mnregaweb4.nic.in/RMS/WriteReadData/SancAttachments/VBGRAMG/J-11060$12$2026-RE-VI(395700)SlNo23(Sparsh-21).pdf,100.60414,5.15353,256.40597,362.16364
DOC396,396,TAMILNADU,20/08/2026,J-11060/12/2026-RE-VI (395700) Sl. No. 23(Sparsh-20),WAGE_DAILY_SANCTION,NEFMS_WAGE_DAILY,https://mnregaweb4.nic.in/RMS/WriteReadData/SancAttachments/VBGRAMG/J-11060$12$2026-RE-VI(395700)SlNo23(Sparsh-20).pdf,18.86507,0.588,41.11043,60.5635
DOC397,397,TAMILNADU,20/08/2026,J-11060/12/2026-RE-VI (395700) Sl. No. 23(Sparsh-19),WAGE_DAILY_SANCTION,NEFMS_WAGE_DAILY,https://mnregaweb4.nic.in/RMS/WriteReadData/SancAttachments/VBGRAMG/J-11060$12$2026-RE-VI(395700)SlNo23(Sparsh-19).pdf,27.15128,1.36963,77.42446,105.94537
DOC398,398,TAMILNADU,20/08/2026,J-11060/12/2026-RE-VI (395700) Sl. No. 23(Sparsh-18),WAGE_DAILY_SANCTION,NEFMS_WAGE_DAILY,https://mnregaweb4.nic.in/RMS/WriteReadData/SancAttachments/VBGRAMG/J-11060$12$2026-RE-VI(395700)SlNo23(Sparsh-18).pdf,56.70333,1.88102,137.77927,196.36362
DOC399,399,TAMILNADU,20/08/2026,J-11060/12/2026-RE-VI (395700) Sl. No. 23(Sparsh-17),WAGE_DAILY_SANCTION,NEFMS_WAGE_DAILY,https://mnregaweb4.nic.in/RMS/WriteReadData/SancAttachments/VBGRAMG/J-11060$12$2026-RE-VI(395700)SlNo23(Sparsh-17).pdf,60.88718,3.34772,124.105,188.3399
DOC400,400,TAMILNADU,18/08/2026,J-11060/12/2026-RE-VI (395700) Sl. No. 23(Sparsh-16),WAGE_DAILY_SANCTION,NEFMS_WAGE_DAILY,https://mnregaweb4.nic.in/RMS/WriteReadData/SancAttachments/VBGRAMG/J-11060$12$2026-RE-VI(395700)SlNo23(Sparsh-16).pdf,4.71012,0.19602,14.81172,19.71786
DOC401,401,TAMILNADU,18/08/2026,J-11060/12/2026-RE-VI (395700) Sl. No. 23(Sparsh-15),WAGE_DAILY_SANCTION,NEFMS_WAGE_DAILY,https://mnregaweb4.nic.in/RMS/WriteReadData/SancAttachments/VBGRAMG/J-11060$12$2026-RE-VI(395700)SlNo23(Sparsh-15).pdf,24.77039,1.5767,64.72665,91.07374
DOC402,402,TAMILNADU,17/08/2026,J-11060/12/2026-RE-VI (395700) Sl. No. 23(Sparsh-9 ),WAGE_DAILY_SANCTION,NEFMS_WAGE_DAILY,https://mnregaweb4.nic.in/RMS/WriteReadData/SancAttachments/VBGRAMG/J-11060$12$2026-RE-VI(395700)SlNo23(Sparsh-9).pdf,0.08001,0.0234,0.37725,0.48066
DOC403,403,TAMILNADU,17/08/2026,J-11060/12/2026-RE-VI (395700) Sl. No. 23(Sparsh-13 ),WAGE_DAILY_SANCTION,NEFMS_WAGE_DAILY,https://mnregaweb4.nic.in/RMS/WriteReadData/SancAttachments/VBGRAMG/J-11060$12$2026-RE-VI(395700)SlNo23(Sparsh-13).pdf,54.08779,5.16814,153.0048,212.26073
DOC404,404,TAMILNADU,17/08/2026,J-11060/12/2026-RE-VI (395700) Sl. No. 23(Sparsh-11 ),WAGE_DAILY_SANCTION,NEFMS_WAGE_DAILY,https://mnregaweb4.nic.in/RMS/WriteReadData/SancAttachments/VBGRAMG/J-11060$12$2026-RE-VI(395700)SlNo23(Sparsh-11).pdf,8.88492,0.14544,14.95493,23.98529
DOC405,405,TAMILNADU,17/08/2026,J-11060/12/2026-RE-VI (395700) Sl. No. 23(Sparsh-10 ),WAGE_DAILY_SANCTION,NEFMS_WAGE_DAILY,https://mnregaweb4.nic.in/RMS/WriteReadData/SancAttachments/VBGRAMG/J-11060$12$2026-RE-VI(395700)SlNo23(Sparsh-10).pdf,5.49763,0.0468,17.92547,23.4699
DOC406,406,TAMILNADU,17/08/2026,J-11060/12/2026-RE-VI (395700) Sl. No. 23(Sparsh- 14),WAGE_DAILY_SANCTION,NEFMS_WAGE_DAILY,https://mnregaweb4.nic.in/RMS/WriteReadData/SancAttachments/VBGRAMG/J-11060$12$2026-RE-VI(395700)SlNo23(Sparsh-14).pdf,42.55212,4.04213,117.7515,164.34575
DOC407,407,TAMILNADU,17/08/2026,J-11060/12/2026-RE-VI (395700) Sl. No. 23(Sparsh- 12),WAGE_DAILY_SANCTION,NEFMS_WAGE_DAILY,https://mnregaweb4.nic.in/RMS/WriteReadData/SancAttachments/VBGRAMG/J-11060$12$2026-RE-VI(395700)SlNo23(Sparsh-12).pdf,7.4575,0.56874,21.32623,29.35247
DOC408,408,TAMILNADU,14/08/2026,J-11060/12/2026-RE-VI (395700) Sl. No. 23 (Sparsh- 8 ),WAGE_DAILY_SANCTION,NEFMS_WAGE_DAILY,https://mnregaweb4.nic.in/RMS/WriteReadData/SancAttachments/VBGRAMG/J-11060$12$2026-RE-VI(395700)SlNo23(Sparsh-8).pdf,26.88408,1.01686,55.01406,82.915
DOC409,409,TAMILNADU,14/08/2026,J-11060/12/2026-RE-VI (395700) Sl. No. 23 (Sparsh- 7 ),WAGE_DAILY_SANCTION,NEFMS_WAGE_DAILY,https://mnregaweb4.nic.in/RMS/WriteReadData/SancAttachments/VBGRAMG/J-11060$12$2026-RE-VI(395700)SlNo23(Sparsh-7).pdf,55.73661,3.11573,137.08471,195.93705
DOC410,410,TAMILNADU,13/08/2026,J-11060/12/2026-RE-VI (395700) Sl. No. 23 (Sparsh- 6),WAGE_DAILY_SANCTION,NEFMS_WAGE_DAILY,https://mnregaweb4.nic.in/RMS/WriteReadData/SancAttachments/VBGRAMG/J-11060$12$2026-RE-VI(395700)SlNo23(Sparsh-6).pdf,21.0804,0.98682,46.64767,68.71489
DOC411,411,TAMILNADU,12/08/2026,J-11060/12/2026-RE-VI (395700) Sl. No. 23( Sparsh-5),WAGE_DAILY_SANCTION,NEFMS_WAGE_DAILY,https://mnregaweb4.nic.in/RMS/WriteReadData/SancAttachments/VBGRAMG/J-11060$12$2026-RE-VI(395700)SlNo23(Sparsh-5).pdf,7.31014,0.5131,14.35722,22.18046
DOC412,412,TAMILNADU,11/08/2026,J-11060/12/2026-RE-VI (395700) Sl. No. 23(Sparsh-3),WAGE_DAILY_SANCTION,NEFMS_WAGE_DAILY,https://mnregaweb4.nic.in/RMS/WriteReadData/SancAttachments/VBGRAMG/J-11060$12$2026-RE-VI(395700)SlNo23(Sparsh-3).pdf,5.81993,0.33076,14.49814,20.64883
DOC413,413,TAMILNADU,11/08/2026,J-11060/12/2026-RE-VI (395700) Sl. No. 23 (Sparsh-4),WAGE_DAILY_SANCTION,NEFMS_WAGE_DAILY,https://mnregaweb4.nic.in/RMS/WriteReadData/SancAttachments/VBGRAMG/J-11060$12$2026-RE-VI(395700)SlNo23(Sparsh-4).pdf,4.77909,0.04825,7.25206,12.0794
DOC414,414,TAMILNADU,04/08/2026,J-11060/12/2026-RE-VI (395700) Sl. No. 23(Sparsh-2),WAGE_DAILY_SANCTION,NEFMS_WAGE_DAILY,https://mnregaweb4.nic.in/RMS/WriteReadData/SancAttachments/VBGRAMG/J-11060$12$2026-RE-VI(395700)SlNo23(Sparsh-2).pdf,0,0,0.01411,0.01411
DOC415,415,TAMILNADU,03/08/2026,J-11060/12/2026-RE-VI (395700) Sl. No. 23(Sparsh-1),WAGE_DAILY_SANCTION,NEFMS_WAGE_DAILY,https://mnregaweb4.nic.in/RMS/WriteReadData/SancAttachments/VBGRAMG/J-11060$12$2026-RE-VI(395700)SlNo23(Sparsh-1).pdf,0.00182,0,0.00183,0.00365
DOC416,416,TRIPURA,20/08/2026,J-12014/02/2026-RE-IV Sl.No.25 (SPARSH 17),WAGE_DAILY_SANCTION,NEFMS_WAGE_DAILY,https://mnregaweb4.nic.in/RMS/WriteReadData/SancAttachments/VBGRAMG/J-12014$02$2026-RE-IVSlNo25(SPARSH17).pdf,10.7416,120.66513,36.12038,167.52711
DOC417,417,TRIPURA,19/08/2026,J-12014/02/2026-RE-IV Sl.No.25 (SPARSH 16),WAGE_DAILY_SANCTION,NEFMS_WAGE_DAILY,https://mnregaweb4.nic.in/RMS/WriteReadData/SancAttachments/VBGRAMG/J-12014$02$2026-RE-IVSlNo25(SPARSH16).pdf,30.67992,172.04376,61.08723,263.81091
DOC418,418,TRIPURA,18/08/2026,J-12014/02/2026-RE-IV Sl.No.25 (SPARSH 15),WAGE_DAILY_SANCTION,NEFMS_WAGE_DAILY,https://mnregaweb4.nic.in/RMS/WriteReadData/SancAttachments/VBGRAMG/J-12014$02$2026-RE-IVSlNo25(SPARSH15).pdf,35.49317,79.12167,83.74582,198.36066
DOC419,419,TRIPURA,14/08/2026,J-12014/02/2026-RE-IV Sl.No.25 (SPARSH 14),WAGE_DAILY_SANCTION,NEFMS_WAGE_DAILY,https://mnregaweb4.nic.in/RMS/WriteReadData/SancAttachments/VBGRAMG/J-12014$02$2026-RE-IVSlNo25(SPARSH14).pdf,18.2871,145.89539,33.64025,197.82274
DOC420,420,TRIPURA,14/08/2026,J-12014/02/2026-RE-IV Sl.No.25 (SPARSH 13),WAGE_DAILY_SANCTION,NEFMS_WAGE_DAILY,https://mnregaweb4.nic.in/RMS/WriteReadData/SancAttachments/VBGRAMG/J-12014$02$2026-RE-IVSlNo25(SPARSH13).pdf,0,22.95743,0.49068,23.44811
DOC421,421,TRIPURA,14/08/2026,J-12014/02/2026-RE-IV Sl.No.25 (SPARSH 12),WAGE_DAILY_SANCTION,NEFMS_WAGE_DAILY,https://mnregaweb4.nic.in/RMS/WriteReadData/SancAttachments/VBGRAMG/J-12014$02$2026-RE-IVSlNo25(SPARSH12).pdf,27.67358,123.67093,108.90813,260.25264
DOC422,422,TRIPURA,13/08/2026,J-12014/02/2026-RE-IV Sl.No.25 (SPARSH 11),WAGE_DAILY_SANCTION,NEFMS_WAGE_DAILY,https://mnregaweb4.nic.in/RMS/WriteReadData/SancAttachments/VBGRAMG/J-12014$02$2026-RE-IVSlNo25(SPARSH11).pdf,5.25381,38.81608,13.10082,57.17071
DOC423,423,TRIPURA,12/08/2026,J-12014/02/2026-RE-IV Sl.No.25 (SPARSH 10),WAGE_DAILY_SANCTION,NEFMS_WAGE_DAILY,https://mnregaweb4.nic.in/RMS/WriteReadData/SancAttachments/VBGRAMG/J-12014$02$2026-RE-IVSlNo25(SPARSH10).pdf,12.0324,85.01155,47.53428,144.57823
DOC424,424,TRIPURA,11/08/2026,J-12014/02/2026-RE-IV Sl.No.25 (SPARSH 9),WAGE_DAILY_SANCTION,NEFMS_WAGE_DAILY,https://mnregaweb4.nic.in/RMS/WriteReadData/SancAttachments/VBGRAMG/J-12014$02$2026-RE-IVSlNo25(SPARSH9).pdf,6.08639,81.90377,32.79012,120.78028
DOC425,425,TRIPURA,11/08/2026,J-12014/02/2026-RE-IV Sl.No.25 (SPARSH 8),WAGE_DAILY_SANCTION,NEFMS_WAGE_DAILY,https://mnregaweb4.nic.in/RMS/WriteReadData/SancAttachments/VBGRAMG/J-12014$02$2026-RE-IVSlNo25(SPARSH8).pdf,20.89124,16.0688,24.18827,61.14831
DOC426,426,TRIPURA,10/08/2026,J-12014/02/2026-RE-IV Sl.No.25 (SPARSH 7),WAGE_DAILY_SANCTION,NEFMS_WAGE_DAILY,https://mnregaweb4.nic.in/RMS/WriteReadData/SancAttachments/VBGRAMG/J-12014$02$2026-RE-IVSlNo25(SPARSH7).pdf,27.23439,128.69636,75.06937,231.00012
DOC427,427,TRIPURA,04/08/2026,J-12014/02/2026-RE-IV Sl.No.25 (SPARSH 6),WAGE_DAILY_SANCTION,NEFMS_WAGE_DAILY,https://mnregaweb4.nic.in/RMS/WriteReadData/SancAttachments/VBGRAMG/J-12014$02$2026-RE-IVSlNo25(SPARSH6).pdf,5.85387,13.39079,57.27083,76.51549
DOC428,428,TRIPURA,31/07/2026,J-12014/02/2026-RE-IV Sl.No.25 (SPARSH 5),WAGE_DAILY_SANCTION,NEFMS_WAGE_DAILY,https://mnregaweb4.nic.in/RMS/WriteReadData/SancAttachments/VBGRAMG/J-12014$02$2026-RE-IVSlNo25(SPARSH5).pdf,4.44951,54.08322,27.47209,86.00482
DOC429,429,TRIPURA,29/07/2026,J-12014/02/2026-RE-IV Sl.No.25 (SPARSH 4),WAGE_DAILY_SANCTION,NEFMS_WAGE_DAILY,https://mnregaweb4.nic.in/RMS/WriteReadData/SancAttachments/VBGRAMG/J-12014$02$2026-RE-IVSlNo25(SPARSH4).pdf,2.15433,1.63496,21.35291,25.1422
DOC430,430,TRIPURA,28/07/2026,J-12014/02/2026-RE-IV Sl.No.25 (SPARSH 3),WAGE_DAILY_SANCTION,NEFMS_WAGE_DAILY,https://mnregaweb4.nic.in/RMS/WriteReadData/SancAttachments/VBGRAMG/J-12014$02$2026-RE-IVSlNo25(SPARSH3).pdf,0,0.63832,0,0.63832
DOC431,431,TRIPURA,28/07/2026,J-12014/02/2026-RE-IV Sl.No.25 (SPARSH 2),WAGE_DAILY_SANCTION,NEFMS_WAGE_DAILY,https://mnregaweb4.nic.in/RMS/WriteReadData/SancAttachments/VBGRAMG/J-12014$02$2026-RE-IVSlNo25(SPARSH2).pdf,0,0.74075,0.09558,0.83633
DOC432,432,TRIPURA,28/07/2026,J-12014/02/2026-RE-IV Sl.No.25 (SPARSH 1),WAGE_DAILY_SANCTION,NEFMS_WAGE_DAILY,https://mnregaweb4.nic.in/RMS/WriteReadData/SancAttachments/VBGRAMG/J-12014$02$2026-RE-IVSlNo25(SPARSH1).pdf,0.13653,0,0,0.13653
DOC433,433,WEST BENGAL,21/08/2026,G-31011/24/2026 (397003)-RE-V Sl No-28 (7)(278875),WAGE_DAILY_SANCTION,NEFMS_WAGE_DAILY,https://mnregaweb4.nic.in/RMS/WriteReadData/SancAttachments/VBGRAMG/G-31011$24$2026(397003)-RE-VSlNo-28(7)(278875).pdf,0.00486,0,0.06418,0.06904
DOC434,434,WEST BENGAL,20/08/2026,G-31011/24/2026 (397003)-RE-V Sl No-28 (6)(276091),WAGE_DAILY_SANCTION,NEFMS_WAGE_DAILY,https://mnregaweb4.nic.in/RMS/WriteReadData/SancAttachments/VBGRAMG/G-31011$24$2026(397003)-RE-VSlNo-28(6)(276091).pdf,0,0.00362,0.00422,0.00784
DOC435,435,WEST BENGAL,20/08/2026,G-31011/24/2026 (397003)-RE-V Sl No-28 (5)(277321),WAGE_DAILY_SANCTION,NEFMS_WAGE_DAILY,https://mnregaweb4.nic.in/RMS/WriteReadData/SancAttachments/VBGRAMG/G-31011$24$2026(397003)-RE-VSlNo-28(5)(277321).pdf,0.0967,0.11587,0.07798,0.29055
DOC436,436,WEST BENGAL,17/08/2026,G-31011/24/2026 (397003)-RE-V Sl No-28 (4),WAGE_DAILY_SANCTION,NEFMS_WAGE_DAILY,https://mnregaweb4.nic.in/RMS/WriteReadData/SancAttachments/VBGRAMG/G-31011$24$2026(397003)-RE-VSlNo-28(4).pdf,0.0324,0,0,0.0324
DOC437,437,WEST BENGAL,13/08/2026,G-31011/24/2026 (397003)-RE-V Sl No-28 (3) (270544),WAGE_DAILY_SANCTION,NEFMS_WAGE_DAILY,https://mnregaweb4.nic.in/RMS/WriteReadData/SancAttachments/VBGRAMG/G-31011$24$2026(397003)-RE-VSlNo-28(3)(270544).pdf,0,0,0.19906,0.19906
DOC438,438,WEST BENGAL,12/08/2026,G-31011/24/2026 (397003)-RE-V Sl No-28 (2)(267580),WAGE_DAILY_SANCTION,NEFMS_WAGE_DAILY,https://mnregaweb4.nic.in/RMS/WriteReadData/SancAttachments/VBGRAMG/G-31011$24$2026(397003)-RE-VSlNo-28(2)(267580).pdf,0,0.01079,0,0.01079
DOC439,439,WEST BENGAL,05/08/2026,G-31011/24/2026 (397003)-RE-V Sl No-28 (1) (262106),WAGE_DAILY_SANCTION,NEFMS_WAGE_DAILY,https://mnregaweb4.nic.in/RMS/WriteReadData/SancAttachments/VBGRAMG/G-31011$24$2026(397003)-RE-VSlNo-28(1)(262106).pdf,0.01079,0,0,0.01079
DOC440,440,PUDUCHERRY,25/08/2026,L-15060/09/2026-RE-VII/SI.No.29(SPARSH-02),WAGE_DAILY_SANCTION,NEFMS_WAGE_DAILY,https://mnregaweb4.nic.in/RMS/WriteReadData/SancAttachments/VBGRAMG/L-15060$09$2026-RE-VII$SINo29(SPARSH-02).pdf,0,0,0.1968,0.1968
DOC441,441,PUDUCHERRY,21/08/2026,L-15060/09/2026-RE-VII/SI.No.29(SPARSH-01),WAGE_DAILY_SANCTION,NEFMS_WAGE_DAILY,https://mnregaweb4.nic.in/RMS/WriteReadData/SancAttachments/VBGRAMG/L-15060$09$2026-RE-VII$SINo29(SPARSH-01).pdf,0,0,0.10217,0.10217
DOC442,442,UTTARAKHAND,24/08/2026,J-11060/23/2026-RE-III Sl.No.27 (SPARSH 38),WAGE_DAILY_SANCTION,NEFMS_WAGE_DAILY,https://mnregaweb4.nic.in/RMS/WriteReadData/SancAttachments/VBGRAMG/J-11060$23$2026-RE-IIISlNo27(SPARSH38).pdf,0.78226,0,14.20395,14.98621
DOC443,443,UTTARAKHAND,24/08/2026,J-11060/23/2026-RE-III Sl.No.27 (SPARSH 37),WAGE_DAILY_SANCTION,NEFMS_WAGE_DAILY,https://mnregaweb4.nic.in/RMS/WriteReadData/SancAttachments/VBGRAMG/J-11060$23$2026-RE-IIISlNo27(SPARSH37).pdf,2.0979,0,8.8695,10.9674
DOC444,444,UTTARAKHAND,24/08/2026,J-11060/23/2026-RE-III Sl.No.27 (SPARSH 36),WAGE_DAILY_SANCTION,NEFMS_WAGE_DAILY,https://mnregaweb4.nic.in/RMS/WriteReadData/SancAttachments/VBGRAMG/J-11060$23$2026-RE-IIISlNo27(SPARSH36).pdf,8.16163,1.0665,28.1016,37.32973
DOC445,445,UTTARAKHAND,24/08/2026,J-11060/23/2026-RE-III Sl.No.27 (SPARSH 35),WAGE_DAILY_SANCTION,NEFMS_WAGE_DAILY,https://mnregaweb4.nic.in/RMS/WriteReadData/SancAttachments/VBGRAMG/J-11060$23$2026-RE-IIISlNo27(SPARSH35).pdf,2.04674,1.5336,7.76483,11.34517
DOC446,446,UTTARAKHAND,21/08/2026,J-11060/23/2026-RE-III Sl.No.27 (SPARSH 34),WAGE_DAILY_SANCTION,NEFMS_WAGE_DAILY,https://mnregaweb4.nic.in/RMS/WriteReadData/SancAttachments/VBGRAMG/J-11060$23$2026-RE-IIISlNo27(SPARSH34).pdf,3.90641,0.4293,26.92386,31.25957
DOC447,447,UTTARAKHAND,21/08/2026,J-11060/23/2026-RE-III Sl.No.27 (SPARSH 33),WAGE_DAILY_SANCTION,NEFMS_WAGE_DAILY,https://mnregaweb4.nic.in/RMS/WriteReadData/SancAttachments/VBGRAMG/J-11060$23$2026-RE-IIISlNo27(SPARSH33).pdf,4.07737,0.9855,8.6123,13.67517
DOC448,448,UTTARAKHAND,20/08/2026,J-11060/23/2026-RE-III Sl.No.27 (SPARSH 32),WAGE_DAILY_SANCTION,NEFMS_WAGE_DAILY,https://mnregaweb4.nic.in/RMS/WriteReadData/SancAttachments/VBGRAMG/J-11060$23$2026-RE-IIISlNo27(SPARSH32).pdf,11.01042,3.3426,42.14905,56.50207
DOC449,449,UTTARAKHAND,20/08/2026,J-11060/23/2026-RE-III Sl.No.27 (SPARSH 31),WAGE_DAILY_SANCTION,NEFMS_WAGE_DAILY,https://mnregaweb4.nic.in/RMS/WriteReadData/SancAttachments/VBGRAMG/J-11060$23$2026-RE-IIISlNo27(SPARSH31).pdf,1.0314,0.0675,2.8215,3.9204
DOC450,450,UTTARAKHAND,20/08/2026,J-11060/23/2026-RE-III Sl.No.27 (SPARSH 30),WAGE_DAILY_SANCTION,NEFMS_WAGE_DAILY,https://mnregaweb4.nic.in/RMS/WriteReadData/SancAttachments/VBGRAMG/J-11060$23$2026-RE-IIISlNo27(SPARSH30).pdf,1.968,0,5.06758,7.03558
DOC451,451,UTTARAKHAND,20/08/2026,J-11060/23/2026-RE-III Sl.No.27 (SPARSH 29),WAGE_DAILY_SANCTION,NEFMS_WAGE_DAILY,https://mnregaweb4.nic.in/RMS/WriteReadData/SancAttachments/VBGRAMG/J-11060$23$2026-RE-IIISlNo27(SPARSH29).pdf,7.4061,0,19.90792,27.31402
DOC452,452,UTTARAKHAND,19/08/2026,J-11060/23/2026-RE-III Sl.No.27 (SPARSH 28),WAGE_DAILY_SANCTION,NEFMS_WAGE_DAILY,https://mnregaweb4.nic.in/RMS/WriteReadData/SancAttachments/VBGRAMG/J-11060$23$2026-RE-IIISlNo27(SPARSH28).pdf,0.2916,0,0.7425,1.0341
DOC453,453,UTTARAKHAND,19/08/2026,J-11060/23/2026-RE-III Sl.No.27 (SPARSH 27),WAGE_DAILY_SANCTION,NEFMS_WAGE_DAILY,https://mnregaweb4.nic.in/RMS/WriteReadData/SancAttachments/VBGRAMG/J-11060$23$2026-RE-IIISlNo27(SPARSH27).pdf,5.3487,1.1043,22.13698,28.58998
DOC454,454,UTTARAKHAND,19/08/2026,J-11060/23/2026-RE-III Sl.No.27 (SPARSH 26),WAGE_DAILY_SANCTION,NEFMS_WAGE_DAILY,https://mnregaweb4.nic.in/RMS/WriteReadData/SancAttachments/VBGRAMG/J-11060$23$2026-RE-IIISlNo27(SPARSH26).pdf,0.9504,0.0324,1.6254,2.6082
DOC455,455,UTTARAKHAND,17/08/2026,J-11060/23/2026-RE-III Sl.No.27 (SPARSH 25),WAGE_DAILY_SANCTION,NEFMS_WAGE_DAILY,https://mnregaweb4.nic.in/RMS/WriteReadData/SancAttachments/VBGRAMG/J-11060$23$2026-RE-IIISlNo27(SPARSH25).pdf,0.5022,0,3.699,4.2012
DOC456,456,UTTARAKHAND,17/08/2026,J-11060/23/2026-RE-III Sl.No.27 (SPARSH 24),WAGE_DAILY_SANCTION,NEFMS_WAGE_DAILY,https://mnregaweb4.nic.in/RMS/WriteReadData/SancAttachments/VBGRAMG/J-11060$23$2026-RE-IIISlNo27(SPARSH24).pdf,0.87206,0,5.86425,6.73631
DOC457,457,UTTARAKHAND,14/08/2026,J-11060/23/2026-RE-III Sl.No. 27 (SPARSH 23),WAGE_DAILY_SANCTION,NEFMS_WAGE_DAILY,https://mnregaweb4.nic.in/RMS/WriteReadData/SancAttachments/VBGRAMG/J-11060$23$2026-RE-IIISlNo27(SPARSH23).pdf,0,0,1.215,1.215
DOC458,458,UTTARAKHAND,14/08/2026,J-11060/23/2026-RE-III Sl.No. 27 (SPARSH 22),WAGE_DAILY_SANCTION,NEFMS_WAGE_DAILY,https://mnregaweb4.nic.in/RMS/WriteReadData/SancAttachments/VBGRAMG/J-11060$23$2026-RE-IIISlNo27(SPARSH22).pdf,8.9451,9.9738,30.23979,49.15869
DOC459,459,UTTARAKHAND,13/08/2026,J-11060/23/2026-RE-III Sl.No. 27 (SPARSH 21),WAGE_DAILY_SANCTION,NEFMS_WAGE_DAILY,https://mnregaweb4.nic.in/RMS/WriteReadData/SancAttachments/VBGRAMG/J-11060$23$2026-RE-IIISlNo27(SPARSH21).pdf,2.7945,0,14.7771,17.5716
DOC460,460,UTTARAKHAND,13/08/2026,J-11060/23/2026-RE-III Sl.No. 27 (SPARSH 20),WAGE_DAILY_SANCTION,NEFMS_WAGE_DAILY,https://mnregaweb4.nic.in/RMS/WriteReadData/SancAttachments/VBGRAMG/J-11060$23$2026-RE-IIISlNo27(SPARSH20).pdf,1.458,0,5.4945,6.9525
DOC461,461,UTTARAKHAND,12/08/2026,J-11060/23/2026-RE-III Sl.No.27 (SPARSH 19),WAGE_DAILY_SANCTION,NEFMS_WAGE_DAILY,https://mnregaweb4.nic.in/RMS/WriteReadData/SancAttachments/VBGRAMG/J-11060$23$2026-RE-IIISlNo27(SPARSH19).pdf,0.0567,0,0.0567,0.1134
DOC462,462,UTTARAKHAND,12/08/2026,J-11060/23/2026-RE-III Sl.No.27 (SPARSH 18),WAGE_DAILY_SANCTION,NEFMS_WAGE_DAILY,https://mnregaweb4.nic.in/RMS/WriteReadData/SancAttachments/VBGRAMG/J-11060$23$2026-RE-IIISlNo27(SPARSH18).pdf,0.378,0,1.161,1.539
DOC463,463,UTTARAKHAND,11/08/2026,J-11060/23/2026-RE-III Sl.No.27 (SPARSH 17),WAGE_DAILY_SANCTION,NEFMS_WAGE_DAILY,https://mnregaweb4.nic.in/RMS/WriteReadData/SancAttachments/VBGRAMG/J-11060$23$2026-RE-IIISlNo27(SPARSH17).pdf,0.3375,0.1485,1.5066,1.9926
DOC464,464,UTTARAKHAND,10/08/2026,J-11060/23/2026-RE-III Sl.No.27 (SPARSH 16),WAGE_DAILY_SANCTION,NEFMS_WAGE_DAILY,https://mnregaweb4.nic.in/RMS/WriteReadData/SancAttachments/VBGRAMG/J-11060$23$2026-RE-IIISlNo27(SPARSH16).pdf,3.1833,0.0513,10.017,13.2516
DOC465,465,UTTARAKHAND,10/08/2026,J-11060/23/2026-RE-III Sl.No.27 (SPARSH 15),WAGE_DAILY_SANCTION,NEFMS_WAGE_DAILY,https://mnregaweb4.nic.in/RMS/WriteReadData/SancAttachments/VBGRAMG/J-11060$23$2026-RE-IIISlNo27(SPARSH15).pdf,0.4158,0,5.373,5.7888
DOC466,466,UTTARAKHAND,10/08/2026,J-11060/23/2026-RE-III Sl.No.27 (SPARSH 14),WAGE_DAILY_SANCTION,NEFMS_WAGE_DAILY,https://mnregaweb4.nic.in/RMS/WriteReadData/SancAttachments/VBGRAMG/J-11060$23$2026-RE-IIISlNo27(SPARSH14).pdf,5.3379,3.969,30.43213,39.73903
DOC467,467,UTTARAKHAND,07/08/2026,J-11060/23/2026-RE-III Sl.No.27 (SPARSH 13),WAGE_DAILY_SANCTION,NEFMS_WAGE_DAILY,https://mnregaweb4.nic.in/RMS/WriteReadData/SancAttachments/VBGRAMG/J-11060$23$2026-RE-IIISlNo27(SPARSH13).pdf,1.2987,0,5.0922,6.3909
DOC468,468,UTTARAKHAND,06/08/2026,J-11060/23/2026-RE-III Sl.No. 27 (SPARSH 12),WAGE_DAILY_SANCTION,NEFMS_WAGE_DAILY,https://mnregaweb4.nic.in/RMS/WriteReadData/SancAttachments/VBGRAMG/J-11060$23$2026-RE-IIISlNo27(SPARSH12).pdf,0.1836,0,2.92329,3.10689
DOC469,469,UTTARAKHAND,06/08/2026,J-11060/23/2026-RE-III Sl.No. 27 (SPARSH 11),WAGE_DAILY_SANCTION,NEFMS_WAGE_DAILY,https://mnregaweb4.nic.in/RMS/WriteReadData/SancAttachments/VBGRAMG/J-11060$23$2026-RE-IIISlNo27(SPARSH11).pdf,0.2079,0,4.5144,4.7223
DOC470,470,UTTARAKHAND,04/08/2026,J-11060/23/2026-RE-III Sl.No.27 (SPARSH 10),WAGE_DAILY_SANCTION,NEFMS_WAGE_DAILY,https://mnregaweb4.nic.in/RMS/WriteReadData/SancAttachments/VBGRAMG/J-11060$23$2026-RE-IIISlNo27(SPARSH10).pdf,1.91607,0.1377,18.1165,20.17027
DOC471,471,UTTARAKHAND,04/08/2026,J-11060/23/2026-RE-III Sl.No.27 (SPARSH 09),WAGE_DAILY_SANCTION,NEFMS_WAGE_DAILY,https://mnregaweb4.nic.in/RMS/WriteReadData/SancAttachments/VBGRAMG/J-11060$23$2026-RE-IIISlNo27(SPARSH09).pdf,2.2815,3.4344,3.3669,9.0828
DOC472,472,UTTARAKHAND,03/08/2026,J-11060/23/2026-RE-III Sl.No.27 (SPARSH 07),WAGE_DAILY_SANCTION,NEFMS_WAGE_DAILY,https://mnregaweb4.nic.in/RMS/WriteReadData/SancAttachments/VBGRAMG/J-11060$23$2026-RE-IIISlNo27(SPARSH07).pdf,1.944,0,7.63348,9.57748
DOC473,473,UTTARAKHAND,03/08/2026,J-11060/23/2026-RE-III Sl.No. 27 (SPARSH 08),WAGE_DAILY_SANCTION,NEFMS_WAGE_DAILY,https://mnregaweb4.nic.in/RMS/WriteReadData/SancAttachments/VBGRAMG/J-11060$23$2026-RE-IIISlNo27(SPARSH08).pdf,2.7459,0.3483,0.6777,3.7719
DOC474,474,UTTARAKHAND,31/07/2026,J-11060/23/2026-RE-III Sl.No.27 (SPARSH 05),WAGE_DAILY_SANCTION,NEFMS_WAGE_DAILY,https://mnregaweb4.nic.in/RMS/WriteReadData/SancAttachments/VBGRAMG/J-11060$23$2026-RE-IIISlNo27(SPARSH05).pdf,1.84865,0.4833,3.01506,5.34701
DOC475,475,UTTARAKHAND,31/07/2026,J-11060/23/2026-RE-III Sl.No. 27 (SPARSH 06),WAGE_DAILY_SANCTION,NEFMS_WAGE_DAILY,https://mnregaweb4.nic.in/RMS/WriteReadData/SancAttachments/VBGRAMG/J-11060$23$2026-RE-IIISlNo27(SPARSH06).pdf,0.1161,0.0648,5.32678,5.50768
DOC476,476,UTTARAKHAND,30/07/2026,J-11060/23/2026-RE-III Sl.No.27 (SPARSH 04),WAGE_DAILY_SANCTION,NEFMS_WAGE_DAILY,https://mnregaweb4.nic.in/RMS/WriteReadData/SancAttachments/VBGRAMG/J-11060$23$2026-RE-IIISlNo27(SPARSH04).pdf,1.165,0,5.03304,6.19804
DOC477,477,UTTARAKHAND,28/07/2026,J-11060/23/2026-RE-III Sl.No.27 (SPARSH 03),WAGE_DAILY_SANCTION,NEFMS_WAGE_DAILY,https://mnregaweb4.nic.in/RMS/WriteReadData/SancAttachments/VBGRAMG/J-11060$23$2026-RE-IIISlNo27(SPARSH03).pdf,0,0,4.7201,4.7201
DOC478,478,UTTARAKHAND,28/07/2026,J-11060/23/2026-RE-III Sl.No.27 (SPARSH 02),WAGE_DAILY_SANCTION,NEFMS_WAGE_DAILY,https://mnregaweb4.nic.in/RMS/WriteReadData/SancAttachments/VBGRAMG/J-11060$23$2026-RE-IIISlNo27(SPARSH02).pdf,0,0,1.0233,1.0233
DOC479,479,UTTARAKHAND,27/07/2026,J-11060/23/2026-RE-III Sl.NO.27 (SPARSH 01),WAGE_DAILY_SANCTION,NEFMS_WAGE_DAILY,https://mnregaweb4.nic.in/RMS/WriteReadData/SancAttachments/VBGRAMG/J-11060$23$2026-RE-IIISlNO27(SPARSH01).pdf,0,0,0.2268,0.2268
DOC480,480,CHHATTISGARH,21/08/2026,G-31011/22/2026-RE-V (397001)-RE-V Sl No-5 (35)(278368),WAGE_DAILY_SANCTION,NEFMS_WAGE_DAILY,https://mnregaweb4.nic.in/RMS/WriteReadData/SancAttachments/VBGRAMG/G-31011$22$2026-RE-V(397001)-RE-VSlNo-5(35)(278368).pdf,10.86613,14.44555,45.34046,70.65214
DOC481,481,CHHATTISGARH,20/08/2026,G-31011/22/2026-RE-V (397001)-RE-V Sl No-5 (34)(276342),WAGE_DAILY_SANCTION,NEFMS_WAGE_DAILY,https://mnregaweb4.nic.in/RMS/WriteReadData/SancAttachments/VBGRAMG/G-31011$22$2026-RE-V(397001)-RE-VSlNo-5(34)(276342).pdf,3.37829,8.94731,15.64394,27.96954
DOC482,482,CHHATTISGARH,20/08/2026,G-31011/22/2026-RE-V (397001)-RE-V Sl No-5 (33)(276894),WAGE_DAILY_SANCTION,NEFMS_WAGE_DAILY,https://mnregaweb4.nic.in/RMS/WriteReadData/SancAttachments/VBGRAMG/G-31011$22$2026-RE-V(397001)-RE-VSlNo-5(33)(276894).pdf,6.49516,21.53303,46.88759,74.91578
DOC483,483,CHHATTISGARH,18/08/2026,G-31011/22/2026-RE-V (397001)-RE-V Sl No-5 (32)(274730),WAGE_DAILY_SANCTION,NEFMS_WAGE_DAILY,https://mnregaweb4.nic.in/RMS/WriteReadData/SancAttachments/VBGRAMG/G-31011$22$2026-RE-V(397001)-RE-VSlNo-5(32)(274730).pdf,4.79064,1.67529,26.86864,33.33457
DOC484,484,CHHATTISGARH,17/08/2026,G-31011/22/2026-RE-V (397001)-RE-V Sl No-5 (31)(273501),WAGE_DAILY_SANCTION,NEFMS_WAGE_DAILY,https://mnregaweb4.nic.in/RMS/WriteReadData/SancAttachments/VBGRAMG/G-31011$22$2026-RE-V(397001)-RE-VSlNo-5(31)(273501).pdf,3.29348,10.28809,16.33109,29.91266
DOC485,485,CHHATTISGARH,17/08/2026,G-31011/22/2026-RE-V (397001)-RE-V Sl No-5 (30)(273610),WAGE_DAILY_SANCTION,NEFMS_WAGE_DAILY,https://mnregaweb4.nic.in/RMS/WriteReadData/SancAttachments/VBGRAMG/G-31011$22$2026-RE-V(397001)-RE-VSlNo-5(30)(273610).pdf,3.46077,12.72638,15.85918,32.04633
DOC486,486,CHHATTISGARH,14/08/2026,G-31011/22/2026-RE-V (397001)-RE-V Sl No-5 (29)(272289),WAGE_DAILY_SANCTION,NEFMS_WAGE_DAILY,https://mnregaweb4.nic.in/RMS/WriteReadData/SancAttachments/VBGRAMG/G-31011$22$2026-RE-V(397001)-RE-VSlNo-5(29)(272289).pdf,6.62956,31.07709,61.26113,98.96778
DOC487,487,CHHATTISGARH,14/08/2026,G-31011/22/2026-RE-V (397001)-RE-V Sl No-5 (28)(271499),WAGE_DAILY_SANCTION,NEFMS_WAGE_DAILY,https://mnregaweb4.nic.in/RMS/WriteReadData/SancAttachments/VBGRAMG/G-31011$22$2026-RE-V(397001)-RE-VSlNo-5(28)(271499).pdf,2.35426,19.98407,22.08044,44.41877
DOC488,488,CHHATTISGARH,13/08/2026,G-31011/22/2026-RE-V (397001)-RE-V Sl No-5 (27)(270573),WAGE_DAILY_SANCTION,NEFMS_WAGE_DAILY,https://mnregaweb4.nic.in/RMS/WriteReadData/SancAttachments/VBGRAMG/G-31011$22$2026-RE-V(397001)-RE-VSlNo-5(27)(270573).pdf,3.9248,8.42766,20.9134,33.26586
DOC489,489,CHHATTISGARH,12/08/2026,G-31011/22/2026-RE-V (397001)-RE-V Sl No-5 (26)(266821),WAGE_DAILY_SANCTION,NEFMS_WAGE_DAILY,https://mnregaweb4.nic.in/RMS/WriteReadData/SancAttachments/VBGRAMG/G-31011$22$2026-RE-V(397001)-RE-VSlNo-5(26)(266821).pdf,10.72549,45.44943,51.96383,108.13875
DOC490,490,CHHATTISGARH,12/08/2026,G-31011/22/2026-RE-V (397001)-RE-V Sl No-5 (25)(268551),WAGE_DAILY_SANCTION,NEFMS_WAGE_DAILY,https://mnregaweb4.nic.in/RMS/WriteReadData/SancAttachments/VBGRAMG/G-31011$22$2026-RE-V(397001)-RE-VSlNo-5(25)(268551).pdf,7.38293,4.7854,20.40995,32.57828
DOC491,491,CHHATTISGARH,10/08/2026,G-31011/22/2026-RE-V (397001)-RE-V Sl No-5 (24)(266222),WAGE_DAILY_SANCTION,NEFMS_WAGE_DAILY,https://mnregaweb4.nic.in/RMS/WriteReadData/SancAttachments/VBGRAMG/G-31011$22$2026-RE-V(397001)-RE-VSlNo-5(24)(266222).pdf,6.52699,13.60714,46.96334,67.09747
DOC492,492,CHHATTISGARH,10/08/2026,G-31011/22/2026-RE-V (397001)-RE-V Sl No-5 (23)(266293),WAGE_DAILY_SANCTION,NEFMS_WAGE_DAILY,https://mnregaweb4.nic.in/RMS/WriteReadData/SancAttachments/VBGRAMG/G-31011$22$2026-RE-V(397001)-RE-VSlNo-5(23)(266293).pdf,6.25763,25.13548,29.40917,60.80228
DOC493,493,CHHATTISGARH,07/08/2026,G-31011/22/2026-RE-V (397001)-RE-V Sl No-5 (22) (264650),WAGE_DAILY_SANCTION,NEFMS_WAGE_DAILY,https://mnregaweb4.nic.in/RMS/WriteReadData/SancAttachments/VBGRAMG/G-31011$22$2026-RE-V(397001)-RE-VSlNo-5(22)(264650).pdf,9.01013,22.0861,44.13411,75.23034
DOC494,494,CHHATTISGARH,07/08/2026,G-31011/22/2026-RE-V (397001)-RE-V Sl No-5 (21) (263686),WAGE_DAILY_SANCTION,NEFMS_WAGE_DAILY,https://mnregaweb4.nic.in/RMS/WriteReadData/SancAttachments/VBGRAMG/G-31011$22$2026-RE-V(397001)-RE-VSlNo-5(21)(263686).pdf,5.2182,18.54964,43.62655,67.39439
DOC495,495,CHHATTISGARH,07/08/2026,G-31011/22/2026-RE-V (397001)-RE-V Sl No-5 (20) (264405),WAGE_DAILY_SANCTION,NEFMS_WAGE_DAILY,https://mnregaweb4.nic.in/RMS/WriteReadData/SancAttachments/VBGRAMG/G-31011$22$2026-RE-V(397001)-RE-VSlNo-5(20)(264405).pdf,2.45864,22.17834,19.82761,44.46459
DOC496,496,CHHATTISGARH,06/08/2026,G-31011/22/2026-RE-V (397001)-RE-V Sl No-5 (19) (263352),WAGE_DAILY_SANCTION,NEFMS_WAGE_DAILY,https://mnregaweb4.nic.in/RMS/WriteReadData/SancAttachments/VBGRAMG/G-31011$22$2026-RE-V(397001)-RE-VSlNo-5(19)(263352).pdf,5.90403,51.38547,49.6898,106.9793
DOC497,497,CHHATTISGARH,05/08/2026,G-31011/22/2026-RE-V (397001)-RE-V Sl No-5 (18) (262429),WAGE_DAILY_SANCTION,NEFMS_WAGE_DAILY,https://mnregaweb4.nic.in/RMS/WriteReadData/SancAttachments/VBGRAMG/G-31011$22$2026-RE-V(397001)-RE-VSlNo-5(18)(262429).pdf,2.97344,34.26776,27.30518,64.54638
DOC498,498,CHHATTISGARH,05/08/2026,G-31011/22/2026-RE-V (397001)-RE-V Sl No-5 (17) (261820),WAGE_DAILY_SANCTION,NEFMS_WAGE_DAILY,https://mnregaweb4.nic.in/RMS/WriteReadData/SancAttachments/VBGRAMG/G-31011$22$2026-RE-V(397001)-RE-VSlNo-5(17)(261820).pdf,15.31979,62.85825,75.99828,154.17632
DOC499,499,CHHATTISGARH,04/08/2026,G-31011/22/2026-RE-V (397001)-RE-V Sl No-5 (16) (260324),WAGE_DAILY_SANCTION,NEFMS_WAGE_DAILY,https://mnregaweb4.nic.in/RMS/WriteReadData/SancAttachments/VBGRAMG/G-31011$22$2026-RE-V(397001)-RE-VSlNo-5(16)(260324).pdf,5.00537,2.00328,30.93145,37.9401
DOC500,500,CHHATTISGARH,03/08/2026,G-31011/22/2026-RE-V (397001)-RE-V Sl No-5 (9) (259344),WAGE_DAILY_SANCTION,NEFMS_WAGE_DAILY,https://mnregaweb4.nic.in/RMS/WriteReadData/SancAttachments/VBGRAMG/G-31011$22$2026-RE-V(397001)-RE-VSlNo-5(9)(259344).pdf,6.1202,51.66728,58.38166,116.16914
DOC501,501,CHHATTISGARH,03/08/2026,G-31011/22/2026-RE-V (397001)-RE-V Sl No-5 (8) (259372),WAGE_DAILY_SANCTION,NEFMS_WAGE_DAILY,https://mnregaweb4.nic.in/RMS/WriteReadData/SancAttachments/VBGRAMG/G-31011$22$2026-RE-V(397001)-RE-VSlNo-5(8)(259372).pdf,14.40251,17.59027,42.3133,74.30608
DOC502,502,CHHATTISGARH,03/08/2026,G-31011/22/2026-RE-V (397001)-RE-V Sl No-5 (7) (259618),WAGE_DAILY_SANCTION,NEFMS_WAGE_DAILY,https://mnregaweb4.nic.in/RMS/WriteReadData/SancAttachments/VBGRAMG/G-31011$22$2026-RE-V(397001)-RE-VSlNo-5(7)(259618).pdf,1.23554,0.7984,10.36467,12.39861
DOC503,503,CHHATTISGARH,03/08/2026,G-31011/22/2026-RE-V (397001)-RE-V Sl No-5 (15) (257260),WAGE_DAILY_SANCTION,NEFMS_WAGE_DAILY,https://mnregaweb4.nic.in/RMS/WriteReadData/SancAttachments/VBGRAMG/G-31011$22$2026-RE-V(397001)-RE-VSlNo-5(15)(257260).pdf,3.95729,2.30765,33.01287,39.27781
DOC504,504,CHHATTISGARH,03/08/2026,G-31011/22/2026-RE-V (397001)-RE-V Sl No-5 (14) (257644),WAGE_DAILY_SANCTION,NEFMS_WAGE_DAILY,https://mnregaweb4.nic.in/RMS/WriteReadData/SancAttachments/VBGRAMG/G-31011$22$2026-RE-V(397001)-RE-VSlNo-5(14)(257644).pdf,9.49666,30.91195,51.48293,91.89154
DOC505,505,CHHATTISGARH,03/08/2026,G-31011/22/2026-RE-V (397001)-RE-V Sl No-5 (13) (257645),WAGE_DAILY_SANCTION,NEFMS_WAGE_DAILY,https://mnregaweb4.nic.in/RMS/WriteReadData/SancAttachments/VBGRAMG/G-31011$22$2026-RE-V(397001)-RE-VSlNo-5(13)(257645).pdf,5.6896,32.01255,36.70081,74.40296
DOC506,506,CHHATTISGARH,03/08/2026,G-31011/22/2026-RE-V (397001)-RE-V Sl No-5 (12) (257646),WAGE_DAILY_SANCTION,NEFMS_WAGE_DAILY,https://mnregaweb4.nic.in/RMS/WriteReadData/SancAttachments/VBGRAMG/G-31011$22$2026-RE-V(397001)-RE-VSlNo-5(12)(257646).pdf,12.68003,13.54862,47.43395,73.6626
DOC507,507,CHHATTISGARH,03/08/2026,G-31011/22/2026-RE-V (397001)-RE-V Sl No-5 (11) (257948),WAGE_DAILY_SANCTION,NEFMS_WAGE_DAILY,https://mnregaweb4.nic.in/RMS/WriteReadData/SancAttachments/VBGRAMG/G-31011$22$2026-RE-V(397001)-RE-VSlNo-5(11)(257948).pdf,4.26655,20.57746,32.69311,57.53712
DOC508,508,CHHATTISGARH,03/08/2026,G-31011/22/2026-RE-V (397001)-RE-V Sl No-5 (10) (259343),WAGE_DAILY_SANCTION,NEFMS_WAGE_DAILY,https://mnregaweb4.nic.in/RMS/WriteReadData/SancAttachments/VBGRAMG/G-31011$22$2026-RE-V(397001)-RE-VSlNo-5(10)(259343).pdf,8.51734,34.57339,29.48665,72.57738
DOC509,509,CHHATTISGARH,30/07/2026,G-31011/22/2026-RE-V (397001)-RE-V Sl No-5 (6),WAGE_DAILY_SANCTION,NEFMS_WAGE_DAILY,https://mnregaweb4.nic.in/RMS/WriteReadData/SancAttachments/VBGRAMG/G-31011$22$2026-RE-V(397001)-RE-VSlNo-5(6).pdf,2.85613,24.11507,26.26876,53.23996
DOC510,510,CHHATTISGARH,27/07/2026,G-31011/22/2026-RE-V (397001)-RE-V Sl No-5 (5) (251312),WAGE_DAILY_SANCTION,NEFMS_WAGE_DAILY,https://mnregaweb4.nic.in/RMS/WriteReadData/SancAttachments/VBGRAMG/G-31011$22$2026-RE-V(397001)-RE-VSlNo-5(5)(251312).pdf,0.04489,3.70229,0.20383,3.95101
DOC511,511,CHHATTISGARH,27/07/2026,G-31011/22/2026-RE-V (397001)-RE-V Sl No-5 (4) (252546),WAGE_DAILY_SANCTION,NEFMS_WAGE_DAILY,https://mnregaweb4.nic.in/RMS/WriteReadData/SancAttachments/VBGRAMG/G-31011$22$2026-RE-V(397001)-RE-VSlNo-5(4)(252546).pdf,0.94052,6.54015,15.11261,22.59328
DOC512,512,CHHATTISGARH,24/07/2026,G-31011/22/2026-RE-V (397001)-RE-V Sl No-5 (3) (250327),WAGE_DAILY_SANCTION,NEFMS_WAGE_DAILY,https://mnregaweb4.nic.in/RMS/WriteReadData/SancAttachments/VBGRAMG/G-31011$22$2026-RE-V(397001)-RE-VSlNo-5(3)(250327).pdf,0.30773,4.41694,1.23568,5.96035
DOC513,513,CHHATTISGARH,23/07/2026,G-31011/22/2026-RE-V (397001)-RE-V Sl No-5 (2) (248484),WAGE_DAILY_SANCTION,NEFMS_WAGE_DAILY,https://mnregaweb4.nic.in/RMS/WriteReadData/SancAttachments/VBGRAMG/G-31011$22$2026-RE-V(397001)-RE-VSlNo-5(2)(248484).pdf,0.32396,10.4312,3.55201,14.30717
DOC514,514,CHHATTISGARH,22/07/2026,G-31011/22/2026-RE-V (397001)-RE-V Sl No-5 (1),WAGE_DAILY_SANCTION,NEFMS_WAGE_DAILY,https://mnregaweb4.nic.in/RMS/WriteReadData/SancAttachments/VBGRAMG/G-31011$22$2026-RE-V(397001)-RE-VSlNo-5(1).pdf,0.0684,0.36837,0.41009,0.84686
DOC515,515,JHARKHAND,11/08/2026,J-11060/13/2026-RE-VI (395701) Sparsh 01,WAGE_DAILY_SANCTION,NEFMS_WAGE_DAILY,https://mnregaweb4.nic.in/RMS/WriteReadData/SancAttachments/VBGRAMG/J-11060$13$2026-RE-VI(395701)Sparsh01.pdf,0,0,0.0756,0.0756
DOC516,516,TELANGANA,24/08/2026,L-15060/07/2026-RE-VII/Sl.No.24(SPARSH-20),WAGE_DAILY_SANCTION,NEFMS_WAGE_DAILY,https://mnregaweb4.nic.in/RMS/WriteReadData/SancAttachments/VBGRAMG/L-15060$07$2026-RE-VII$SlNo24(SPARSH-20).pdf,83.27965,46.66979,165.31075,295.26019
DOC517,517,TELANGANA,24/08/2026,L-15060/07/2026-RE-VII/Sl.No.24(SPARSH-19),WAGE_DAILY_SANCTION,NEFMS_WAGE_DAILY,https://mnregaweb4.nic.in/RMS/WriteReadData/SancAttachments/VBGRAMG/L-15060$07$2026-RE-VII$SlNo24(SPARSH-19).pdf,68.67961,131.01824,113.98049,313.67834
DOC518,518,TELANGANA,24/08/2026,L-15060/07/2026-RE-VII/Sl.No.24(SPARSH-18),WAGE_DAILY_SANCTION,NEFMS_WAGE_DAILY,https://mnregaweb4.nic.in/RMS/WriteReadData/SancAttachments/VBGRAMG/L-15060$07$2026-RE-VII$SlNo24(SPARSH-18).pdf,0,0,757.37377,757.37377
DOC519,519,TELANGANA,14/08/2026,L-15060/07/2026-RE-VII/Sl.No.24(SPARSH-17),WAGE_DAILY_SANCTION,NEFMS_WAGE_DAILY,https://mnregaweb4.nic.in/RMS/WriteReadData/SancAttachments/VBGRAMG/L-15060$07$2026-RE-VII$SlNo24(SPARSH-17).pdf,0,0,98.04274,98.04274
DOC520,520,TELANGANA,14/08/2026,L-15060/07/2026-RE-VII/Sl.No.24(SPARSH-16),WAGE_DAILY_SANCTION,NEFMS_WAGE_DAILY,https://mnregaweb4.nic.in/RMS/WriteReadData/SancAttachments/VBGRAMG/L-15060$07$2026-RE-VII$SlNo24(SPARSH-16).pdf,24.46011,0,68.46252,92.92263
DOC521,521,TELANGANA,14/08/2026,L-15060/07/2026-RE-VII/Sl.No.24(SPARSH-15),WAGE_DAILY_SANCTION,NEFMS_WAGE_DAILY,https://mnregaweb4.nic.in/RMS/WriteReadData/SancAttachments/VBGRAMG/L-15060$07$2026-RE-VII$SlNo24(SPARSH-15).pdf,22.80255,0,81.18505,103.9876
DOC522,522,TELANGANA,13/08/2026,L-15060/07/2026-RE-VII/Sl.No.24(SPARSH-14),WAGE_DAILY_SANCTION,NEFMS_WAGE_DAILY,https://mnregaweb4.nic.in/RMS/WriteReadData/SancAttachments/VBGRAMG/L-15060$07$2026-RE-VII$SlNo24(SPARSH-14).pdf,16.55152,47.69347,31.96417,96.20916
DOC523,523,TELANGANA,13/08/2026,L-15060/07/2026-RE-VII/Sl.No.24(SPARSH-13),WAGE_DAILY_SANCTION,NEFMS_WAGE_DAILY,https://mnregaweb4.nic.in/RMS/WriteReadData/SancAttachments/VBGRAMG/L-15060$07$2026-RE-VII$SlNo24(SPARSH-13).pdf,68.5514,17.18463,0,85.73603
DOC524,524,TELANGANA,10/08/2026,L-15060/07/2026-RE-VII/Sl.No.24(SPARSH-12),WAGE_DAILY_SANCTION,NEFMS_WAGE_DAILY,https://mnregaweb4.nic.in/RMS/WriteReadData/SancAttachments/VBGRAMG/L-15060$07$2026-RE-VII$SlNo24(SPARSH-12).pdf,8.96141,20.10591,68.99072,98.05804
DOC525,525,TELANGANA,10/08/2026,L-15060/07/2026-RE-VII/Sl.No.24(SPARSH-11),WAGE_DAILY_SANCTION,NEFMS_WAGE_DAILY,https://mnregaweb4.nic.in/RMS/WriteReadData/SancAttachments/VBGRAMG/L-15060$07$2026-RE-VII$SlNo24(SPARSH-11).pdf,0,36.91014,45.64942,82.55956
DOC526,526,TELANGANA,10/08/2026,L-15060/07/2026-RE-VII/Sl.No.24(SPARSH-10),WAGE_DAILY_SANCTION,NEFMS_WAGE_DAILY,https://mnregaweb4.nic.in/RMS/WriteReadData/SancAttachments/VBGRAMG/L-15060$07$2026-RE-VII$SlNo24(SPARSH-10).pdf,98.67176,0,196.45615,295.12791
DOC527,527,TELANGANA,10/08/2026,L-15060/07/2026-RE-VII/Sl.No.24(SPARSH-09),WAGE_DAILY_SANCTION,NEFMS_WAGE_DAILY,https://mnregaweb4.nic.in/RMS/WriteReadData/SancAttachments/VBGRAMG/L-15060$07$2026-RE-VII$SlNo24(SPARSH-09).pdf,164.02681,48.15511,71.17362,283.35554
DOC528,528,TELANGANA,10/08/2026,L-15060/07/2026-RE-VII/Sl.No.24(SPARSH-08),WAGE_DAILY_SANCTION,NEFMS_WAGE_DAILY,https://mnregaweb4.nic.in/RMS/WriteReadData/SancAttachments/VBGRAMG/L-15060$07$2026-RE-VII$SlNo24(SPARSH-08).pdf,100.90106,0,173.13651,274.03757
DOC529,529,TELANGANA,10/08/2026,L-15060/07/2026-RE-VII/Sl.No.24(SPARSH-07),WAGE_DAILY_SANCTION,NEFMS_WAGE_DAILY,https://mnregaweb4.nic.in/RMS/WriteReadData/SancAttachments/VBGRAMG/L-15060$07$2026-RE-VII$SlNo24(SPARSH-07).pdf,98.29757,0,183.21569,281.51326
DOC530,530,TELANGANA,10/08/2026,L-15060/07/2026-RE-VII/Sl.No.24(SPARSH-06),WAGE_DAILY_SANCTION,NEFMS_WAGE_DAILY,https://mnregaweb4.nic.in/RMS/WriteReadData/SancAttachments/VBGRAMG/L-15060$07$2026-RE-VII$SlNo24(SPARSH-06).pdf,0,99.46734,96.27373,195.74107
DOC531,531,TELANGANA,10/08/2026,L-15060/07/2026-RE-VII/Sl.No.24(SPARSH-05),WAGE_DAILY_SANCTION,NEFMS_WAGE_DAILY,https://mnregaweb4.nic.in/RMS/WriteReadData/SancAttachments/VBGRAMG/L-15060$07$2026-RE-VII$SlNo24(SPARSH-05).pdf,126.01494,178.86628,0,304.88122
DOC532,532,TELANGANA,10/08/2026,L-15060/07/2026-RE-VII/Sl.No.24(SPARSH-04),WAGE_DAILY_SANCTION,NEFMS_WAGE_DAILY,https://mnregaweb4.nic.in/RMS/WriteReadData/SancAttachments/VBGRAMG/L-15060$07$2026-RE-VII$SlNo24(SPARSH-04).pdf,88.38094,0,181.16384,269.54478
DOC533,533,TELANGANA,10/08/2026,L-15060/07/2026-RE-VII/Sl.No.24(SPARSH-03),WAGE_DAILY_SANCTION,NEFMS_WAGE_DAILY,https://mnregaweb4.nic.in/RMS/WriteReadData/SancAttachments/VBGRAMG/L-15060$07$2026-RE-VII$SlNo24(SPARSH-03).pdf,0,0,561.0095,561.0095
DOC534,534,TELANGANA,06/08/2026,L-15060/07/2026-RE-VII/Sl.No.24(SPARSH-02),WAGE_DAILY_SANCTION,NEFMS_WAGE_DAILY,https://mnregaweb4.nic.in/RMS/WriteReadData/SancAttachments/VBGRAMG/L-15060$07$2026-RE-VII$SlNo24(SPARSH-02).pdf,0.01289,0.00739,0.00739,0.02767
DOC535,535,TELANGANA,27/07/2026,L-15060/07/2026-RE-VII/Sl.No.24(SPARSH-01),WAGE_DAILY_SANCTION,NEFMS_WAGE_DAILY,https://mnregaweb4.nic.in/RMS/WriteReadData/SancAttachments/VBGRAMG/L-15060$07$2026-RE-VII$SlNo24(SPARSH-01).pdf,0.02579,0,0,0.02579
DOC536,536,ANDHRA PRADESH,06/07/2026,L-15060/06/2026-RE-VII/Sl.No.01 (Admin),ADMIN_MOTHER_SANCTION,MATERIAL_ADMIN_MOTHER_ADMIN,https://mnregaweb4.nic.in/RMS/WriteReadData/SancAttachments/VBGRAMG/L-15060$06$2026-RE-VII$SlNo01(Admin).pdf,,,,18855.56
DOC537,537,ARUNACHAL PRADESH,06/07/2026,G-31011/20/2026-RE-V (396999)-RE-V Sl No-2 (Admin),ADMIN_MOTHER_SANCTION,MATERIAL_ADMIN_MOTHER_ADMIN,https://mnregaweb4.nic.in/RMS/WriteReadData/SancAttachments/VBGRAMG/G-31011$20$2026-RE-V(396999)-RE-VSlNo-2(Admin).pdf,,,,1092.99
DOC538,538,ASSAM,06/07/2026,J-12011/01/2026-RE-VIII (395760) Sl No.3,ADMIN_MOTHER_SANCTION,MATERIAL_ADMIN_MOTHER_ADMIN,https://mnregaweb4.nic.in/RMS/WriteReadData/SancAttachments/VBGRAMG/J-12011$01$2026-RE-VIII(395760)SlNo3.pdf,,,,4673.77
DOC539,539,BIHAR,06/07/2026,G-31011/20/2026-RE-V (396999)-RE-V Sl No-4 (Admin),ADMIN_MOTHER_SANCTION,MATERIAL_ADMIN_MOTHER_ADMIN,https://mnregaweb4.nic.in/RMS/WriteReadData/SancAttachments/VBGRAMG/G-31011$20$2026-RE-V(396999)-RE-VSlNo-4(Admin).pdf,,,,12322.69
DOC540,540,GOA,06/07/2026,J-12042/01/2026-RE-VIII (395817) Sl No.06,ADMIN_MOTHER_SANCTION,MATERIAL_ADMIN_MOTHER_ADMIN,https://mnregaweb4.nic.in/RMS/WriteReadData/SancAttachments/VBGRAMG/J-12042$01$2026-RE-VIII(395817)SlNo06.pdf,,,,10.18
DOC541,541,GUJARAT,13/07/2026,J-11060/20/2026-RE-III Sl.No. 7 (Admin),ADMIN_MOTHER_SANCTION,MATERIAL_ADMIN_MOTHER_ADMIN,https://mnregaweb4.nic.in/RMS/WriteReadData/SancAttachments/VBGRAMG/J-11060$20$2026-RE-IIISlNo7(Admin).pdf,,,,2301.06
DOC542,542,HARYANA,12/08/2026,J-11060/15/2026-RE-VI/ Sl. No. 08 (Admin),ADMIN_MOTHER_SANCTION,MATERIAL_ADMIN_MOTHER_ADMIN,https://mnregaweb4.nic.in/RMS/WriteReadData/SancAttachments/VBGRAMG/J-11060$15$2026-RE-VI$SlNo08(Admin).pdf,,,,1443.89
DOC543,543,HIMACHAL PRADESH,06/07/2026,J-11060/21/2026-RE-III Sl.No.9 (Admin),ADMIN_MOTHER_SANCTION,MATERIAL_ADMIN_MOTHER_ADMIN,https://mnregaweb4.nic.in/RMS/WriteReadData/SancAttachments/VBGRAMG/J-11060$21$2026-RE-IIISlNo9(Admin).pdf,,,,2943.78
DOC544,544,JAMMU & KASHMIR,06/07/2026,J-12016/02/2026-RE-IV SI. No.4 (Admin),ADMIN_MOTHER_SANCTION,MATERIAL_ADMIN_MOTHER_ADMIN,https://mnregaweb4.nic.in/RMS/WriteReadData/SancAttachments/VBGRAMG/J-12016$02$2026-RE-IVSINo4(Admin).pdf,,,,2816.39
DOC545,545,KARNATAKA,06/07/2026,J-12012/03/2026-RE-IV Sl.No.11 (Admin),ADMIN_MOTHER_SANCTION,MATERIAL_ADMIN_MOTHER_ADMIN,https://mnregaweb4.nic.in/RMS/WriteReadData/SancAttachments/VBGRAMG/J-12012$03$2026-RE-IVSlNo11(Admin).pdf,,,,12969.47
DOC546,546,KERALA,10/07/2026,J-12020/01/2026-RE-VIII (395800) Sl No. 12 (Admin),ADMIN_MOTHER_SANCTION,MATERIAL_ADMIN_MOTHER_ADMIN,https://mnregaweb4.nic.in/RMS/WriteReadData/SancAttachments/VBGRAMG/J-12020$01$2026-RE-VIII(395800)SlNo12(Admin).pdf,,,,6854.31
DOC547,547,MADHYA PRADESH,06/07/2026,J-12011/02/2026-RE-IV SI. No.13 (Admin),ADMIN_MOTHER_SANCTION,MATERIAL_ADMIN_MOTHER_ADMIN,https://mnregaweb4.nic.in/RMS/WriteReadData/SancAttachments/VBGRAMG/J-12011$02$2026-RE-IVSINo13(Admin).pdf,,,,4672.29
DOC548,548,MAHARASHTRA,15/07/2026,J-14022/01/2026-RE-I (396160) Sl. No. 14 Admin,ADMIN_MOTHER_SANCTION,MATERIAL_ADMIN_MOTHER_ADMIN,https://mnregaweb4.nic.in/RMS/WriteReadData/SancAttachments/VBGRAMG/J-14022$01$2026-RE-I(396160)SlNo14Admin.pdf,,,,10814.24
DOC549,549,MANIPUR,06/07/2026,J-14023/01/2026-RE-I (396161) Sl No.15,ADMIN_MOTHER_SANCTION,MATERIAL_ADMIN_MOTHER_ADMIN,https://mnregaweb4.nic.in/RMS/WriteReadData/SancAttachments/VBGRAMG/J-14023$01$2026-RE-I(396161)SlNo15.pdf,,,,1423.78
DOC550,550,MEGHALAYA,06/07/2026,J-12013/02/2026-RE-IV SI. No.16 (Admin),ADMIN_MOTHER_SANCTION,MATERIAL_ADMIN_MOTHER_ADMIN,https://mnregaweb4.nic.in/RMS/WriteReadData/SancAttachments/VBGRAMG/J-12013$02$2026-RE-IVSINo16(Admin).pdf,,,,2825.91
DOC551,551,MIZORAM,06/07/2026,J-11060/14/2026-RE-VI(395702) Sl. No. 17(Admin),ADMIN_MOTHER_SANCTION,MATERIAL_ADMIN_MOTHER_ADMIN,https://mnregaweb4.nic.in/RMS/WriteReadData/SancAttachments/VBGRAMG/J-11060$14$2026-RE-VI(395702)SlNo17(Admin).pdf,,,,1475.6
DOC552,552,NAGALAND,06/07/2026,J-11060/22/2026-RE-III Sl.No 18 (Admin),ADMIN_MOTHER_SANCTION,MATERIAL_ADMIN_MOTHER_ADMIN,https://mnregaweb4.nic.in/RMS/WriteReadData/SancAttachments/VBGRAMG/J-11060$22$2026-RE-IIISlNo18(Admin).pdf,,,,704.22
DOC553,553,ODISHA,06/07/2026,L-15060/08/2026-RE-VII/Sl.No.19 (Admin),ADMIN_MOTHER_SANCTION,MATERIAL_ADMIN_MOTHER_ADMIN,https://mnregaweb4.nic.in/RMS/WriteReadData/SancAttachments/VBGRAMG/L-15060$08$2026-RE-VII$SlNo19(Admin).pdf,,,,6906.06
DOC554,554,PUNJAB,06/07/2026,J-14028/01/2026-RE-I (396162) Sl. No.20,ADMIN_MOTHER_SANCTION,MATERIAL_ADMIN_MOTHER_ADMIN,https://mnregaweb4.nic.in/RMS/WriteReadData/SancAttachments/VBGRAMG/J-14028$01$2026-RE-I(396162)SlNo20.pdf,,,,3257.76
DOC555,555,RAJASTHAN,06/07/2026,J-12015/03/2026-RE-IV Sl.No.21 (Admin),ADMIN_MOTHER_SANCTION,MATERIAL_ADMIN_MOTHER_ADMIN,https://mnregaweb4.nic.in/RMS/WriteReadData/SancAttachments/VBGRAMG/J-12015$03$2026-RE-IVSlNo21(Admin).pdf,,,,16847.19
DOC556,556,SIKKIM,06/07/2026,J-12034/01/2026-RE-VIII (395493) Sl No.22,ADMIN_MOTHER_SANCTION,MATERIAL_ADMIN_MOTHER_ADMIN,https://mnregaweb4.nic.in/RMS/WriteReadData/SancAttachments/VBGRAMG/J-12034$01$2026-RE-VIII(395493)SlNo22.pdf,,,,238.7
DOC557,557,TAMILNADU,06/07/2026,J-11060/12/2026-RE-VI (395700) Sl. No. 23(Admin),ADMIN_MOTHER_SANCTION,MATERIAL_ADMIN_MOTHER_ADMIN,https://mnregaweb4.nic.in/RMS/WriteReadData/SancAttachments/VBGRAMG/J-11060$12$2026-RE-VI(395700)SlNo23(Admin).pdf,,,,16124.77
DOC558,558,TRIPURA,06/07/2026,J-12014/02/2026-RE-IV Sl.No.25 (Admin),ADMIN_MOTHER_SANCTION,MATERIAL_ADMIN_MOTHER_ADMIN,https://mnregaweb4.nic.in/RMS/WriteReadData/SancAttachments/VBGRAMG/J-12014$02$2026-RE-IVSlNo25(Admin).pdf,,,,2548.5
DOC559,559,UTTAR PRADESH,06/07/2026,J-14037/01/2026-RE-I (395978) Sl No. 26,ADMIN_MOTHER_SANCTION,MATERIAL_ADMIN_MOTHER_ADMIN,https://mnregaweb4.nic.in/RMS/WriteReadData/SancAttachments/VBGRAMG/J-14037$01$2026-RE-I(395978)SlNo26.pdf,,,,23783.44
DOC560,560,WEST BENGAL,06/07/2026,G-31011/24/2026 (397003)-RE-V Sl No-28 (Admin),ADMIN_MOTHER_SANCTION,MATERIAL_ADMIN_MOTHER_ADMIN,https://mnregaweb4.nic.in/RMS/WriteReadData/SancAttachments/VBGRAMG/G-31011$24$2026(397003)-RE-VSlNo-28(Admin).pdf,,,,9366.61
DOC561,561,PUDUCHERRY,06/07/2026,L-15060/09/2026-RE-VII Sl.No.03,ADMIN_MOTHER_SANCTION,MATERIAL_ADMIN_MOTHER_ADMIN,https://mnregaweb4.nic.in/RMS/WriteReadData/SancAttachments/VBGRAMG/L-15060$09$2026-RE-VIISlNo03.pdf,,,,95.41
DOC562,562,UTTARAKHAND,06/07/2026,J-11060/23/2026-RE-III Sl.No.27 (Admin),ADMIN_MOTHER_SANCTION,MATERIAL_ADMIN_MOTHER_ADMIN,https://mnregaweb4.nic.in/RMS/WriteReadData/SancAttachments/VBGRAMG/J-11060$23$2026-RE-IIISlNo27(Admin).pdf,,,,1435.41
DOC563,563,CHHATTISGARH,06/07/2026,G-31011/22/2026-RE-V (397001)-RE-V Sl No -5 (Admin),ADMIN_MOTHER_SANCTION,MATERIAL_ADMIN_MOTHER_ADMIN,https://mnregaweb4.nic.in/RMS/WriteReadData/SancAttachments/VBGRAMG/G-31011$22$2026-RE-V(397001)-RE-VSlNo-5(Admin).pdf,,,,8310.22
DOC564,564,JHARKHAND,20/07/2026,J-11060/13/2026-RE-VI/ Sl. No. 10,ADMIN_MOTHER_SANCTION,MATERIAL_ADMIN_MOTHER_ADMIN,https://mnregaweb4.nic.in/RMS/WriteReadData/SancAttachments/VBGRAMG/J-11060$13$2026-RE-VI$SlNo10.pdf,,,,5827.52
DOC565,565,TELANGANA,06/07/2026,L-15060/07/2026-RE-VII/Sl.No.24 (Admin),ADMIN_MOTHER_SANCTION,MATERIAL_ADMIN_MOTHER_ADMIN,https://mnregaweb4.nic.in/RMS/WriteReadData/SancAttachments/VBGRAMG/L-15060$07$2026-RE-VII$SlNo24(Admin).pdf,,,,9358.56
DOC566,566,ANDHRA PRADESH,06/07/2026,L-15060/06/2026-RE-VII/Sl.No.01,MATERIAL_MOTHER_SANCTION,MATERIAL_ADMIN_MOTHER_MATERIAL,https://mnregaweb4.nic.in/RMS/WriteReadData/SancAttachments/VBGRAMG/L-15060$06$2026-RE-VII$SlNo01.pdf,,,,94277.8
DOC567,567,ARUNACHAL PRADESH,06/07/2026,G-31011/20/2026-RE-V (396999)-RE-V Sl No-(2),MATERIAL_MOTHER_SANCTION,MATERIAL_ADMIN_MOTHER_MATERIAL,https://mnregaweb4.nic.in/RMS/WriteReadData/SancAttachments/VBGRAMG/G-31011$20$2026-RE-V(396999)-RE-VSlNo-(2).pdf,,,,5464.95
DOC568,568,ASSAM,06/07/2026,J-12011/01/2026/RE-VIII (395760) Sl No.03,MATERIAL_MOTHER_SANCTION,MATERIAL_ADMIN_MOTHER_MATERIAL,https://mnregaweb4.nic.in/RMS/WriteReadData/SancAttachments/VBGRAMG/J-12011$01$2026$RE-VIII(395760)SlNo03.pdf,,,,23368.84
DOC569,569,BIHAR,06/07/2026,G-31011/20/2026-RE-V (396999)-RE-V Sl No -4,MATERIAL_MOTHER_SANCTION,MATERIAL_ADMIN_MOTHER_MATERIAL,https://mnregaweb4.nic.in/RMS/WriteReadData/SancAttachments/VBGRAMG/G-31011$20$2026-RE-V(396999)-RE-VSlNo-4.pdf,,,,61613.43
DOC570,570,GOA,06/07/2026,J-12042/01/2026-RE-VIII (395817) Sl No.06 (Material),MATERIAL_MOTHER_SANCTION,MATERIAL_ADMIN_MOTHER_MATERIAL,https://mnregaweb4.nic.in/RMS/WriteReadData/SancAttachments/VBGRAMG/J-12042$01$2026-RE-VIII(395817)SlNo06(Material).pdf,,,,45.26
DOC571,571,GUJARAT,13/07/2026,J-11060/20/2026-RE-III Sl.No. 7 (Material),MATERIAL_MOTHER_SANCTION,MATERIAL_ADMIN_MOTHER_MATERIAL,https://mnregaweb4.nic.in/RMS/WriteReadData/SancAttachments/VBGRAMG/598$Finance$2026-27.pdf,,,,11505.32
DOC572,572,HARYANA,12/08/2026,J-11060/15/2026-RE-VI/ Sl. No. 08,MATERIAL_MOTHER_SANCTION,MATERIAL_ADMIN_MOTHER_MATERIAL,https://mnregaweb4.nic.in/RMS/WriteReadData/SancAttachments/VBGRAMG/J-11060$15$2026-RE-VI$SlNo08.pdf,,,,7219.45
DOC573,573,HIMACHAL PRADESH,06/07/2026,J-11060/21/2026-RE-III Sl.No.9 (Material),MATERIAL_MOTHER_SANCTION,MATERIAL_ADMIN_MOTHER_MATERIAL,https://mnregaweb4.nic.in/RMS/WriteReadData/SancAttachments/VBGRAMG/J-11060$21$2026-RE-IIISlNo9(Material).pdf,,,,14718.9
DOC574,574,JAMMU & KASHMIR,06/07/2026,J-12016/02/2026-RE-IV SI. No.2 (Mat),MATERIAL_MOTHER_SANCTION,MATERIAL_ADMIN_MOTHER_MATERIAL,https://mnregaweb4.nic.in/RMS/WriteReadData/SancAttachments/VBGRAMG/J-12016$02$2026-RE-IVSINo2(Mat).pdf,,,,14081.96
DOC575,575,KARNATAKA,06/07/2026,J-12012/03/2026-RE-IV Sl.No.11 Material,MATERIAL_MOTHER_SANCTION,MATERIAL_ADMIN_MOTHER_MATERIAL,https://mnregaweb4.nic.in/RMS/WriteReadData/SancAttachments/VBGRAMG/J-12012$03$2026-RE-IVSlNo11Material.pdf,,,,64847.34
DOC576,576,KERALA,10/07/2026,J-12020/01/2026-RE-VIII (395800) Sl No.12 (Material),MATERIAL_MOTHER_SANCTION,MATERIAL_ADMIN_MOTHER_MATERIAL,https://mnregaweb4.nic.in/RMS/WriteReadData/SancAttachments/VBGRAMG/J-12020$01$2026-RE-VIII(395800)SlNo12(Material).pdf,,,,34271.56
DOC577,577,MADHYA PRADESH,06/07/2026,J-12011/02/2026-RE-IV SI. No.13 (Mat),MATERIAL_MOTHER_SANCTION,MATERIAL_ADMIN_MOTHER_MATERIAL,https://mnregaweb4.nic.in/RMS/WriteReadData/SancAttachments/VBGRAMG/J-12011$02$2026-RE-IVSINo13(Mat).pdf,,,,23361.47
DOC578,578,MAHARASHTRA,15/07/2026,J-14022/01/2026-RE-I (396160) Sl. No. 14 Material,MATERIAL_MOTHER_SANCTION,MATERIAL_ADMIN_MOTHER_MATERIAL,https://mnregaweb4.nic.in/RMS/WriteReadData/SancAttachments/VBGRAMG/J-14022$01$2026-RE-I(396160)SlNo14Material.pdf,,,,54071.19
DOC579,579,MANIPUR,06/07/2026,J-14023/01/2026-RE-I (396161) Sl No. 15,MATERIAL_MOTHER_SANCTION,MATERIAL_ADMIN_MOTHER_MATERIAL,https://mnregaweb4.nic.in/RMS/WriteReadData/SancAttachments/VBGRAMG/J-14023$01$2026-RE-I(396161)SlNo15M.pdf,,,,7118.9
DOC580,580,MEGHALAYA,06/07/2026,J-12013/02/2026-RE-IV SI. No.16 (Mat),MATERIAL_MOTHER_SANCTION,MATERIAL_ADMIN_MOTHER_MATERIAL,https://mnregaweb4.nic.in/RMS/WriteReadData/SancAttachments/VBGRAMG/J-12013$02$2026-RE-IVSINo16(Mat).pdf,,,,14129.54
DOC581,581,MIZORAM,06/07/2026,J-11060/14/2026-RE-VI (395702) Sl. No 17(Material),MATERIAL_MOTHER_SANCTION,MATERIAL_ADMIN_MOTHER_MATERIAL,https://mnregaweb4.nic.in/RMS/WriteReadData/SancAttachments/VBGRAMG/J-11060$14$2026-RE-VI(395702)SlNo17(Material).pdf,,,,7377.98
DOC582,582,NAGALAND,06/07/2026,J-11060/22/2026-RE-III Sl.No.18 (Material),MATERIAL_MOTHER_SANCTION,MATERIAL_ADMIN_MOTHER_MATERIAL,https://mnregaweb4.nic.in/RMS/WriteReadData/SancAttachments/VBGRAMG/J-11060$22$2026-RE-IIISlNo18(Material).pdf,,,,3521.1
DOC583,583,ODISHA,06/07/2026,L-15060/08/2026-RE-VII/Sl.No.19,MATERIAL_MOTHER_SANCTION,MATERIAL_ADMIN_MOTHER_MATERIAL,https://mnregaweb4.nic.in/RMS/WriteReadData/SancAttachments/VBGRAMG/L-15060$08$2026-RE-VII$SlNo19.pdf,,,,34530.28
DOC584,584,PUNJAB,06/07/2026,J-14028/01/2026-RE-I (396162) Sl No. 20,MATERIAL_MOTHER_SANCTION,MATERIAL_ADMIN_MOTHER_MATERIAL,https://mnregaweb4.nic.in/RMS/WriteReadData/SancAttachments/VBGRAMG/J-14028$01$2026-RE-I(396162)SlNo20M.pdf,,,,16288.81
DOC585,585,RAJASTHAN,06/07/2026,J-12015/03/2026-RE-IV Sl.No.21 (Mat),MATERIAL_MOTHER_SANCTION,MATERIAL_ADMIN_MOTHER_MATERIAL,https://mnregaweb4.nic.in/RMS/WriteReadData/SancAttachments/VBGRAMG/J-12015$03$2026-RE-IVSlNo21(Mat).pdf,,,,84235.96
DOC586,586,SIKKIM,06/07/2026,J-12034/1/2026-RE-VIII (395493) Sl No.22,MATERIAL_MOTHER_SANCTION,MATERIAL_ADMIN_MOTHER_MATERIAL,https://mnregaweb4.nic.in/RMS/WriteReadData/SancAttachments/VBGRAMG/J-12034$1$2026-RE-VIII(395493)SlNo22.pdf,,,,1193.52
DOC587,587,TAMILNADU,06/07/2026,J-11060/12/2026-RE-VI(395700) Sl. No.23(Material),MATERIAL_MOTHER_SANCTION,MATERIAL_ADMIN_MOTHER_MATERIAL,https://mnregaweb4.nic.in/RMS/WriteReadData/SancAttachments/VBGRAMG/J-11060$12$2026-RE-VI(395700)SlNo23(Material).pdf,,,,80623.85
DOC588,588,TRIPURA,06/07/2026,J-12014/02/2026-RE-IV Sl.No.25 (Mat),MATERIAL_MOTHER_SANCTION,MATERIAL_ADMIN_MOTHER_MATERIAL,https://mnregaweb4.nic.in/RMS/WriteReadData/SancAttachments/VBGRAMG/J-12014$02$2026-RE-IVSlNo25(Mat).pdf,,,,12742.51
DOC589,589,UTTAR PRADESH,06/07/2026,J-14037/01/2026-RE-I (395978) Sl. No.26 Mat,MATERIAL_MOTHER_SANCTION,MATERIAL_ADMIN_MOTHER_MATERIAL,https://mnregaweb4.nic.in/RMS/WriteReadData/SancAttachments/VBGRAMG/J-14037$01$2026-RE-I(395978)SlNo26Mat.pdf,,,,118917.19
DOC590,590,WEST BENGAL,06/07/2026,G-31011/24/2026 (397003) material-RE-V Sl No- (28),MATERIAL_MOTHER_SANCTION,MATERIAL_ADMIN_MOTHER_MATERIAL,https://mnregaweb4.nic.in/RMS/WriteReadData/SancAttachments/VBGRAMG/G-31011$24$2026(397003)material-RE-VSlNo-(28).pdf,,,,46833.03
DOC591,591,PUDUCHERRY,06/07/2026,L-15060/09/2026-RE-VII Sl.No.01,MATERIAL_MOTHER_SANCTION,MATERIAL_ADMIN_MOTHER_MATERIAL,https://mnregaweb4.nic.in/RMS/WriteReadData/SancAttachments/VBGRAMG/L-15060$09$2026-RE-VIISlNo01.pdf,,,,477.06
DOC592,592,UTTARAKHAND,06/07/2026,J-11060/23/2026-RE-III Sl.No.27 (Material),MATERIAL_MOTHER_SANCTION,MATERIAL_ADMIN_MOTHER_MATERIAL,https://mnregaweb4.nic.in/RMS/WriteReadData/SancAttachments/VBGRAMG/J-11060$23$2026-RE-IIISlNo27(Material).pdf,,,,7177.06
DOC593,593,CHHATTISGARH,06/07/2026,G-31011/22/2026-RE-V (397001)-RE-V Sl No -5,MATERIAL_MOTHER_SANCTION,MATERIAL_ADMIN_MOTHER_MATERIAL,https://mnregaweb4.nic.in/RMS/WriteReadData/SancAttachments/VBGRAMG/G-31011$22$2026-RE-V(397001)-RE-VSlNo-5.pdf,,,,36934.31
DOC594,594,JHARKHAND,20/07/2026,J-11060/13/2026-RE-VI / Sl. No. 10,MATERIAL_MOTHER_SANCTION,MATERIAL_ADMIN_MOTHER_MATERIAL,https://mnregaweb4.nic.in/RMS/WriteReadData/SancAttachments/VBGRAMG/J-11060$13$2026-RE-VI$SlNo10_Mat.pdf,,,,29137.61
DOC595,595,TELANGANA,06/07/2026,L-15060/07/2026-RE-VII/Sl.No.24,MATERIAL_MOTHER_SANCTION,MATERIAL_ADMIN_MOTHER_MATERIAL,https://mnregaweb4.nic.in/RMS/WriteReadData/SancAttachments/VBGRAMG/L-15060$07$2026-RE-VII$SlNo24.pdf,,,,46792.78
DOC596,596,ANDHRA PRADESH,03/07/2026,L-15060/06/2026-RE-VII/SI.No.01,WAGE_MOTHER_SANCTION,NEFMS_WAGE_MOTHER,https://mnregaweb4.nic.in/RMS/WriteReadData/SancAttachments/VBGRAMG/L-15060$06$2025-RE-VII$SINo01.pdf,24154.16,7820.67,109441.87,141416.7
DOC597,597,ARUNACHAL PRADESH,03/07/2026,G-31011/20/2026-RE-V (396999)-RE-V Sl No-2,WAGE_MOTHER_SANCTION,NEFMS_WAGE_MOTHER,https://mnregaweb4.nic.in/RMS/WriteReadData/SancAttachments/VBGRAMG/G-31011$20$2026-RE-V(396999)-RE-VSlNo-2.pdf,9,7778.51,409.92,8197.43
DOC598,598,ASSAM,03/07/2026,J-12011/01/2026/RE-VIII(395760)/Sl.No.03,WAGE_MOTHER_SANCTION,NEFMS_WAGE_MOTHER,https://mnregaweb4.nic.in/RMS/WriteReadData/SancAttachments/VBGRAMG/J-12011$01$2026$RE-VIII(395760)$SlNo03.pdf,1752.66,5959.06,27341.55,35053.27
DOC599,599,BIHAR,03/07/2026,G-31011/21/2026-RE-V (397000)-RE-V Sl No-4,WAGE_MOTHER_SANCTION,NEFMS_WAGE_MOTHER,https://mnregaweb4.nic.in/RMS/WriteReadData/SancAttachments/VBGRAMG/G-31011$21$2026-RE-V(397000)-RE-VSlNo-4.pdf,16635.52,3696.98,72087.65,92420.15
DOC600,600,GOA,06/07/2026,J-12042/01/2026/RE-VIII(395817)/Sl.No.06,WAGE_MOTHER_SANCTION,NEFMS_WAGE_MOTHER,https://mnregaweb4.nic.in/RMS/WriteReadData/SancAttachments/VBGRAMG/J-12042$01$2026$RE-VIII(395817)$SlNo06.pdf,0.5,34.94,32.45,67.89
DOC601,601,GUJARAT,10/07/2026,J-11060/20/2026-RE-III Sl.No. 7,WAGE_MOTHER_SANCTION,NEFMS_WAGE_MOTHER,https://mnregaweb4.nic.in/RMS/WriteReadData/SancAttachments/VBGRAMG/J-11060$20$2026-RE-IIISlNo7.pdf,881.1,7675.81,8701.07,17257.98
DOC602,602,HARYANA,03/07/2026,J-11060/15/2026-RE-VI (395703) Sl. No. 8,WAGE_MOTHER_SANCTION,NEFMS_WAGE_MOTHER,https://mnregaweb4.nic.in/RMS/WriteReadData/SancAttachments/VBGRAMG/J-11060$15$2026-RE-VI(395703)SlNo8.pdf,5522.95,0,5306.22,10829.17
DOC603,603,HIMACHAL PRADESH,03/07/2026,J-11060/21/2026-RE-III SI. No.9,WAGE_MOTHER_SANCTION,NEFMS_WAGE_MOTHER,https://mnregaweb4.nic.in/RMS/WriteReadData/SancAttachments/VBGRAMG/J-11060$21$2026-RE-IIISINo9.pdf,5561.09,1987.03,14530.23,22078.35
DOC604,604,JAMMU & KASHMIR,03/07/2026,J-12016/02/2026-RE-IV SI. No.30,WAGE_MOTHER_SANCTION,NEFMS_WAGE_MOTHER,https://mnregaweb4.nic.in/RMS/WriteReadData/SancAttachments/VBGRAMG/J-12016$02$2026-RE-IVSINo30.pdf,760.82,2449.95,17912.16,21122.93
DOC605,605,KARNATAKA,03/07/2026,J-12012/03/2026-RE-IV Sl.No.11,WAGE_MOTHER_SANCTION,NEFMS_WAGE_MOTHER,https://mnregaweb4.nic.in/RMS/WriteReadData/SancAttachments/VBGRAMG/J-12012$03$2026-RE-IVSlNo11.pdf,16535.9,6808.59,73926.52,97271.01
DOC606,606,KERALA,06/07/2026,J-12020/01/2026/RE-VIII/ (395800)/Sl.No.12,WAGE_MOTHER_SANCTION,NEFMS_WAGE_MOTHER,https://mnregaweb4.nic.in/RMS/WriteReadData/SancAttachments/VBGRAMG/J-12020$01$2026$RE-VIII$(395800)$SlNo12.pdf,9090.65,3476.91,38839.77,51407.33
DOC607,607,MADHYA PRADESH,03/07/2026,J-12011/02/2026-RE-IV SI. No.13,WAGE_MOTHER_SANCTION,NEFMS_WAGE_MOTHER,https://mnregaweb4.nic.in/RMS/WriteReadData/SancAttachments/VBGRAMG/J-12011$02$2026-RE-IVSINo13.pdf,5607.19,8059.53,21375.48,35042.2
DOC608,608,MAHARASHTRA,15/07/2026,J-14022/01/2026-RE-I (396160) Sl. No. 14,WAGE_MOTHER_SANCTION,NEFMS_WAGE_MOTHER,https://mnregaweb4.nic.in/RMS/WriteReadData/SancAttachments/VBGRAMG/J-14022$01$2026-RE-I(396160)SlNo14.pdf,4461.06,14692.83,61952.9,81106.79
DOC609,609,MANIPUR,03/07/2026,J-14023/01/2026-RE-I (396161) Sl.No.15,WAGE_MOTHER_SANCTION,NEFMS_WAGE_MOTHER,https://mnregaweb4.nic.in/RMS/WriteReadData/SancAttachments/VBGRAMG/J-14023$01$2026-RE-I(396161)SlNo15W.pdf,264.14,4612.3,5801.92,10678.36
DOC610,610,MEGHALAYA,03/07/2026,J-12013/02/2026-RE-IV SI. No.16,WAGE_MOTHER_SANCTION,NEFMS_WAGE_MOTHER,https://mnregaweb4.nic.in/RMS/WriteReadData/SancAttachments/VBGRAMG/J-12013$02$2026-RE-IVSINo16.pdf,131.07,19028.35,2034.89,21194.31
DOC611,611,MIZORAM,03/07/2026,J-11060/14/2026-RE-VI (395702) Sl. No. 17,WAGE_MOTHER_SANCTION,NEFMS_WAGE_MOTHER,https://mnregaweb4.nic.in/RMS/WriteReadData/SancAttachments/VBGRAMG/J-11060$14$2026-RE-VI(395702)SlNo17.pdf,3.36,11052.86,10.76,11066.98
DOC612,612,NAGALAND,03/07/2026,J-11060/22/2026-RE-III Sl.No.18,WAGE_MOTHER_SANCTION,NEFMS_WAGE_MOTHER,https://mnregaweb4.nic.in/RMS/WriteReadData/SancAttachments/VBGRAMG/J-11060$22$2026-RE-IIISlNo18.pdf,0,5228.8,52.85,5281.65
DOC613,613,ODISHA,03/07/2026,L-15060/08/2026-RE-VII/SI.No.19,WAGE_MOTHER_SANCTION,NEFMS_WAGE_MOTHER,https://mnregaweb4.nic.in/RMS/WriteReadData/SancAttachments/VBGRAMG/L-15060$08$2026-RE-VII$SINo19.pdf,13361.47,18706.42,19727.52,51795.41
DOC614,614,PUNJAB,03/07/2026,J-14028/01/2026-RE-I (396162) Sl. No. 20,WAGE_MOTHER_SANCTION,NEFMS_WAGE_MOTHER,https://mnregaweb4.nic.in/RMS/WriteReadData/SancAttachments/VBGRAMG/J-14028$01$2026-RE-I(396162)SlNo20W.pdf,17030.88,22.21,7380.12,24433.21
DOC615,615,RAJASTHAN,03/07/2026,J-12015/03/2026-RE-IV Sl.No.21,WAGE_MOTHER_SANCTION,NEFMS_WAGE_MOTHER,https://mnregaweb4.nic.in/RMS/WriteReadData/SancAttachments/VBGRAMG/J-12015$03$2026-RE-IVSlNo21.pdf,25270.79,31588.23,69494.92,126353.94
DOC616,616,SIKKIM,03/07/2026,J-12034/01/2026/RE-VIII(395943)/Sl.No.22,WAGE_MOTHER_SANCTION,NEFMS_WAGE_MOTHER,https://mnregaweb4.nic.in/RMS/WriteReadData/SancAttachments/VBGRAMG/J-12034$01$2026$RE-VIII(395943)$SlNo22.pdf,128.62,647.02,1014.64,1790.28
DOC617,617,TAMILNADU,03/07/2026,J-11060/12/2026-RE-VI (395700) Sl. No. 23,WAGE_MOTHER_SANCTION,NEFMS_WAGE_MOTHER,https://mnregaweb4.nic.in/RMS/WriteReadData/SancAttachments/VBGRAMG/J-11060$12$2026-RE-VI(395700)SlNo23.pdf,34981.42,1299.31,84655.05,120935.78
DOC618,618,TRIPURA,03/07/2026,J-12014/02/2026-RE-IV Sl.No.25,WAGE_MOTHER_SANCTION,NEFMS_WAGE_MOTHER,https://mnregaweb4.nic.in/RMS/WriteReadData/SancAttachments/VBGRAMG/J-12014$02$2026-RE-IVSlNo25.pdf,2676.01,9556.88,6880.87,19113.76
DOC619,619,UTTAR PRADESH,03/07/2026,J-14037/01/2026-RE-I (395978) Sl. No. 26,WAGE_MOTHER_SANCTION,NEFMS_WAGE_MOTHER,https://mnregaweb4.nic.in/RMS/WriteReadData/SancAttachments/VBGRAMG/J-14037$01$2026-RE-I(395978)SlNo26W.pdf,51435.46,2061.27,124879.05,178375.78
DOC620,620,WEST BENGAL,03/07/2026,G-31011/24/2026 (397003)-RE-V Sl No-28,WAGE_MOTHER_SANCTION,NEFMS_WAGE_MOTHER,https://mnregaweb4.nic.in/RMS/WriteReadData/SancAttachments/VBGRAMG/G-31011$24$2026(397003)-RE-VSlNo-28.pdf,30207.8,9833.94,30207.8,70249.54
DOC621,621,DN HAVELI AND DD,20/08/2026,L-15060/22/2026-RE-VII/SI. No. 35,WAGE_MOTHER_SANCTION,NEFMS_WAGE_MOTHER,https://mnregaweb4.nic.in/RMS/WriteReadData/SancAttachments/VBGRAMG/L-15060$22$2026-RE-VII$SINo35.pdf,1,143,7,151
DOC622,622,PUDUCHERRY,03/07/2026,L-15060/09/2026-RE-VII/SI.No.29,WAGE_MOTHER_SANCTION,NEFMS_WAGE_MOTHER,https://mnregaweb4.nic.in/RMS/WriteReadData/SancAttachments/VBGRAMG/L-15060$09$2026-RE-VII$SINo29.pdf,207.52,1.95,506.12,715.59
DOC623,623,UTTARAKHAND,03/07/2026,J-11060/23/2026-RE-III SI. No.27,WAGE_MOTHER_SANCTION,NEFMS_WAGE_MOTHER,https://mnregaweb4.nic.in/RMS/WriteReadData/SancAttachments/VBGRAMG/J-11060$23$2026-RE-IIISINo27.pdf,2045.46,322.97,8397.17,10765.6
DOC624,624,CHHATTISGARH,03/07/2026,G-31011/22/2026-RE-V (397001)-RE-V Sl No-5,WAGE_MOTHER_SANCTION,NEFMS_WAGE_MOTHER,https://mnregaweb4.nic.in/RMS/WriteReadData/SancAttachments/VBGRAMG/G-31011$22$2026-RE-V(397001)-RE-VSlNo-5.pdf,6648.73,21052,27700.73,55401.46
DOC625,625,JHARKHAND,21/07/2026,J-11060/13/2026-RE-VI (395701) Sl. No. 10,WAGE_MOTHER_SANCTION,NEFMS_WAGE_MOTHER,https://mnregaweb4.nic.in/RMS/WriteReadData/SancAttachments/VBGRAMG/J-11060$13$2026-RE-VI(395701)SlNo10.pdf,3933.58,9615.41,30157.43,43706.42
DOC626,626,TELANGANA,03/07/2026,L-15060/07/2026-RE-VII/SI.No.24,WAGE_MOTHER_SANCTION,NEFMS_WAGE_MOTHER,https://mnregaweb4.nic.in/RMS/WriteReadData/SancAttachments/VBGRAMG/L-15060$07$2026-RE-VII$SINo24.pdf,14908.68,15146.61,40133.88,70189.17
DOC627,627,LADAKH,30/07/2026,J-12026/01/2026-RE-IV SI. No.32,WAGE_MOTHER_SANCTION,NEFMS_WAGE_MOTHER,https://mnregaweb4.nic.in/RMS/WriteReadData/SancAttachments/VBGRAMG/J-12026$01$2026-RE-IVSINo32.pdf,0,896.15,0,896.15
