"document_id","serial_no","state","sanction_date","document_name","document_type","document_url","file_path","sha256_hash","amount_lakh","verification_status","is_tampered"
"DOC001","1","ANDHRA PRADESH","24/08/2026","L-15060/06/2026-RE-VII/Sl.No.01(Admin-07)","SANCTION_ORDER","https://mnregaweb4.nic.in/RMS/WriteReadData/SancAttachments/VBGRAMG/L-15060$06$2026-RE-VII$SlNo01(Admin-07).pdf","documents\DOC001.pdf","49c1f05f9245b95b4b95428d423d7c69455cb726de9b934b39928c36feb5a3d0","11.76437","PENDING","False"
"DOC002","2","ANDHRA PRADESH","24/08/2026","L-15060/06/2026-RE-VII/Sl.No.01(Admin-06)","SANCTION_ORDER","https://mnregaweb4.nic.in/RMS/WriteReadData/SancAttachments/VBGRAMG/L-15060$06$2026-RE-VII$SlNo01(Admin-06).pdf","documents\DOC002.pdf","05b61bcfcacc991f46e1fccc599a197163c9283927e20715699ebdffe1370807","3.58","PENDING","False"
"DOC003","3","ANDHRA PRADESH","20/08/2026","L-15060/06/2026-RE-VII/Sl.No.01(Admin-05)","SANCTION_ORDER","https://mnregaweb4.nic.in/RMS/WriteReadData/SancAttachments/VBGRAMG/L-15060$06$2026-RE-VII$SlNo01(Admin-05).pdf","documents\DOC003.pdf","547e5fc3e6c86e3d00e79e4553ec383683cdceb130421b696f4f28aaaa35b8b4","0.52287","PENDING","False"
"DOC004","4","ANDHRA PRADESH","19/08/2026","L-15060/06/2026-RE-VII/Sl.No.01(Admin-04)","SANCTION_ORDER","https://mnregaweb4.nic.in/RMS/WriteReadData/SancAttachments/VBGRAMG/L-15060$06$2026-RE-VII$SlNo01(Admin-04).pdf","documents\DOC004.pdf","6cb36cd65a97fb562b47cce936e67d8d00ef56dae9c16bbc3e3af8211a52227a","391.94111","PENDING","False"
"DOC005","5","ANDHRA PRADESH","18/08/2026","L-15060/06/2026-RE-VII/Sl.No.01(Admin-03)","SANCTION_ORDER","https://mnregaweb4.nic.in/RMS/WriteReadData/SancAttachments/VBGRAMG/L-15060$06$2026-RE-VII$SlNo01(Admin-03).pdf","documents\DOC005.pdf","df4720de3e5caec5f0302649d00388dd05c44b6c03b43e3ae5d188d52dd1103d","104.95468","PENDING","False"
"DOC006","6","ANDHRA PRADESH","10/08/2026","L-15060/06/2026-RE-VII/Sl.No.01(Admin-02)","SANCTION_ORDER","https://mnregaweb4.nic.in/RMS/WriteReadData/SancAttachments/VBGRAMG/L-15060$06$2026-RE-VII$SlNo01(Admin-02).pdf","documents\DOC006.pdf","41d4c08f90c8d88e56ab9a6934f89d09e1ea680a901b9b615e9bf7c450c2b926","0.69244","PENDING","False"
"DOC007","7","ANDHRA PRADESH","06/08/2026","L-15060/06/2026-RE-VII/Sl.No.01(01)","SANCTION_ORDER","https://mnregaweb4.nic.in/RMS/WriteReadData/SancAttachments/VBGRAMG/L-15060$06$2026-RE-VII$SlNo01(01).pdf","documents\DOC007.pdf","bef840e1eb7370c6f69b0b0b2846f7c5253175cd222dd62f0b61fd33c883a0db","1610.53181","PENDING","False"
"DOC008","8","ARUNACHAL PRADESH","20/08/2026","G-31011/20/2026-RE-V (396999)-RE-V Sl No-2 (Admin-2)","SANCTION_ORDER","https://mnregaweb4.nic.in/RMS/WriteReadData/SancAttachments/VBGRAMG/G-31011$20$2026-RE-V(396999)-RE-VSlNo-2(Admin-2).pdf","documents\DOC008.pdf","ed9bcb80b6607c0fc0de74642342777f033fb455f97d0cdd06387e06dbefdb03","4.842","PENDING","False"
"DOC009","9","ARUNACHAL PRADESH","18/08/2026","G-31011/20/2026-RE-V (396999)-RE-V Sl No-2 (Admin-1)","SANCTION_ORDER","https://mnregaweb4.nic.in/RMS/WriteReadData/SancAttachments/VBGRAMG/G-31011$20$2026-RE-V(396999)-RE-VSlNo-2(Admin-1).pdf","documents\DOC009.pdf","a22930e40dadb902f97b1fe58efed89a80e5beb605abbb7a1e2c68d28e84d1fe","1.36516","PENDING","False"
"DOC010","10","ASSAM","08/07/2026","628/Finance/2026 27 (Assam Admin)-235843","SANCTION_ORDER","https://mnregaweb4.nic.in/RMS/WriteReadData/SancAttachments/VBGRAMG/628$Finance$202627(AssamAdmin)-235843.pdf","documents\DOC010.pdf","daad5c1a8683d569eb0ae3dc81cca6f3e5d3a54e13d47a88bb77a589a2f19845","2.96916","PENDING","False"
"DOC011","11","GUJARAT","24/08/2026","J-11060/20/2026-RE-III Sl.No.7 (Admin 14)","SANCTION_ORDER","https://mnregaweb4.nic.in/RMS/WriteReadData/SancAttachments/VBGRAMG/J-11060$20$2026-RE-IIISlNo7(Admin14).pdf","documents\DOC011.pdf","f013bda81e8b2d49ff1711d175f45d42946228a4f2fe4e2a2d4bf80143d9b623","2.08921","PENDING","False"
"DOC012","12","GUJARAT","21/08/2026","J-11060/20/2026-RE-III Sl.No.7 (Admin 13)","SANCTION_ORDER","https://mnregaweb4.nic.in/RMS/WriteReadData/SancAttachments/VBGRAMG/J-11060$20$2026-RE-IIISlNo7(Admin13).pdf","documents\DOC012.pdf","2753f4ffd0e0386aa353f03410adcf62e4c21f0bccd1c6ed81ace054028daa76","14.29293","PENDING","False"
"DOC013","13","GUJARAT","20/08/2026","J-11060/20/2026-RE-III Sl.No. 7( Admin 12)","SANCTION_ORDER","https://mnregaweb4.nic.in/RMS/WriteReadData/SancAttachments/VBGRAMG/J-11060$20$2026-RE-IIISlNo7(Admin12).pdf","documents\DOC013.pdf","3649ea788dc7afb9b02843f4b3ff6db78e750ce51834307abda41f3fc9855ee2","22.1949","PENDING","False"
"DOC014","14","GUJARAT","19/08/2026","J-11060/20/2026-RE-III Sl.No. 7( Admin 11)","SANCTION_ORDER","https://mnregaweb4.nic.in/RMS/WriteReadData/SancAttachments/VBGRAMG/J-11060$20$2026-RE-IIISlNo7(Admin11).pdf","documents\DOC014.pdf","0cd0641df610256dc5bd5f92373077d4ddb1d1acdf6c58df10e4012567a03776","10.75602","PENDING","False"
"DOC015","15","GUJARAT","19/08/2026","J-11060/20/2026-RE-III Sl.No. 7( Admin 10)","SANCTION_ORDER","https://mnregaweb4.nic.in/RMS/WriteReadData/SancAttachments/VBGRAMG/J-11060$20$2026-RE-IIISlNo7(Admin10).pdf","documents\DOC015.pdf","88909a5cddae3db7bdaead336a3e1718b228c71ec20fc8fe71b0ddb63bc554af","18.18755","PENDING","False"
"DOC016","16","GUJARAT","17/08/2026","J-11060/20/2026-RE-III Sl.No.9 (Admin 09)","SANCTION_ORDER","https://mnregaweb4.nic.in/RMS/WriteReadData/SancAttachments/VBGRAMG/J-11060$20$2026-RE-IIISlNo9(Admin09).pdf","documents\DOC016.pdf","fd1a33813b85356aad36db50eb28b7bba25ce9fe7919609efff14183a2c04555","18.40436","PENDING","False"
"DOC017","17","GUJARAT","14/08/2026","J-11060/20/2026-RE-III Sl.No.7 (Admin 08)","SANCTION_ORDER","https://mnregaweb4.nic.in/RMS/WriteReadData/SancAttachments/VBGRAMG/J-11060$20$2026-RE-IIISlNo7(Admin08).pdf","documents\DOC017.pdf","d2c496776e4a19f83563acef4cda2d53e5281fa509f1143889df1cbe08b79c93","15.79285","PENDING","False"
"DOC018","18","GUJARAT","13/08/2026","J-11060/20/2026-RE-III Sl.No.7 (Admin 07)","SANCTION_ORDER","https://mnregaweb4.nic.in/RMS/WriteReadData/SancAttachments/VBGRAMG/J-11060$20$2026-RE-IIISlNo7(Admin07).pdf","documents\DOC018.pdf","361b4184f6f79958a69f528be6dba11bddd11a753a10af8247cdd9e21c73ccbf","15.74104","PENDING","False"
"DOC019","19","GUJARAT","12/08/2026","J-11060/20/2026-RE-III Sl.No.7 (Admin 06)","SANCTION_ORDER","https://mnregaweb4.nic.in/RMS/WriteReadData/SancAttachments/VBGRAMG/J-11060$20$2026-RE-IIISlNo7(Admin06).pdf","documents\DOC019.pdf","e1b169de848fca21d095db78ca9b8ba82905ed4de549657448ed991cf76173de","37.99535","PENDING","False"
"DOC020","20","GUJARAT","11/08/2026","J-11060/20/2026-RE-III Sl.No.7 (Admin 05)","SANCTION_ORDER","https://mnregaweb4.nic.in/RMS/WriteReadData/SancAttachments/VBGRAMG/J-11060$20$2026-RE-IIISlNo7(Admin05).pdf","documents\DOC020.pdf","af38d59f3d5496b39f5b009558476185c89821fde05d9a7f55e476f1a45ee894","27.92848","PENDING","False"
"DOC021","21","GUJARAT","10/08/2026","J-11060/20/2026-RE-III Sl.No.7 (Admin 04)","SANCTION_ORDER","https://mnregaweb4.nic.in/RMS/WriteReadData/SancAttachments/VBGRAMG/J-11060$20$2026-RE-IIISlNo7(Admin04).pdf","documents\DOC021.pdf","c0e65d3d4b1631ca1ecfddf1889fdd645188a918f874d99d8ca822bffe2e2cce","8.81421","PENDING","False"
"DOC022","22","GUJARAT","07/08/2026","J-11060/20/2026-RE-III Sl.No.7 (Admin 03)","SANCTION_ORDER","https://mnregaweb4.nic.in/RMS/WriteReadData/SancAttachments/VBGRAMG/J-11060$20$2026-RE-IIISlNo7(Admin03).pdf","documents\DOC022.pdf","afaeee7aea6f032b1cfa8d03f2048e8b55dbfdb2adf613dec8da978500c8971e","28.10333","PENDING","False"
"DOC023","23","GUJARAT","06/08/2026","J-11060/20/2026-RE-III Sl.No.7 (Admin 02)","SANCTION_ORDER","https://mnregaweb4.nic.in/RMS/WriteReadData/SancAttachments/VBGRAMG/J-11060$20$2026-RE-IIISlNo7(Admin02).pdf","documents\DOC023.pdf","5fb8bcb242e3dab02de0fa239783d41220ccc939e8ba2598b22b98858fc0f355","27.88562","PENDING","False"
"DOC024","24","GUJARAT","05/08/2026","J-11060/20/2026-RE-III Sl.No.7 (Admin 01)","SANCTION_ORDER","https://mnregaweb4.nic.in/RMS/WriteReadData/SancAttachments/VBGRAMG/J-11060$20$2026-RE-IIISlNo7(Admin01).pdf","documents\DOC024.pdf","1926c2a8ccf91b9b577b4136a54c67c0a46f2a998aebc1b039756a07c07ec974","30.6298","PENDING","False"
"DOC025","25","HIMACHAL PRADESH","24/08/2026","J-11060/21/2026-RE-III Sl.No.9 (Admin 11)","SANCTION_ORDER","https://mnregaweb4.nic.in/RMS/WriteReadData/SancAttachments/VBGRAMG/J-11060$21$2026-RE-IIISlNo9(Admin11).pdf","documents\DOC025.pdf","ae82fa53d32e5e1bed96554f4dddfd3ab87422959bbb72d93c15ba3df1d874fe","7.02475","PENDING","False"
"DOC026","26","HIMACHAL PRADESH","20/08/2026","J-11060/21/2026-RE-III Sl.No.9 (Admin 10)","SANCTION_ORDER","https://mnregaweb4.nic.in/RMS/WriteReadData/SancAttachments/VBGRAMG/J-11060$21$2026-RE-IIISlNo9(Admin10).pdf","documents\DOC026.pdf","f740b33b991c3eb5a8ea55939add2680f403687449bc0c8f00992dad324bfaf5","1.87817","PENDING","False"
"DOC027","27","HIMACHAL PRADESH","20/08/2026","J-11060/21/2026-RE-III Sl.No.9 (Admin 09)","SANCTION_ORDER","https://mnregaweb4.nic.in/RMS/WriteReadData/SancAttachments/VBGRAMG/J-11060$21$2026-RE-IIISlNo9(Admin09).pdf","documents\DOC027.pdf","a7b5c82666b4794db6868425b6077af375edacc24f857302ca46b616d883c5d0","1.22335","PENDING","False"
"DOC028","28","HIMACHAL PRADESH","17/08/2026","J-11060/21/2026-RE-III Sl.No.9 (Admin 08)","SANCTION_ORDER","https://mnregaweb4.nic.in/RMS/WriteReadData/SancAttachments/VBGRAMG/J-11060$21$2026-RE-IIISlNo9(Admin08).pdf","documents\DOC028.pdf","165d08958f3c05d4194d083ec683cc75c0e99d72aab17a6b3ebcee556ee1f4b4","12.99929","PENDING","False"
"DOC029","29","HIMACHAL PRADESH","13/08/2026","J-11060/21/2026-RE-III Sl.No. 9 (Admin 07)","SANCTION_ORDER","https://mnregaweb4.nic.in/RMS/WriteReadData/SancAttachments/VBGRAMG/J-11060$21$2026-RE-IIISlNo9(Admin07).pdf","documents\DOC029.pdf","243a45899f195cdf233c654796c870911882c6e086fe7c3a7c503bb493751331","16.3517","PENDING","False"
"DOC030","30","HIMACHAL PRADESH","12/08/2026","J-11060/21/2026-RE-III Sl.No. 9 (Admin 06)","SANCTION_ORDER","https://mnregaweb4.nic.in/RMS/WriteReadData/SancAttachments/VBGRAMG/J-11060$21$2026-RE-IIISlNo9(Admin06).pdf","documents\DOC030.pdf","0079c59771b42f2605855e74ad5a44b07ddce43d9a9f35fb020a7677c7beab74","72.21919","PENDING","False"
"DOC031","31","HIMACHAL PRADESH","10/08/2026","J-11060/21/2026-RE-III Sl.No 9 (Admin 05)","SANCTION_ORDER","https://mnregaweb4.nic.in/RMS/WriteReadData/SancAttachments/VBGRAMG/J-11060$21$2026-RE-IIISlNo9(Admin05).pdf","documents\DOC031.pdf","a28786210afbaa5fc98a2bd272b4c5fb901fcdefe3b05422e5778e2f235b14d9","7.68122","PENDING","False"
"DOC032","32","HIMACHAL PRADESH","05/08/2026","J-11060/21/2026-RE-III Sl.No (Admin 04)","SANCTION_ORDER","https://mnregaweb4.nic.in/RMS/WriteReadData/SancAttachments/VBGRAMG/J-11060$21$2026-RE-IIISlNo(Admin04).pdf","documents\DOC032.pdf","8c81dfd2ace8750d3b53b7d4d3aa659178c22bd82fa942c9512aa91837a3f7b1","14.65568","PENDING","False"
"DOC033","33","HIMACHAL PRADESH","04/08/2026","J-11060/21/2026-RE-III Sl.No. 9 (Admin 03)","SANCTION_ORDER","https://mnregaweb4.nic.in/RMS/WriteReadData/SancAttachments/VBGRAMG/J-11060$21$2026-RE-IIISlNo9(Admin03).pdf","documents\DOC033.pdf","2d6c805e08f0a1bbda88ae8576e63205ed6fd5bacfc5b0fa0f24de03f1e8160c","14.65568","PENDING","False"
"DOC034","34","HIMACHAL PRADESH","03/08/2026","J-11060/21/2026-RE-III Sl.No.9 (Admin 02)","SANCTION_ORDER","https://mnregaweb4.nic.in/RMS/WriteReadData/SancAttachments/VBGRAMG/J-11060$21$2026-RE-IIISlNo9(Admin02).pdf","documents\DOC034.pdf","0d88d5ad989772d77bbd87eb02ee61a61937026d68c0f1200cb16558fd8cc50b","443.45058","PENDING","False"
"DOC035","35","HIMACHAL PRADESH","22/07/2026","J-11060/23/2026-RE-III Sl.No.09 (SPARSH01)","SANCTION_ORDER","https://mnregaweb4.nic.in/RMS/WriteReadData/SancAttachments/VBGRAMG/J-11060$23$2026-RE-IIISlNo09(SPARSH01).pdf","documents\DOC035.pdf","3a19942d42ccfed1adc588f3b89adb6b1bb90144afa82539cb90ef3f4b4b333f","0.0009","PENDING","False"
"DOC036","36","MAHARASHTRA","11/08/2026","J-14022/01/2026-RE-I (396160) Sl. No.14 Admin 2","SANCTION_ORDER","https://mnregaweb4.nic.in/RMS/WriteReadData/SancAttachments/VBGRAMG/J-14022$01$2026-RE-I(396160)SlNo14Admin2.pdf","documents\DOC036.pdf","87fc9d111093797559c3b410b907d1529a7d1508a91a483954ce99a56ff01b48","745.96935","PENDING","False"
"DOC037","37","MAHARASHTRA","10/08/2026","J-14022/01/2026-RE-I (396160) Sl. No.14 Admin 1","SANCTION_ORDER","https://mnregaweb4.nic.in/RMS/WriteReadData/SancAttachments/VBGRAMG/J-14022$01$2026-RE-I(396160)SlNo14Admin1.pdf","documents\DOC037.pdf","c82e5aa320c7dd4e33e95237450c8ebc8baaf6846e5716ff207e07641e9e97d8","0.0432","PENDING","False"
"DOC038","38","MIZORAM","20/08/2026","J-l1060/14/2026-RE-VI (395702) Sl. No. 17 Sparsh 01 Admin","SANCTION_ORDER","https://mnregaweb4.nic.in/RMS/WriteReadData/SancAttachments/VBGRAMG/J-l1060$14$2026-RE-VI(395702)SlNo17Sparsh01Admin.pdf","documents\DOC038.pdf","b33bacfa4bc835c6694a1f797d7c898b5912854c1a8f80152961062bacf4b4cd","147.65069","PENDING","False"
"DOC039","39","ODISHA","24/08/2026","L-15060/08/2026-RE-VII/Sl.No.19 (Admin-15)","SANCTION_ORDER","https://mnregaweb4.nic.in/RMS/WriteReadData/SancAttachments/VBGRAMG/L-15060$08$2026-RE-VII$SlNo19(Admin-15).pdf","documents\DOC039.pdf","6127583e9b492aa7a12206eb4be9d973602d3fc0c9848978c3b43edd6de4addd","8.70559","PENDING","False"
"DOC040","40","ODISHA","24/08/2026","L-15060/08/2026-RE-VII/Sl.No.19 (Admin-14)","SANCTION_ORDER","https://mnregaweb4.nic.in/RMS/WriteReadData/SancAttachments/VBGRAMG/L-15060$08$2026-RE-VII$SlNo19(Admin-14).pdf","documents\DOC040.pdf","e72ce432fd16cc46b707d39953edf6d466f14c9450fcad0c120ea65adb92c402","16.35864","PENDING","False"
"DOC041","41","ODISHA","20/08/2026","L-15060/08/2026-RE-VII/Sl.No.19 (Admin-13)","SANCTION_ORDER","https://mnregaweb4.nic.in/RMS/WriteReadData/SancAttachments/VBGRAMG/L-15060$08$2026-RE-VII$SlNo19(Admin-13).pdf","documents\DOC041.pdf","dc8ddcf920816a741c2dbc0f50cb859313cbb3adde7bb96ab0a1614c8d662650","11.87095","PENDING","False"
"DOC042","42","ODISHA","19/08/2026","L-15060/08/2026-RE-VII/Sl.No.19 (Admin-12)","SANCTION_ORDER","https://mnregaweb4.nic.in/RMS/WriteReadData/SancAttachments/VBGRAMG/L-15060$08$2026-RE-VII$SlNo19(Admin-12).pdf","documents\DOC042.pdf","d83401a1e675e307fb2c1006e5dbf129bba0520aad0ba1bd452ddd923c410117","8.78967","PENDING","False"
"DOC043","43","ODISHA","19/08/2026","L-15060/08/2026-RE-VII/Sl.No.19 (Admin-11)","SANCTION_ORDER","https://mnregaweb4.nic.in/RMS/WriteReadData/SancAttachments/VBGRAMG/L-15060$08$2026-RE-VII$SlNo19(Admin-11).pdf","documents\DOC043.pdf","5b58a970a169ae1cb12909c7b360a6a4f4677ecf2eb7855d47b145e42a50e424","0.77004","PENDING","False"
"DOC044","44","ODISHA","18/08/2026","L-15060/08/2026-RE-VII/Sl.No.19 (Admin-10)","SANCTION_ORDER","https://mnregaweb4.nic.in/RMS/WriteReadData/SancAttachments/VBGRAMG/L-15060$08$2026-RE-VII$SlNo19(Admin-10).pdf","documents\DOC044.pdf","1974ed32cb9d33ba5edb09f3cca779cc2eb771f0cd48fced96e2ed83096bd9b7","22.17702","PENDING","False"
"DOC045","45","ODISHA","17/08/2026","L-15060/08/2026-RE-VII/Sl.No.19 (Admin-09)","SANCTION_ORDER","https://mnregaweb4.nic.in/RMS/WriteReadData/SancAttachments/VBGRAMG/L-15060$08$2026-RE-VII$SlNo19(Admin-09).pdf","documents\DOC045.pdf","c483d4df7d0a331949ee7945c8de3bf09bdd2c8a78985b24aa14a91f204d8ca8","26.94429","PENDING","False"
"DOC046","46","ODISHA","14/08/2026","L-15060/08/2026-RE-VII/Sl.No.19 (Admin-08)","SANCTION_ORDER","https://mnregaweb4.nic.in/RMS/WriteReadData/SancAttachments/VBGRAMG/L-15060$08$2026-RE-VII$SlNo19(Admin-08).pdf","documents\DOC046.pdf","0e102e3b534d7d5c7d6f77ebfd92491a710ab8400058c598eea3e30f56b666ee","11.40969","PENDING","False"
"DOC047","47","ODISHA","13/08/2026","L-15060/08/2026-RE-VII/Sl.No.19 (Admin-07)","SANCTION_ORDER","https://mnregaweb4.nic.in/RMS/WriteReadData/SancAttachments/VBGRAMG/L-15060$08$2026-RE-VII$SlNo19(Admin-07).pdf","documents\DOC047.pdf","cd3c532335614405998309d5df8ae1098d8fc433053a0531cebf165c52a205c9","12.46252","PENDING","False"
"DOC048","48","ODISHA","11/08/2026","L-15060/08/2026-RE-VII/Sl.No.19 (Admin-06)","SANCTION_ORDER","https://mnregaweb4.nic.in/RMS/WriteReadData/SancAttachments/VBGRAMG/L-15060$08$2026-RE-VII$SlNo19(Admin-06).pdf","documents\DOC048.pdf","1d4e998dfd01ead9d100a8323265d7b27febdae752a8ecd2b27f7770cbe5b82f","8.5422","PENDING","False"
"DOC049","49","ODISHA","11/08/2026","L-15060/08/2026-RE-VII/Sl.No.19 (Admin-05)","SANCTION_ORDER","https://mnregaweb4.nic.in/RMS/WriteReadData/SancAttachments/VBGRAMG/L-15060$08$2026-RE-VII$SlNo19(Admin-05).pdf","documents\DOC049.pdf","fe8444dc3ac82e8a8ec05fc05fbed184cacdd9000767433dab8aca85d1eca857","35.22398","PENDING","False"
"DOC050","50","ODISHA","10/08/2026","L-15060/08/2026-RE-VII/Sl.No.19 (Admin-04)","SANCTION_ORDER","https://mnregaweb4.nic.in/RMS/WriteReadData/SancAttachments/VBGRAMG/L-15060$08$2026-RE-VII$SlNo19(Admin-04).pdf","documents\DOC050.pdf","57b59317e595c518374d85d5d88eac27a61a387780b258cbe1b3e9a99764b894","3.37278","PENDING","False"
"DOC051","51","ODISHA","07/08/2026","L-15060/08/2026-RE-VII/Sl.No.19 (Admin-03)","SANCTION_ORDER","https://mnregaweb4.nic.in/RMS/WriteReadData/SancAttachments/VBGRAMG/L-15060$08$2026-RE-VII$SlNo19(Admin-03).pdf","documents\DOC051.pdf","63e4aa9c767513fd56283e1bb9b7481a80297486918370b3361139cc4d688e9e","30.47148","PENDING","False"
"DOC052","52","ODISHA","04/08/2026","L-15060/08/2026-RE-VII/Sl.No.19 (02)","SANCTION_ORDER","https://mnregaweb4.nic.in/RMS/WriteReadData/SancAttachments/VBGRAMG/L-15060$08$2026-RE-VII$SlNo19(02).pdf","documents\DOC052.pdf","fe208022782fe29bc0c4cc0da0a147f7c45f668198417f4a778dbfbfbf99b19e","18.80239","PENDING","False"
"DOC053","53","ODISHA","03/08/2026","L-15060/08/2026-RE-VII/Sl.no.19 (Admin)(1)","SANCTION_ORDER","https://mnregaweb4.nic.in/RMS/WriteReadData/SancAttachments/VBGRAMG/L-15060$08$2026-RE-VII$Slno19(Admin)(1).pdf","documents\DOC053.pdf","6c1c3b67474b873720e578331250b12092a4859bda127b50a16a1a12e63a0acb","48.74066","PENDING","False"
"DOC054","54","PUNJAB","19/08/2026","J-14028/01/2026-RE-I (396162) Sl. No. 20 Admin 2","SANCTION_ORDER","https://mnregaweb4.nic.in/RMS/WriteReadData/SancAttachments/VBGRAMG/J-14028$01$2026-RE-I(396162)SlNo20Admin2.pdf","documents\DOC054.pdf","8bb91abfee657ba0a2010836d05b82128bf300e0aaa89f40cd9a63bb9ff8715d","19.5086","PENDING","False"
"DOC055","55","PUNJAB","13/08/2026","J-14028/01/2026-RE-I (396162) Sl. No. 20 1","SANCTION_ORDER","https://mnregaweb4.nic.in/RMS/WriteReadData/SancAttachments/VBGRAMG/J-14028$01$2026-RE-I(396162)SlNo201.pdf","documents\DOC055.pdf","157213f722635259375bf8d6ee12f47d25740cb11245baa33f8705a550b3b80d","28.4436","PENDING","False"
"DOC056","56","RAJASTHAN","20/08/2026","J-12015/03/2026-RE-IV Sl.No.21 (Admin 7)","SANCTION_ORDER","https://mnregaweb4.nic.in/RMS/WriteReadData/SancAttachments/VBGRAMG/J-12015$03$2026-RE-IVSlNo21(Admin7).pdf","documents\DOC056.pdf","0c45a1ccb3ac35ffa7da30a9579bac89cee0ea95141f26abbd54f402e9572a04","9.04513","PENDING","False"
"DOC057","57","RAJASTHAN","19/08/2026","J-12015/03/2026-RE-IV Sl.No.21 (Admin 6)","SANCTION_ORDER","https://mnregaweb4.nic.in/RMS/WriteReadData/SancAttachments/VBGRAMG/J-12015$03$2026-RE-IVSlNo21(Admin6).pdf","documents\DOC057.pdf","edfa4406d9988a4c12ad776a21263b3f2de6818fb0dba983d4b03d54016c3e88","31.60089","PENDING","False"
"DOC058","58","RAJASTHAN","18/08/2026","J-12015/03/2026-RE-IV Sl.No.21 (Admin 5)","SANCTION_ORDER","https://mnregaweb4.nic.in/RMS/WriteReadData/SancAttachments/VBGRAMG/J-12015$03$2026-RE-IVSlNo21(Admin5).pdf","documents\DOC058.pdf","134bc8cffb4ff79d9e3a80887af62ca0e5c7bed9ccc01f07ac02df4da4254e42","12.84077","PENDING","False"
"DOC059","59","RAJASTHAN","17/08/2026","J-12015/03/2026-RE-IV Sl.No.21 (Admin 4)","SANCTION_ORDER","https://mnregaweb4.nic.in/RMS/WriteReadData/SancAttachments/VBGRAMG/J-12015$03$2026-RE-IVSlNo21(Admin4).pdf","documents\DOC059.pdf","c26f7d9201a41b2b7a7ff032864b0147e87155a18c1390fdb154424314d58159","2.39001","PENDING","False"
"DOC060","60","RAJASTHAN","14/08/2026","J-12015/03/2026-RE-IV Sl.No.21 (Admin 3)","SANCTION_ORDER","https://mnregaweb4.nic.in/RMS/WriteReadData/SancAttachments/VBGRAMG/J-12015$03$2026-RE-IVSlNo21(Admin3).pdf","documents\DOC060.pdf","1b58c448104c9060b392986cadcb97192b4625de904849c98f14b680f909be3f","3.46026","PENDING","False"
"DOC061","61","RAJASTHAN","13/08/2026","J-12015/03/2026-RE-IV Sl.No.21 (Admin 2)","SANCTION_ORDER","https://mnregaweb4.nic.in/RMS/WriteReadData/SancAttachments/VBGRAMG/J-12015$03$2026-RE-IVSlNo21(Admin2).pdf","documents\DOC061.pdf","9dd7fab72bb8472426c8c8bcd2f74645765516eb9d434316e9387968503a454d","27.60225","PENDING","False"
"DOC062","62","RAJASTHAN","12/08/2026","J-12015/03/2026-RE-IV Sl.No.21 (Admin 1)","SANCTION_ORDER","https://mnregaweb4.nic.in/RMS/WriteReadData/SancAttachments/VBGRAMG/J-12015$03$2026-RE-IVSlNo21(Admin1).pdf","documents\DOC062.pdf","b60e7fe6520624fbc8a3fb72aac85002648a9213301c11ef0ba105dbad4639d0","5.51305","PENDING","False"
"DOC063","63","TRIPURA","19/08/2026","J-12014/02/2026-RE-IV Sl.No.25 (Admin 8)","SANCTION_ORDER","https://mnregaweb4.nic.in/RMS/WriteReadData/SancAttachments/VBGRAMG/J-12014$02$2026-RE-IVSlNo25(Admin8).pdf","documents\DOC063.pdf","78b93fcb3042c93882d36a04bf5b864a70b1a293443c4a2cd23d57695748b03e","10.2544","PENDING","False"
"DOC064","64","TRIPURA","18/08/2026","J-12014/02/2026-RE-IV Sl.No.25 (Admin 7)","SANCTION_ORDER","https://mnregaweb4.nic.in/RMS/WriteReadData/SancAttachments/VBGRAMG/J-12014$02$2026-RE-IVSlNo25(Admin7).pdf","documents\DOC064.pdf","5d0c0cfbc0593bf5f4995d2a3ded7155d38c35daeee359a26c1eec422ffaa3e8","41.53239","PENDING","False"
"DOC065","65","TRIPURA","17/08/2026","J-12014/02/2026-RE-IV Sl.No.25 (Admin 6)","SANCTION_ORDER","https://mnregaweb4.nic.in/RMS/WriteReadData/SancAttachments/VBGRAMG/J-12014$02$2026-RE-IVSlNo25(Admin6).pdf","documents\DOC065.pdf","497666f8f025d5f1dcf8751b86726abb089e7b7b917c6a3601d589fe0a01ea40","34.98465","PENDING","False"
"DOC066","66","TRIPURA","14/08/2026","J-12014/02/2026-RE-IV Sl.No.25 (Admin 5)","SANCTION_ORDER","https://mnregaweb4.nic.in/RMS/WriteReadData/SancAttachments/VBGRAMG/J-12014$02$2026-RE-IVSlNo25(Admin5).pdf","documents\DOC066.pdf","aae3d9e14151a40d9ae6cd761b1248dbd6d402d34bd7b168b587a39a7a6e5411","104.51586","PENDING","False"
"DOC067","67","TRIPURA","13/08/2026","J-12014/02/2026-RE-IV Sl.No.25 (Admin 4)","SANCTION_ORDER","https://mnregaweb4.nic.in/RMS/WriteReadData/SancAttachments/VBGRAMG/J-12014$02$2026-RE-IVSlNo25(Admin4).pdf","documents\DOC067.pdf","550260e2e265acb152a41161bf65002b1be6fa3d464fab9d533e95f9bef41d6a","54.58803","PENDING","False"
"DOC068","68","TRIPURA","12/08/2026","J-12014/02/2026-RE-IV Sl.No.25 (Admin 3)","SANCTION_ORDER","https://mnregaweb4.nic.in/RMS/WriteReadData/SancAttachments/VBGRAMG/J-12014$02$2026-RE-IVSlNo25(Admin3).pdf","documents\DOC068.pdf","680f9667951399c65ad4cd99ae647ac75b2c805eaec041b5c3530bf3ac9ec96a","224.05499","PENDING","False"
"DOC069","69","TRIPURA","11/08/2026","J-12014/02/2026-RE-IV Sl.No.25 (Admin 2)","SANCTION_ORDER","https://mnregaweb4.nic.in/RMS/WriteReadData/SancAttachments/VBGRAMG/J-12014$02$2026-RE-IVSlNo25(Admin2).pdf","documents\DOC069.pdf","0113cca9563e8a27f0da6fa635ff9ab58c1fe06290961036fa3e9185cd8d5ddf","106.322","PENDING","False"
"DOC070","70","TRIPURA","03/08/2026","J-12014/02/2026-RE-IV Sl.No.25 (Admin 1)","SANCTION_ORDER","https://mnregaweb4.nic.in/RMS/WriteReadData/SancAttachments/VBGRAMG/J-12014$02$2026-RE-IVSlNo25(Admin1).pdf","documents\DOC070.pdf","56560022965c513a6d37761a50b70feabb6d8553f236ab0ad268b0f39af98ef5","0.01616","PENDING","False"
"DOC071","71","UTTAR PRADESH","19/08/2026","J-14037/01/2026-RE-I (395978) Sl. No. 26 Admin 3","SANCTION_ORDER","https://mnregaweb4.nic.in/RMS/WriteReadData/SancAttachments/VBGRAMG/J-14037$01$2026-RE-I(395978)SlNo26Admin3.pdf","documents\DOC071.pdf","4337f4429bc20fa8e9bc92ee71d0af337022a91db7fa37da631c2f26eccb15f7","23.51444","PENDING","False"
"DOC072","72","UTTAR PRADESH","10/08/2026","J-14037/01/2026-RE-I (395978) Sl. No. 26 Admin 2","SANCTION_ORDER","https://mnregaweb4.nic.in/RMS/WriteReadData/SancAttachments/VBGRAMG/J-14037$01$2026-RE-I(395978)SlNo26Admin2.pdf","documents\DOC072.pdf","393f88297bef8ca07137ce8a04241a24fc444c6d767339dd55c60f1bc2153d0d","41.91232","PENDING","False"
"DOC073","73","UTTAR PRADESH","07/08/2026","J-14037/01/2026-RE-I (395978) Sl. No. 26 Admin 1","SANCTION_ORDER","https://mnregaweb4.nic.in/RMS/WriteReadData/SancAttachments/VBGRAMG/J-14037$01$2026-RE-I(395978)SlNo26Admin1.pdf","documents\DOC073.pdf","0306428d70ef6becd3a44d76f484780955e203f6a694b06fd3ee4a741aa04a6c","1.63091","PENDING","False"
"DOC074","74","WEST BENGAL","20/08/2026","G-31011/24/2026 (397003)-RE-V Sl No-28 (Admin-10)","SANCTION_ORDER","https://mnregaweb4.nic.in/RMS/WriteReadData/SancAttachments/VBGRAMG/G-31011$24$2026(397003)-RE-VSlNo-28(Admin-10).pdf","documents\DOC074.pdf","f5b7d8120655e604766b1f2625100bc63424e3124894e2399d6a1208338c2546","23.03087","PENDING","False"
"DOC075","75","WEST BENGAL","17/08/2026","G-31011/24/2026 (397003)-RE-V Sl No-28 (Admin-9)","SANCTION_ORDER","https://mnregaweb4.nic.in/RMS/WriteReadData/SancAttachments/VBGRAMG/G-31011$24$2026(397003)-RE-VSlNo-28(Admin-9).pdf","documents\DOC075.pdf","cc59dae22e041e56bcd8e4d0f33f4f530747e774995473e3a4783b45b460cbeb","0.07726","PENDING","False"
"DOC076","76","WEST BENGAL","13/08/2026","G-31011/24/2026 (397003)-RE-V Sl No-28 (Admin-8)","SANCTION_ORDER","https://mnregaweb4.nic.in/RMS/WriteReadData/SancAttachments/VBGRAMG/G-31011$24$2026(397003)-RE-VSlNo-28(Admin-8).pdf","documents\DOC076.pdf","51aeaeb8ca479c9b2154285fe6ec946b7d12bb48dd3695459ba5a3a6f5cf6b04","14.78233","PENDING","False"
"DOC077","77","WEST BENGAL","13/08/2026","G-31011/24/2026 (397003)-RE-V Sl No-28 (Admin-7)","SANCTION_ORDER","https://mnregaweb4.nic.in/RMS/WriteReadData/SancAttachments/VBGRAMG/G-31011$24$2026(397003)-RE-VSlNo-28(Admin-7).pdf","documents\DOC077.pdf","5818cdef1dcb2841647c3bdf463153f689b252e47eb0138b75efeca6faf47df0","19.7924","PENDING","False"
"DOC078","78","WEST BENGAL","12/08/2026","G-31011/24/2026 (397003)-RE-V Sl No-28 (Admin-6)","SANCTION_ORDER","https://mnregaweb4.nic.in/RMS/WriteReadData/SancAttachments/VBGRAMG/G-31011$24$2026(397003)-RE-VSlNo-28(Admin-6).pdf","documents\DOC078.pdf","1f20265563ee3b74c0647dcc0874227037d8c01d34b373f95253ad669efb89ee","123.82423","PENDING","False"
"DOC079","79","WEST BENGAL","10/08/2026","G-31011/24/2026 (397003)-RE-V Sl No-28 (Admin-5)","SANCTION_ORDER","https://mnregaweb4.nic.in/RMS/WriteReadData/SancAttachments/VBGRAMG/G-31011$24$2026(397003)-RE-VSlNo-28(Admin-5).pdf","documents\DOC079.pdf","813b8f963a0f770e82bf0a342a697be187a195831b2ab3783627a8beb5ff4a0b","129.42272","PENDING","False"
"DOC080","80","WEST BENGAL","07/08/2026","G-31011/24/2026 (397003)-RE-V Sl No-28 (Admin-4)","SANCTION_ORDER","https://mnregaweb4.nic.in/RMS/WriteReadData/SancAttachments/VBGRAMG/G-31011$24$2026(397003)-RE-VSlNo-28(Admin-4).pdf","documents\DOC080.pdf","cd8cbff83c494239da81d55abda2cc554173b0a5079ec129fd7f279f04f6af13","114.33364","PENDING","False"
"DOC081","81","WEST BENGAL","06/08/2026","G-31011/24/2026 (397003)-RE-V Sl No-28 (Admin-3)","SANCTION_ORDER","https://mnregaweb4.nic.in/RMS/WriteReadData/SancAttachments/VBGRAMG/G-31011$24$2026(397003)-RE-VSlNo-28(Admin-3).pdf","documents\DOC081.pdf","f3fb67039374883830ca4d40cafb31d38e8a0930410d33347540a6c0cff67299","197.64877","PENDING","False"
"DOC082","82","WEST BENGAL","06/08/2026","G-31011/24/2026 (397003)-RE-V Sl No-28 (Admin-2)","SANCTION_ORDER","https://mnregaweb4.nic.in/RMS/WriteReadData/SancAttachments/VBGRAMG/G-31011$24$2026(397003)-RE-VSlNo-28(Admin-2).pdf","documents\DOC082.pdf","373d0a3e41f088d8e117c3e4d9393c73da0dbe84faca9045fc565559a4ab6818","49.49295","PENDING","False"
"DOC083","83","WEST BENGAL","05/08/2026","G-31011/24/2026 (397003)-RE-V Sl No-28 (Admin-1)","SANCTION_ORDER","https://mnregaweb4.nic.in/RMS/WriteReadData/SancAttachments/VBGRAMG/G-31011$24$2026(397003)-RE-VSlNo-28(Admin-1).pdf","documents\DOC083.pdf","bfabb7cd5022dc92ef1fd8ead2ea5a209d8d9a69087ce3ffb6091fea48548f81","259.79585","PENDING","False"
"DOC084","84","UTTARAKHAND","24/08/2026","J-11060/23/2026-RE-III Sl.No.27 (Admin 02)","SANCTION_ORDER","https://mnregaweb4.nic.in/RMS/WriteReadData/SancAttachments/VBGRAMG/J-11060$23$2026-RE-IIISlNo27(Admin02).pdf","documents\DOC084.pdf","dbb6d207d015368bd217058ce1a246326c030cefacd9719a2aef029bbfbe8364","2.29134","PENDING","False"
"DOC085","85","UTTARAKHAND","24/08/2026","J-11060/23/2026-RE-III Sl.No.27 (Admin 01)","SANCTION_ORDER","https://mnregaweb4.nic.in/RMS/WriteReadData/SancAttachments/VBGRAMG/J-11060$23$2026-RE-IIISlNo27(Admin01).pdf","documents\DOC085.pdf","ce0f93d46a9326d5e6e4a3ab3bab49a85cd55c61cf5e28a81daa784e23fdbfea","6.45046","PENDING","False"
"DOC086","86","CHHATTISGARH","20/08/2026","G-31011/22/2026-RE-V (397001)-RE-V Sl No -5 (Admin-9)(277614)","SANCTION_ORDER","https://mnregaweb4.nic.in/RMS/WriteReadData/SancAttachments/VBGRAMG/G-31011$22$2026-RE-V(397001)-RE-VSlNo-5(Admin-9)(277614).pdf","documents\DOC086.pdf","033cf7b1334cc989e24cc2b11c81069787cc75a0c598228d33ebcaaa42088a0f","74.33665","PENDING","False"
"DOC087","87","CHHATTISGARH","17/08/2026","G-31011/22/2026-RE-V (397001)-RE-V Sl No -5 (Admin-8)","SANCTION_ORDER","https://mnregaweb4.nic.in/RMS/WriteReadData/SancAttachments/VBGRAMG/G-31011$22$2026-RE-V(397001)-RE-VSlNo-5(Admin-8).pdf","documents\DOC087.pdf","846d53f807f578eeeb45ed7f3524fab648ccf4690ab5b8e7d6b5f60b6a855de4","214.64064","PENDING","False"
"DOC088","88","CHHATTISGARH","14/08/2026","G-31011/22/2026-RE-V (397001)-RE-V Sl No -5 (Admin-7)","SANCTION_ORDER","https://mnregaweb4.nic.in/RMS/WriteReadData/SancAttachments/VBGRAMG/G-31011$22$2026-RE-V(397001)-RE-VSlNo-5(Admin-7).pdf","documents\DOC088.pdf","7e2045bc1a16c14db288a4874f4417a7d7b3c4a7b34dd76b2381d55847ed158b","6.91764","PENDING","False"
"DOC089","89","CHHATTISGARH","13/08/2026","G-31011/22/2026-RE-V (397001)-RE-V Sl No -5 (Admin-6)","SANCTION_ORDER","https://mnregaweb4.nic.in/RMS/WriteReadData/SancAttachments/VBGRAMG/G-31011$22$2026-RE-V(397001)-RE-VSlNo-5(Admin-6).pdf","documents\DOC089.pdf","bf0fd9f5065da95407d93d16057e5cbbb9931063b58c6f14972d0782e83c531a","92.59958","PENDING","False"
"DOC090","90","CHHATTISGARH","12/08/2026","G-31011/22/2026-RE-V (397001)-RE-V Sl No -5 (Admin-5)","SANCTION_ORDER","https://mnregaweb4.nic.in/RMS/WriteReadData/SancAttachments/VBGRAMG/G-31011$22$2026-RE-V(397001)-RE-VSlNo-5(Admin-5).pdf","documents\DOC090.pdf","0f363f538da3d070506cb35c0541eb13057bdaeeb3aa5419b0707dcf281b6365","20.12189","PENDING","False"
"DOC091","91","CHHATTISGARH","10/08/2026","G-31011/22/2026-RE-V (397001)-RE-V Sl No -5 (Admin-4)","SANCTION_ORDER","https://mnregaweb4.nic.in/RMS/WriteReadData/SancAttachments/VBGRAMG/G-31011$22$2026-RE-V(397001)-RE-VSlNo-5(Admin-4).pdf","documents\DOC091.pdf","bb1104659c56fe31baf8e89a49bb9fdfd46f414ef33d11dd804e902a3ef2c354","103.28033","PENDING","False"
"DOC092","92","CHHATTISGARH","07/08/2026","G-31011/22/2026-RE-V (397001)-RE-V Sl No -5 (Admin-3)","SANCTION_ORDER","https://mnregaweb4.nic.in/RMS/WriteReadData/SancAttachments/VBGRAMG/G-31011$22$2026-RE-V(397001)-RE-VSlNo-5(Admin-3).pdf","documents\DOC092.pdf","ec663d5efbc5073abf9efdaa85ec1c1c6d37869f387dfed570878d982cf6c82f","55.64495","PENDING","False"
"DOC093","93","CHHATTISGARH","07/08/2026","G-31011/22/2026-RE-V (397001)-RE-V Sl No -5 (Admin-2)","SANCTION_ORDER","https://mnregaweb4.nic.in/RMS/WriteReadData/SancAttachments/VBGRAMG/G-31011$22$2026-RE-V(397001)-RE-VSlNo-5(Admin-2).pdf","documents\DOC093.pdf","3482fbab72224278414f55de8dbb5b3409dbd955ca7a9b54ed61b80f203f5e25","46.96255","PENDING","False"
"DOC094","94","CHHATTISGARH","03/08/2026","G-31011/22/2026-RE-V (397001)-RE-V Sl No -5 (Admin-1)","SANCTION_ORDER","https://mnregaweb4.nic.in/RMS/WriteReadData/SancAttachments/VBGRAMG/G-31011$22$2026-RE-V(397001)-RE-VSlNo-5(Admin-1).pdf","documents\DOC094.pdf","5e4b197a5f5705c1968bf5ab263890ef74ba1b3e11be875829d0d7dbde7154ca","3.66238","PENDING","False"
"DOC095","95","JHARKHAND","24/08/2026","J-l1060/13/2026-RE-VI / Sl. No. 10 Admin 01","SANCTION_ORDER","https://mnregaweb4.nic.in/RMS/WriteReadData/SancAttachments/VBGRAMG/J-l1060$13$2026-RE-VI$SlNo10Admin01.pdf","documents\DOC095.pdf","905167e0eba20f8a9f48850248524979766e0b473e54c547bfc37c545ae5610d","1.67261","PENDING","False"
"DOC096","96","TELANGANA","24/08/2026","L-15060/07/2026-RE-VII/Sl.No.24(Admin-06)","SANCTION_ORDER","https://mnregaweb4.nic.in/RMS/WriteReadData/SancAttachments/VBGRAMG/L-15060$07$2026-RE-VII$SlNo24(Admin-06).pdf","documents\DOC096.pdf","bafacc62fd598009fa5789885ddb3cd41ba89768cfd0aec4aab221cd20fa674a","55.40876","PENDING","False"
"DOC097","97","TELANGANA","21/08/2026","L-15060/07/2026-RE-VII/Sl.No.24(Admin-05)","SANCTION_ORDER","https://mnregaweb4.nic.in/RMS/WriteReadData/SancAttachments/VBGRAMG/L-15060$07$2026-RE-VII$SlNo24(Admin-05).pdf","documents\DOC097.pdf","3d47e3c9671af150e12a119ccc14c879230d2e8caac422c37166cd3e2a97d398","58.87347","PENDING","False"
"DOC098","98","TELANGANA","20/08/2026","L-15060/07/2026-RE-VII/Sl.No.24(Admin-04)","SANCTION_ORDER","https://mnregaweb4.nic.in/RMS/WriteReadData/SancAttachments/VBGRAMG/L-15060$07$2026-RE-VII$SlNo24(Admin-04).pdf","documents\DOC098.pdf","0f0bebdf194a295baa1af36fd6abcaffa5c676c78f23b74e1ec45f7e8570e1c1","160.15247","PENDING","False"
"DOC099","99","TELANGANA","18/08/2026","L-15060/07/2026-RE-VII/Sl.No.24(Admin-03)","SANCTION_ORDER","https://mnregaweb4.nic.in/RMS/WriteReadData/SancAttachments/VBGRAMG/L-15060$07$2026-RE-VII$SlNo24(Admin-03).pdf","documents\DOC099.pdf","d37b2fdb7c67ef77ed6d400d6b3faacc57971caa4991d7065be85729227212d7","11.12236","PENDING","False"
"DOC100","100","TELANGANA","17/08/2026","L-15060/07/2026-RE-VII/Sl.No.24(Admin-02)","SANCTION_ORDER","https://mnregaweb4.nic.in/RMS/WriteReadData/SancAttachments/VBGRAMG/L-15060$07$2026-RE-VII$SlNo24(Admin-02).pdf","documents\DOC100.pdf","d030750dda37d8a82f030d9bd5ab684dfb5186f28b5ce6da5359a69a2e432c8f","15.56471","PENDING","False"
"DOC101","101","TELANGANA","17/08/2026","L-15060/07/2026-RE-VII/Sl.No.24(Admin-01)","SANCTION_ORDER","https://mnregaweb4.nic.in/RMS/WriteReadData/SancAttachments/VBGRAMG/L-15060$07$2026-RE-VII$SlNo24(Admin-01).pdf","documents\DOC101.pdf","d1537720d950b09d7bd2da919cb44a067c74585519f382d8e7bcad6e861d8ced","689.99192","PENDING","False"
"DOC102","102","ANDHRA PRADESH","25/08/2026","L-15060/06/2026-RE-VII/Sl.No.1(SPARSH-66)","WAGE_DAILY_SANCTION","https://mnregaweb4.nic.in/RMS/WriteReadData/SancAttachments/VBGRAMG/L-15060$06$2026-RE-VII$SlNo1(SPARSH-66).pdf","documents\DOC102.pdf","51f7d481f198c35f4423f657e7b576a7f12454bce37e963c909ec282655158b7","350.20158","PENDING","False"
"DOC103","103","ANDHRA PRADESH","25/08/2026","L-15060/06/2026-RE-VII/Sl.No.1(SPARSH-65)","WAGE_DAILY_SANCTION","https://mnregaweb4.nic.in/RMS/WriteReadData/SancAttachments/VBGRAMG/L-15060$06$2026-RE-VII$SlNo1(SPARSH-65).pdf","documents\DOC103.pdf","d82bc93257932e49f58a409abe7d224c20a88239294634a165e4ff665da397d3","181.1216","PENDING","False"
"DOC104","104","ANDHRA PRADESH","25/08/2026","L-15060/06/2026-RE-VII/Sl.No.1(SPARSH-64)","WAGE_DAILY_SANCTION","https://mnregaweb4.nic.in/RMS/WriteReadData/SancAttachments/VBGRAMG/L-15060$06$2026-RE-VII$SlNo1(SPARSH-64).pdf","documents\DOC104.pdf","22aef7ab9df98c97ef84dde497dbe864803b12ad5a787cc2b8544aa257a07f87","341.69294","PENDING","False"
"DOC105","105","ANDHRA PRADESH","25/08/2026","L-15060/06/2026-RE-VII/Sl.No.1(SPARSH-63)","WAGE_DAILY_SANCTION","https://mnregaweb4.nic.in/RMS/WriteReadData/SancAttachments/VBGRAMG/L-15060$06$2026-RE-VII$SlNo1(SPARSH-63).pdf","documents\DOC105.pdf","5a315d9b2d372f375f6f4481bd1cd157191e4b1ed546a893f354350487511058","371.39561","PENDING","False"
"DOC106","106","ANDHRA PRADESH","25/08/2026","L-15060/06/2026-RE-VII/Sl.No.1(SPARSH-62)","WAGE_DAILY_SANCTION","https://mnregaweb4.nic.in/RMS/WriteReadData/SancAttachments/VBGRAMG/L-15060$06$2026-RE-VII$SlNo1(SPARSH-62).pdf","documents\DOC106.pdf","b6e8e8cc7af8bc97f9d091088398900ba0ad8260d260e5597309a411bab65735","295.58579","PENDING","False"
"DOC107","107","ANDHRA PRADESH","24/08/2026","L-15060/06/2026-RE-VII/Sl.No.1(SPARSH-61)","WAGE_DAILY_SANCTION","https://mnregaweb4.nic.in/RMS/WriteReadData/SancAttachments/VBGRAMG/L-15060$06$2026-RE-VII$SlNo1(SPARSH-61).pdf","documents\DOC107.pdf","3226bb5907962fc2547cb31ed6c625dea7333f3bb8f3218ba83f60fa3c6cd74b","15.90358","PENDING","False"
"DOC108","108","ANDHRA PRADESH","24/08/2026","L-15060/06/2026-RE-VII/Sl.No.1(SPARSH-60)","WAGE_DAILY_SANCTION","https://mnregaweb4.nic.in/RMS/WriteReadData/SancAttachments/VBGRAMG/L-15060$06$2026-RE-VII$SlNo1(SPARSH-60).pdf","documents\DOC108.pdf","a8d50f3cbcc12c7c763f38f8ae35a67b6ee794ad16df8fc99607518d6715d1e5","321.24381","PENDING","False"
"DOC109","109","ANDHRA PRADESH","24/08/2026","L-15060/06/2026-RE-VII/Sl.No.1(SPARSH-59)","WAGE_DAILY_SANCTION","https://mnregaweb4.nic.in/RMS/WriteReadData/SancAttachments/VBGRAMG/L-15060$06$2026-RE-VII$SlNo1(SPARSH-59).pdf","documents\DOC109.pdf","12074e288925619db204ab37e8b1aafd6f378b8b22f5287004285e45bba2d634","487.59289","PENDING","False"
"DOC110","110","ANDHRA PRADESH","19/08/2026","L-15060/06/2026-RE-VII/Sl.No.1(SPARSH-58)","WAGE_DAILY_SANCTION","https://mnregaweb4.nic.in/RMS/WriteReadData/SancAttachments/VBGRAMG/L-15060$06$2026-RE-VII$SlNo1(SPARSH-58).pdf","documents\DOC110.pdf","8eb73e7503b1af1814cba9922b066cce17e3083ab75986ce2cff14dbe64fe823","314.4587","PENDING","False"
"DOC111","111","ANDHRA PRADESH","19/08/2026","L-15060/06/2026-RE-VII/Sl.No.1(SPARSH-57)","WAGE_DAILY_SANCTION","https://mnregaweb4.nic.in/RMS/WriteReadData/SancAttachments/VBGRAMG/L-15060$06$2026-RE-VII$SlNo1(SPARSH-57).pdf","documents\DOC111.pdf","5d3e5e00979dcc4ac66f7b3290f776bf4906b6462f70287167c400b131cd75d5","316.86394","PENDING","False"
"DOC112","112","ANDHRA PRADESH","19/08/2026","L-15060/06/2026-RE-VII/Sl.No.1(SPARSH-56)","WAGE_DAILY_SANCTION","https://mnregaweb4.nic.in/RMS/WriteReadData/SancAttachments/VBGRAMG/L-15060$06$2026-RE-VII$SlNo1(SPARSH-56).pdf","documents\DOC112.pdf","05ac665aac4995d8c7a4f3c5b391554ef7d0afb43796f54eca4f2db5b10344ce","363.51521","PENDING","False"
"DOC113","113","ANDHRA PRADESH","19/08/2026","L-15060/06/2026-RE-VII/Sl.No.1(SPARSH-55)","WAGE_DAILY_SANCTION","https://mnregaweb4.nic.in/RMS/WriteReadData/SancAttachments/VBGRAMG/L-15060$06$2026-RE-VII$SlNo1(SPARSH-55).pdf","documents\DOC113.pdf","8f9bf9c696a1b6249c4c4784c0d939b0ac98e6e1c76874f883621818e7d8c357","176.06971","PENDING","False"
"DOC114","114","ANDHRA PRADESH","19/08/2026","L-15060/06/2026-RE-VII/Sl.No.1(SPARSH-54)","WAGE_DAILY_SANCTION","https://mnregaweb4.nic.in/RMS/WriteReadData/SancAttachments/VBGRAMG/L-15060$06$2026-RE-VII$SlNo1(SPARSH-54).pdf","documents\DOC114.pdf","ac3394f82b1941a2bf054a24d1800b7a4a2b6921acf01b7a8360d3d4644aa7dc","321.30197","PENDING","False"
"DOC115","115","ANDHRA PRADESH","19/08/2026","L-15060/06/2026-RE-VII/Sl.No.1(SPARSH-53)","WAGE_DAILY_SANCTION","https://mnregaweb4.nic.in/RMS/WriteReadData/SancAttachments/VBGRAMG/L-15060$06$2026-RE-VII$SlNo1(SPARSH-53).pdf","documents\DOC115.pdf","921d1853dd1a3717033a546aac66337b768c7278f7597555bbdf32d7633c8cce","333.4551","PENDING","False"
"DOC116","116","ANDHRA PRADESH","18/08/2026","L-15060/06/2026-RE-VII/Sl.No.1(SPARSH-52)","WAGE_DAILY_SANCTION","https://mnregaweb4.nic.in/RMS/WriteReadData/SancAttachments/VBGRAMG/L-15060$06$2026-RE-VII$SlNo1(SPARSH-52).pdf","documents\DOC116.pdf","40c1f002b96961b18ccae4ed0ecce08b7025c35a59c746fbdeffdc0af6f9d492","344.86545","PENDING","False"
"DOC117","117","ANDHRA PRADESH","18/08/2026","L-15060/06/2026-RE-VII/Sl.No.1(SPARSH-51)","WAGE_DAILY_SANCTION","https://mnregaweb4.nic.in/RMS/WriteReadData/SancAttachments/VBGRAMG/L-15060$06$2026-RE-VII$SlNo1(SPARSH-51).pdf","documents\DOC117.pdf","cf5dc87799bb5c1b8c5eed20fc542d9d7ab0e01eeb4de894707fa0548165a9db","287.4741","PENDING","False"
"DOC118","118","ANDHRA PRADESH","18/08/2026","L-15060/06/2026-RE-VII/Sl.No.1(SPARSH-50)","WAGE_DAILY_SANCTION","https://mnregaweb4.nic.in/RMS/WriteReadData/SancAttachments/VBGRAMG/L-15060$06$2026-RE-VII$SlNo1(SPARSH-50).pdf","documents\DOC118.pdf","087e248995296f61b4d9dd652df8992926540870fe12a989f5961220356c6912","285.71392","PENDING","False"
"DOC119","119","ANDHRA PRADESH","18/08/2026","L-15060/06/2026-RE-VII/Sl.No.1(SPARSH-49)","WAGE_DAILY_SANCTION","https://mnregaweb4.nic.in/RMS/WriteReadData/SancAttachments/VBGRAMG/L-15060$06$2026-RE-VII$SlNo1(SPARSH-49).pdf","documents\DOC119.pdf","5632f4dc889a0f60f3d92001b3f7dbd18ab76025e0ce8c76ae33ced7cfc8d560","338.61712","PENDING","False"
"DOC120","120","ANDHRA PRADESH","18/08/2026","L-15060/06/2026-RE-VII/Sl.No.1(SPARSH-48)","WAGE_DAILY_SANCTION","https://mnregaweb4.nic.in/RMS/WriteReadData/SancAttachments/VBGRAMG/L-15060$06$2026-RE-VII$SlNo1(SPARSH-48).pdf","documents\DOC120.pdf","ab7024034e4bd2387d9797d3e24d43d279f843665ba3e10186a843ed44c33df2","311.36013","PENDING","False"
"DOC121","121","ANDHRA PRADESH","18/08/2026","L-15060/06/2026-RE-VII/Sl.No.1(SPARSH-47)","WAGE_DAILY_SANCTION","https://mnregaweb4.nic.in/RMS/WriteReadData/SancAttachments/VBGRAMG/L-15060$06$2026-RE-VII$SlNo1(SPARSH-47).pdf","documents\DOC121.pdf","0f1c66c7ec69b4a60061150f372a992489131ac4006faa32dcbfcbed1db29f48","352.10217","PENDING","False"
"DOC122","122","ANDHRA PRADESH","18/08/2026","L-15060/06/2026-RE-VII/Sl.No.1(SPARSH-46)","WAGE_DAILY_SANCTION","https://mnregaweb4.nic.in/RMS/WriteReadData/SancAttachments/VBGRAMG/L-15060$06$2026-RE-VII$SlNo1(SPARSH-46).pdf","documents\DOC122.pdf","cb14faffd6c518e127f36e28137aec7d9804a063174e065a809ab1c1c8a4bb9b","333.03807","PENDING","False"
"DOC123","123","ANDHRA PRADESH","18/08/2026","L-15060/06/2026-RE-VII/Sl.No.1(SPARSH-45)","WAGE_DAILY_SANCTION","https://mnregaweb4.nic.in/RMS/WriteReadData/SancAttachments/VBGRAMG/L-15060$06$2026-RE-VII$SlNo1(SPARSH-45).pdf","documents\DOC123.pdf","ce4c33ff675d231bc2262ccced42f448c99d95db85b780ec1c1ba3df92eebf06","369.00161","PENDING","False"
"DOC124","124","ANDHRA PRADESH","18/08/2026","L-15060/06/2026-RE-VII/Sl.No.1(SPARSH-44)","WAGE_DAILY_SANCTION","https://mnregaweb4.nic.in/RMS/WriteReadData/SancAttachments/VBGRAMG/L-15060$06$2026-RE-VII$SlNo1(SPARSH-44).pdf","documents\DOC124.pdf","6711492605d497ed8da2f409acc93ae510cc0b3f184ca30913bebc4bc23066c0","297.31976","PENDING","False"
"DOC125","125","ANDHRA PRADESH","18/08/2026","L-15060/06/2026-RE-VII/Sl.No.1(SPARSH-43)","WAGE_DAILY_SANCTION","https://mnregaweb4.nic.in/RMS/WriteReadData/SancAttachments/VBGRAMG/L-15060$06$2026-RE-VII$SlNo1(SPARSH-43).pdf","documents\DOC125.pdf","292c720ec853a0eb8e59a1cc5d22e06c2faf4546bce3101cc3d0b5a62d6a89b3","115.15474","PENDING","False"
"DOC126","126","ANDHRA PRADESH","18/08/2026","L-15060/06/2026-RE-VII/Sl.No.1(SPARSH-42)","WAGE_DAILY_SANCTION","https://mnregaweb4.nic.in/RMS/WriteReadData/SancAttachments/VBGRAMG/L-15060$06$2026-RE-VII$SlNo1(SPARSH-42).pdf","documents\DOC126.pdf","1dc70f7faa23aa4c348a883eb3ac95705a1f3f4f34a0a78bc0c216ce46205090","66.0997","PENDING","False"
"DOC127","127","ANDHRA PRADESH","17/08/2026","L-15060/06/2026-RE-VII/Sl.No.1(SPARSH-41)","WAGE_DAILY_SANCTION","https://mnregaweb4.nic.in/RMS/WriteReadData/SancAttachments/VBGRAMG/L-15060$06$2026-RE-VII$SlNo1(SPARSH-41).pdf","documents\DOC127.pdf","19de3a190a75730e64b4082037dea1ddc6091c97e8f233b8905a0604f64f37f6","293.55031","PENDING","False"
"DOC128","128","ANDHRA PRADESH","17/08/2026","L-15060/06/2026-RE-VII/Sl.No.1(SPARSH-40)","WAGE_DAILY_SANCTION","https://mnregaweb4.nic.in/RMS/WriteReadData/SancAttachments/VBGRAMG/L-15060$06$2026-RE-VII$SlNo1(SPARSH-40).pdf","documents\DOC128.pdf","2111b585faa0d64abe4975305d4e02acf975c28f142c71a0f2cd05a31e874367","362.89446","PENDING","False"
"DOC129","129","ANDHRA PRADESH","12/08/2026","L-15060/06/2026-RE-VII/Sl.No.1(SPARSH-39)","WAGE_DAILY_SANCTION","https://mnregaweb4.nic.in/RMS/WriteReadData/SancAttachments/VBGRAMG/L-15060$06$2026-RE-VII$SlNo1(SPARSH-39).pdf","documents\DOC129.pdf","d579e2ee3fe1443083c6032c9ba1ea02e4de8500ee86f0522001c50a70919666","62.38588","PENDING","False"
"DOC130","130","ANDHRA PRADESH","12/08/2026","L-15060/06/2026-RE-VII/Sl.No.1(SPARSH-38)","WAGE_DAILY_SANCTION","https://mnregaweb4.nic.in/RMS/WriteReadData/SancAttachments/VBGRAMG/L-15060$06$2026-RE-VII$SlNo1(SPARSH-38).pdf","documents\DOC130.pdf","4a1fee6b3eddb857affaefd84d63bda69f90333654ffbc168d92b38b17803998","95.37994","PENDING","False"
"DOC131","131","ANDHRA PRADESH","12/08/2026","L-15060/06/2026-RE-VII/Sl.No.1(SPARSH-37)","WAGE_DAILY_SANCTION","https://mnregaweb4.nic.in/RMS/WriteReadData/SancAttachments/VBGRAMG/L-15060$06$2026-RE-VII$SlNo1(SPARSH-37).pdf","documents\DOC131.pdf","9d6d3d3a166405601ffbe647909527ace5ac18780e67dda66cd826dcc130969d","246.68421","PENDING","False"
"DOC132","132","ANDHRA PRADESH","12/08/2026","L-15060/06/2026-RE-VII/Sl.No.1(SPARSH-36)","WAGE_DAILY_SANCTION","https://mnregaweb4.nic.in/RMS/WriteReadData/SancAttachments/VBGRAMG/L-15060$06$2026-RE-VII$SlNo1(SPARSH-36).pdf","documents\DOC132.pdf","ac87678a795765c97f7169a74bba15082fba81e29476af1243301477b17b5ef1","300.93835","PENDING","False"
"DOC133","133","ANDHRA PRADESH","12/08/2026","L-15060/06/2026-RE-VII/Sl.No.1(SPARSH-35)","WAGE_DAILY_SANCTION","https://mnregaweb4.nic.in/RMS/WriteReadData/SancAttachments/VBGRAMG/L-15060$06$2026-RE-VII$SlNo1(SPARSH-35).pdf","documents\DOC133.pdf","7b7d699fc0d69e3e81dfdc04a33b0d273b02c79e7fb3d81c80fa796af1e3fa53","308.21848","PENDING","False"
"DOC134","134","ANDHRA PRADESH","10/08/2026","L-15060/06/2026-RE-VII/Sl.No.1(SPARSH-34)","WAGE_DAILY_SANCTION","https://mnregaweb4.nic.in/RMS/WriteReadData/SancAttachments/VBGRAMG/L-15060$06$2026-RE-VII$SlNo1(SPARSH-34).pdf","documents\DOC134.pdf","6acc79c4dd9a238b4a5245643c0b54f40a5af1ca28964fba62522c27e3b62750","241.6872","PENDING","False"
"DOC135","135","ANDHRA PRADESH","10/08/2026","L-15060/06/2026-RE-VII/Sl.No.1(SPARSH-33)","WAGE_DAILY_SANCTION","https://mnregaweb4.nic.in/RMS/WriteReadData/SancAttachments/VBGRAMG/L-15060$06$2026-RE-VII$SlNo1(SPARSH-33).pdf","documents\DOC135.pdf","2efbb2ec3b6e4ac279ed4d38883d2356e8b907de1123b00948ae1ec3f51c8854","158.69916","PENDING","False"
"DOC136","136","ANDHRA PRADESH","06/08/2026","L-15060/06/2026-RE-VII/Sl.No.1(SPARSH-32)","WAGE_DAILY_SANCTION","https://mnregaweb4.nic.in/RMS/WriteReadData/SancAttachments/VBGRAMG/L-15060$06$2026-RE-VII$SlNo1(SPARSH-32).pdf","documents\DOC136.pdf","2d69c123c4cd9854b8a5084656f944a2779418a291c2c812f1cadf6e3ef1f219","222.57027","PENDING","False"
"DOC137","137","ANDHRA PRADESH","05/08/2026","L-15060/06/2026-RE-VII/Sl.No.1(SPARSH-31)","WAGE_DAILY_SANCTION","https://mnregaweb4.nic.in/RMS/WriteReadData/SancAttachments/VBGRAMG/L-15060$06$2026-RE-VII$SlNo1(SPARSH-31).pdf","documents\DOC137.pdf","92dba8b65d543eab29e8c730c83733075a3683d3b6dd21a4ae12f2ab32454fb4","132.32537","PENDING","False"
"DOC138","138","ANDHRA PRADESH","04/08/2026","L-15060/06/2026-RE-VII/Sl.No.1(SPARSH-30)","WAGE_DAILY_SANCTION","https://mnregaweb4.nic.in/RMS/WriteReadData/SancAttachments/VBGRAMG/L-15060$06$2026-RE-VII$SlNo1(SPARSH-30).pdf","documents\DOC138.pdf","0ef15cfaf7840efbe2fd7da20e8c62e99a2d697770284b89c9f13469d661310e","49.27528","PENDING","False"
"DOC139","139","ANDHRA PRADESH","04/08/2026","L-15060/06/2026-RE-VII/Sl.No.1(SPARSH-29)","WAGE_DAILY_SANCTION","https://mnregaweb4.nic.in/RMS/WriteReadData/SancAttachments/VBGRAMG/L-15060$06$2026-RE-VII$SlNo1(SPARSH-29).pdf","documents\DOC139.pdf","000a5545a210fb69aa72afdc7c0a4a043b196c91c2596e9af36bbfe0a3d83898","284.5091","PENDING","False"
"DOC140","140","ANDHRA PRADESH","04/08/2026","L-15060/06/2026-RE-VII/Sl.No.1(SPARSH-28)","WAGE_DAILY_SANCTION","https://mnregaweb4.nic.in/RMS/WriteReadData/SancAttachments/VBGRAMG/L-15060$06$2026-RE-VII$SlNo1(SPARSH-28).pdf","documents\DOC140.pdf","730722fa6e74fae4e75dde1b5720ee58ff2f1548c2d7c49ab2a679b4bc59d446","155.14634","PENDING","False"
"DOC141","141","ANDHRA PRADESH","04/08/2026","L-15060/06/2026-RE-VII/Sl.No.1(SPARSH-27)","WAGE_DAILY_SANCTION","https://mnregaweb4.nic.in/RMS/WriteReadData/SancAttachments/VBGRAMG/L-15060$06$2026-RE-VII$SlNo1(SPARSH-27).pdf","documents\DOC141.pdf","8b90476181092119af90245666c14502d38333c69ae8ecf0f40a74201050e018","346.06574","PENDING","False"
"DOC142","142","ANDHRA PRADESH","04/08/2026","L-15060/06/2026-RE-VII/Sl.No.1(SPARSH-26)","WAGE_DAILY_SANCTION","https://mnregaweb4.nic.in/RMS/WriteReadData/SancAttachments/VBGRAMG/L-15060$06$2026-RE-VII$SlNo1(SPARSH-26).pdf","documents\DOC142.pdf","57f5caaa8a225ef82a37588c61338d63b7c64685d0cd6e9f06333efaf2b50262","99.631","PENDING","False"
"DOC143","143","ANDHRA PRADESH","04/08/2026","L-15060/06/2026-RE-VII/Sl.No.1(SPARSH-25)","WAGE_DAILY_SANCTION","https://mnregaweb4.nic.in/RMS/WriteReadData/SancAttachments/VBGRAMG/L-15060$06$2026-RE-VII$SlNo1(SPARSH-25).pdf","documents\DOC143.pdf","4afa5035b1c605a67bb31f9084a4a9f05028fab2f1322d643cb6400768bdf7d9","281.21281","PENDING","False"
"DOC144","144","ANDHRA PRADESH","03/08/2026","L-15060/06/2026-RE-VII/Sl.No.1(SPARSH-24)","WAGE_DAILY_SANCTION","https://mnregaweb4.nic.in/RMS/WriteReadData/SancAttachments/VBGRAMG/L-15060$06$2026-RE-VII$SlNo1(SPARSH-24).pdf","documents\DOC144.pdf","9d9dae65414638d948a7492e56c0495107c75355635f1d5b3d3da5d3dba41388","306.05824","PENDING","False"
"DOC145","145","ANDHRA PRADESH","03/08/2026","L-15060/06/2026-RE-VII/Sl.No.1(SPARSH-23)","WAGE_DAILY_SANCTION","https://mnregaweb4.nic.in/RMS/WriteReadData/SancAttachments/VBGRAMG/L-15060$06$2026-RE-VII$SlNo1(SPARSH-23).pdf","documents\DOC145.pdf","453a374d31d360d8e178444ef8af5f7626dd933c2a96bc8b93e14739ad0c666a","364.49329","PENDING","False"
"DOC146","146","ANDHRA PRADESH","03/08/2026","L-15060/06/2026-RE-VII/Sl.No.1(SPARSH-22)","WAGE_DAILY_SANCTION","https://mnregaweb4.nic.in/RMS/WriteReadData/SancAttachments/VBGRAMG/L-15060$06$2026-RE-VII$SlNo1(SPARSH-22).pdf","documents\DOC146.pdf","e4c8b715c29ac524bace86e2a609cdd766e3b9b4e03ce6f49ac802eda3fc3469","350.1823","PENDING","False"
"DOC147","147","ANDHRA PRADESH","03/08/2026","L-15060/06/2026-RE-VII/Sl.No.1(SPARSH-21)","WAGE_DAILY_SANCTION","https://mnregaweb4.nic.in/RMS/WriteReadData/SancAttachments/VBGRAMG/L-15060$06$2026-RE-VII$SlNo1(SPARSH-21).pdf","documents\DOC147.pdf","000f0cbc99d58c15a605c37b40f70a096bcd09ead375d10046b4d3828b1d92ec","293.76265","PENDING","False"
"DOC148","148","ANDHRA PRADESH","03/08/2026","L-15060/06/2026-RE-VII/Sl.No.1(SPARSH-20)","WAGE_DAILY_SANCTION","https://mnregaweb4.nic.in/RMS/WriteReadData/SancAttachments/VBGRAMG/L-15060$06$2026-RE-VII$SlNo1(SPARSH-20).pdf","documents\DOC148.pdf","f6e2b76e1d949f47802c82ff8016cd36c7545c260b016d11e6d37f0717cc6584","323.93828","PENDING","False"
"DOC149","149","ANDHRA PRADESH","03/08/2026","L-15060/06/2026-RE-VII/Sl.No.1(SPARSH-19)","WAGE_DAILY_SANCTION","https://mnregaweb4.nic.in/RMS/WriteReadData/SancAttachments/VBGRAMG/L-15060$06$2026-RE-VII$SlNo1(SPARSH-19).pdf","documents\DOC149.pdf","a400aa72d4b12f6e66d23f5d773f90ebf641f4dbf25f232c5ca6202a528d1477","184.0441","PENDING","False"
"DOC150","150","ANDHRA PRADESH","03/08/2026","L-15060/06/2026-RE-VII/Sl.No.1(SPARSH-18)","WAGE_DAILY_SANCTION","https://mnregaweb4.nic.in/RMS/WriteReadData/SancAttachments/VBGRAMG/L-15060$06$2026-RE-VII$SlNo1(SPARSH-18).pdf","documents\DOC150.pdf","38d938d5b6b4da283daa401143c1bcbfce45f65764c5cad0e9c303a5d58d5f8f","342.75934","PENDING","False"
"DOC151","151","ANDHRA PRADESH","03/08/2026","L-15060/06/2026-RE-VII/Sl.No.1(SPARSH-17)","WAGE_DAILY_SANCTION","https://mnregaweb4.nic.in/RMS/WriteReadData/SancAttachments/VBGRAMG/L-15060$06$2026-RE-VII$SlNo1(SPARSH-17).pdf","documents\DOC151.pdf","2729c0e0cc06f65dac4cad10ff5a06ffb24595dde3fc11c92f585cc45e24755f","351.57084","PENDING","False"
"DOC152","152","ANDHRA PRADESH","03/08/2026","L-15060/06/2026-RE-VII/Sl.No.1(SPARSH-16)","WAGE_DAILY_SANCTION","https://mnregaweb4.nic.in/RMS/WriteReadData/SancAttachments/VBGRAMG/L-15060$06$2026-RE-VII$SlNo1(SPARSH-16).pdf","documents\DOC152.pdf","e9a1c39b7e23aef709a6a75deafab7a6bce122f15850918a3ba7083d9c117754","351.79461","PENDING","False"
"DOC153","153","ANDHRA PRADESH","03/08/2026","L-15060/06/2026-RE-VII/Sl.No.1(SPARSH-15)","WAGE_DAILY_SANCTION","https://mnregaweb4.nic.in/RMS/WriteReadData/SancAttachments/VBGRAMG/L-15060$06$2026-RE-VII$SlNo1(SPARSH-15).pdf","documents\DOC153.pdf","c400fc9529bd94c3502630ed93ec566f14d2799ed8ce09bf1a4dc9f9782e4e5c","351.29918","PENDING","False"
"DOC154","154","ANDHRA PRADESH","03/08/2026","L-15060/06/2026-RE-VII/Sl.No.1(SPARSH-14)","WAGE_DAILY_SANCTION","https://mnregaweb4.nic.in/RMS/WriteReadData/SancAttachments/VBGRAMG/L-15060$06$2026-RE-VII$SlNo1(SPARSH-14).pdf","documents\DOC154.pdf","3b8f922599d4aa1b27e9d73b0c231066f465555f059cdef6da393d5fa35a5ed9","344.8672","PENDING","False"
"DOC155","155","ANDHRA PRADESH","03/08/2026","L-15060/06/2026-RE-VII/Sl.No.1(SPARSH-13)","WAGE_DAILY_SANCTION","https://mnregaweb4.nic.in/RMS/WriteReadData/SancAttachments/VBGRAMG/L-15060$06$2026-RE-VII$SlNo1(SPARSH-13).pdf","documents\DOC155.pdf","93302a9fcdcc35b227aa0f2976524a22097cd697cb76e702bb17bcad3865746d","59.21192","PENDING","False"
"DOC156","156","ANDHRA PRADESH","03/08/2026","L-15060/06/2026-RE-VII/Sl.No.1(SPARSH-12)","WAGE_DAILY_SANCTION","https://mnregaweb4.nic.in/RMS/WriteReadData/SancAttachments/VBGRAMG/L-15060$06$2026-RE-VII$SlNo1(SPARSH-12).pdf","documents\DOC156.pdf","e5db3ace4baf5796da28c6ff40e140acc7af180bfec1d83342bd07bfcd41ef6b","26.43794","PENDING","False"
"DOC157","157","ANDHRA PRADESH","03/08/2026","L-15060/06/2026-RE-VII/Sl.No.1(SPARSH-11)","WAGE_DAILY_SANCTION","https://mnregaweb4.nic.in/RMS/WriteReadData/SancAttachments/VBGRAMG/L-15060$06$2026-RE-VII$SlNo1(SPARSH-11).pdf","documents\DOC157.pdf","536007ef66c90d0e351b2e66a683b4684b6f6bcafa52fbdd9f285d4ea0d33d58","313.46017","PENDING","False"
"DOC158","158","ANDHRA PRADESH","03/08/2026","L-15060/06/2026-RE-VII/Sl.No.1(SPARSH-10)","WAGE_DAILY_SANCTION","https://mnregaweb4.nic.in/RMS/WriteReadData/SancAttachments/VBGRAMG/L-15060$06$2026-RE-VII$SlNo1(SPARSH-10).pdf","documents\DOC158.pdf","c5553deaaeab6ccbe398c3eb9199639fb710d6ded10137c7bc74cba0ce6926d5","283.996","PENDING","False"
"DOC159","159","ANDHRA PRADESH","03/08/2026","L-15060/06/2026-RE-VII/Sl.No.1(SPARSH-09)","WAGE_DAILY_SANCTION","https://mnregaweb4.nic.in/RMS/WriteReadData/SancAttachments/VBGRAMG/L-15060$06$2026-RE-VII$SlNo1(SPARSH-09).pdf","documents\DOC159.pdf","ff688c4976f85e7a5503190cd786fa2d958d9112ccaafe3879f54b3b40e1dc70","300.84392","PENDING","False"
"DOC160","160","ANDHRA PRADESH","03/08/2026","L-15060/06/2026-RE-VII/Sl.No.1(SPARSH-08)","WAGE_DAILY_SANCTION","https://mnregaweb4.nic.in/RMS/WriteReadData/SancAttachments/VBGRAMG/L-15060$06$2026-RE-VII$SlNo1(SPARSH-08).pdf","documents\DOC160.pdf","126745e044f2e84f88e95a60bfcaacdbf2d238684739fd7355b1ebcf2b4f4f43","742.33763","PENDING","False"
"DOC161","161","ANDHRA PRADESH","31/07/2026","L-15060/06/2026-RE-VII/Sl.No.01(SPARSH-07)","WAGE_DAILY_SANCTION","https://mnregaweb4.nic.in/RMS/WriteReadData/SancAttachments/VBGRAMG/L-15060$06$2026-RE-VII$SlNo01(SPARSH-07).pdf","documents\DOC161.pdf","60d3b73a1877f517b58ead168be0ef6b62a35e0aeffbd497f217d0ff4819465b","52.5433","PENDING","False"
"DOC162","162","ANDHRA PRADESH","31/07/2026","L-15060/06/2026-RE-VII/Sl.no.01(SPARSH-06)","WAGE_DAILY_SANCTION","https://mnregaweb4.nic.in/RMS/WriteReadData/SancAttachments/VBGRAMG/L-15060$06$2026-RE-VII$Slno01(SPARSH-06).pdf","documents\DOC162.pdf","a72d8a47cbc480b6d8c24bc663d336b83e14ea58f8a1d0b5f861dd638f166a35","80.68836","PENDING","False"
"DOC163","163","ANDHRA PRADESH","30/07/2026","L-15060/06/2026-RE-VII/Sl.No.1(SPARSH-05)","WAGE_DAILY_SANCTION","https://mnregaweb4.nic.in/RMS/WriteReadData/SancAttachments/VBGRAMG/L-15060$06$2026-RE-VII$SlNo1(SPARSH-05).pdf","documents\DOC163.pdf","187ea94099895bd95dff3d1ad212fbf8e74c6eda38bd8c0270f7f3eea9d30f34","281.67592","PENDING","False"
"DOC164","164","ANDHRA PRADESH","30/07/2026","L-15060/06/2026-RE-VII/Sl.No.1(SPARSH-03)","WAGE_DAILY_SANCTION","https://mnregaweb4.nic.in/RMS/WriteReadData/SancAttachments/VBGRAMG/L-15060$06$2026-RE-VII$SlNo1(SPARSH-03).pdf","documents\DOC164.pdf","77fb48145ff3cf7a946de1f320ca19e12f491e341ddb92eba0b82d87728ccc8b","63.04345","PENDING","False"
"DOC165","165","ANDHRA PRADESH","30/07/2026","L-15060/06/2026-RE-VII/Sl.No.1 (SPARSH-02)","WAGE_DAILY_SANCTION","https://mnregaweb4.nic.in/RMS/WriteReadData/SancAttachments/VBGRAMG/L-15060$06$2026-RE-VII$SlNo1(SPARSH-02).pdf","documents\DOC165.pdf","b81d9835a56fd9990175adc37740e20663d63f528e1624217ae5452fe2fb21d3","82.34558","PENDING","False"
"DOC166","166","ANDHRA PRADESH","30/07/2026","L-15060/06/2026-RE-VII/Sl.No.01(SPARSH-04)","WAGE_DAILY_SANCTION","https://mnregaweb4.nic.in/RMS/WriteReadData/SancAttachments/VBGRAMG/L-15060$06$2026-RE-VII$SlNo01(SPARSH-04).pdf","documents\DOC166.pdf","947d42ff0d8fe2f6ce7e4ab193fa6b63b17476b57aadd5e75202362099c175c5","347.9388","PENDING","False"
"DOC167","167","ANDHRA PRADESH","16/07/2026","558/Finance/2026- 27 (Andhra Pradesh Wage)-241739 (DBT-SPARSH-01)","WAGE_DAILY_SANCTION","https://mnregaweb4.nic.in/RMS/WriteReadData/SancAttachments/VBGRAMG/558$Finance$2026-27(AndhraPradeshWage)-241739(DBT-SPARSH-01).pdf","documents\DOC167.pdf","5428deb717d62dc7e8a2d8db2ea9f6c2c09b6114a999382d2eeb5bc7d4b4e16d","0.3452","PENDING","False"
"DOC168","168","ARUNACHAL PRADESH","21/08/2026","G-31011/20/2026-RE-V (396999)-RE-V Sl No-2 (3)(27840)","WAGE_DAILY_SANCTION","https://mnregaweb4.nic.in/RMS/WriteReadData/SancAttachments/VBGRAMG/G-31011$20$2026-RE-V(396999)-RE-VSlNo-2(3)(27840).pdf","documents\DOC168.pdf","6e2d2d0820a1d41c98e4ff9063c4f2536eab008725694af355c323db408ef19e","6.2289","PENDING","False"
"DOC169","169","ARUNACHAL PRADESH","20/08/2026","G-31011/20/2026-RE-V (396999)-RE-V Sl No-2 (3)(27699)","WAGE_DAILY_SANCTION","https://mnregaweb4.nic.in/RMS/WriteReadData/SancAttachments/VBGRAMG/G-31011$20$2026-RE-V(396999)-RE-VSlNo-2(3)(27699).pdf","documents\DOC169.pdf","6e8abe569f28db793bc5e6f8a8e90230fbdbf985e5e46d6105d2fb2eac317c42","25.5096","PENDING","False"
"DOC170","170","ARUNACHAL PRADESH","17/08/2026","G-31011/20/2026-RE-V (396999)-RE-V Sl No-2 (2)(27284)","WAGE_DAILY_SANCTION","https://mnregaweb4.nic.in/RMS/WriteReadData/SancAttachments/VBGRAMG/G-31011$20$2026-RE-V(396999)-RE-VSlNo-2(2)(27284).pdf","documents\DOC170.pdf","9e7200ed5146dec740b9dc3f2bf34dad2162fc96b770ba109c7417129e03ca25","2.9781","PENDING","False"
"DOC171","171","ARUNACHAL PRADESH","29/07/2026","G-31011/20/2026-RE-V (396999)-RE-V Sl No-2 (1) (25544)","WAGE_DAILY_SANCTION","https://mnregaweb4.nic.in/RMS/WriteReadData/SancAttachments/VBGRAMG/G-31011$20$2026-RE-V(396999)-RE-VSlNo-2(1)(25544).pdf","documents\DOC171.pdf","30bc05b02371c41c6403e65b7671f3a347bfe8b5f8a035cb2fc756bd5a48b650","59.4567","PENDING","False"
"DOC172","172","ASSAM","05/08/2026","J-12011-01-2026-RE-VIII(395760)Sl-No-03 (261945) (DBTSPARSH-26)","WAGE_DAILY_SANCTION","https://mnregaweb4.nic.in/RMS/WriteReadData/SancAttachments/VBGRAMG/J-12011-01-2026-RE-VIII(395760)Sl-No-03(261945)(DBTSPARSH-26).pdf","documents\DOC172.pdf","5a3b6660c9a4756fba79854083f75b42ff9eae18a5aef73bd4c028c8998d20df","43.57959","PENDING","False"
"DOC173","173","ASSAM","05/08/2026","J-12011-01-2026-RE-VIII(395760)Sl-No-03 (261821) (DBTSPARSH-27)","WAGE_DAILY_SANCTION","https://mnregaweb4.nic.in/RMS/WriteReadData/SancAttachments/VBGRAMG/J-12011-01-2026-RE-VIII(395760)Sl-No-03(261821)(DBTSPARSH-27).pdf","documents\DOC173.pdf","b493351c97adc75b1f67682fbf3a13a5f2892ef2006342fbfa78a78dc31f97ba","325.32094","PENDING","False"
"DOC174","174","ASSAM","04/08/2026","J-12011-01-2026-RE-VIII(395760)Sl-No-03 (259880) (DBTSPARSH-24)","WAGE_DAILY_SANCTION","https://mnregaweb4.nic.in/RMS/WriteReadData/SancAttachments/VBGRAMG/J-12011-01-2026-RE-VIII(395760)Sl-No-03(259880)(DBTSPARSH-24).pdf","documents\DOC174.pdf","99980536699f21303f6b89385de57ec0e3628a182dfc52573de6d44f35bd6ad5","31.22967","PENDING","False"
"DOC175","175","ASSAM","04/08/2026","J-12011-01-2026-RE-VIII(395760)Sl-No-03 (259815) (DBTSPARSH-25)","WAGE_DAILY_SANCTION","https://mnregaweb4.nic.in/RMS/WriteReadData/SancAttachments/VBGRAMG/J-12011-01-2026-RE-VIII(395760)Sl-No-03(259815)(DBTSPARSH-25).pdf","documents\DOC175.pdf","c92462b0f01d0ae0e445e92cb52eaa7b412c2a135c8d3421b33eca265736f5b7","197.45247","PENDING","False"
"DOC176","176","ASSAM","03/08/2026","J-12011-01-2026-RE-VIII(395760)Sl-No-03 (259409) (DBTSPARSH-19)","WAGE_DAILY_SANCTION","https://mnregaweb4.nic.in/RMS/WriteReadData/SancAttachments/VBGRAMG/J-12011-01-2026-RE-VIII(395760)Sl-No-03(259409)(DBTSPARSH-19).pdf","documents\DOC176.pdf","8fff1ff01e17f5d4cf98b61d82c1f67ace82a339e0e2e381748896d5e25ceed0","83.43416","PENDING","False"
"DOC177","177","ASSAM","03/08/2026","J-12011-01-2026-RE-VIII(395760)Sl-No-03 (259260) (DBTSPARSH-20)","WAGE_DAILY_SANCTION","https://mnregaweb4.nic.in/RMS/WriteReadData/SancAttachments/VBGRAMG/J-12011-01-2026-RE-VIII(395760)Sl-No-03(259260)(DBTSPARSH-20).pdf","documents\DOC177.pdf","29e07e3847ed8fb00bdc3f2e9b27a6507e811053ab8bc6c015ae256b566f46ee","401.44854","PENDING","False"
"DOC178","178","ASSAM","03/08/2026","J-12011-01-2026-RE-VIII(395760)Sl-No-03 (259037) (DBTSPARSH-21)","WAGE_DAILY_SANCTION","https://mnregaweb4.nic.in/RMS/WriteReadData/SancAttachments/VBGRAMG/J-12011-01-2026-RE-VIII(395760)Sl-No-03(259037)(DBTSPARSH-21).pdf","documents\DOC178.pdf","779e033865d819250a8574348b20d3ca74e5df7374eae1408c1598fdebc4b014","80.02535","PENDING","False"
"DOC179","179","ASSAM","03/08/2026","J-12011-01-2026-RE-VIII(395760)Sl-No-03 (258836) (DBTSPARSH-22)","WAGE_DAILY_SANCTION","https://mnregaweb4.nic.in/RMS/WriteReadData/SancAttachments/VBGRAMG/J-12011-01-2026-RE-VIII(395760)Sl-No-03(258836)(DBTSPARSH-22).pdf","documents\DOC179.pdf","5ca093af71086225e8280b547d1e315e7053f600e734bc98c71e3dd2e7a49cae","56.79643","PENDING","False"
"DOC180","180","ASSAM","03/08/2026","J-12011-01-2026-RE-VIII(395760)Sl-No-03 (258145) (DBTSPARSH-23)","WAGE_DAILY_SANCTION","https://mnregaweb4.nic.in/RMS/WriteReadData/SancAttachments/VBGRAMG/J-12011-01-2026-RE-VIII(395760)Sl-No-03(258145)(DBTSPARSH-23).pdf","documents\DOC180.pdf","1bc3959e2397162d43751f1ecb3dc806bfdf0c5e32917d624c375e3168ceaa65","69.5174","PENDING","False"
"DOC181","181","ASSAM","29/07/2026","J-12011-01-2026-RE-VIII(395760)Sl-No-03 (255108) (DBTSPARSH-18)","WAGE_DAILY_SANCTION","https://mnregaweb4.nic.in/RMS/WriteReadData/SancAttachments/VBGRAMG/J-12011-01-2026-RE-VIII(395760)Sl-No-03(255108)(DBTSPARSH-18).pdf","documents\DOC181.pdf","a38d69672d60c8625b757c6a3450065917795ba560bdeac9f8faec43e942c83e","248.54197","PENDING","False"
"DOC182","182","ASSAM","28/07/2026","J-12011-01-2026-RE-VIII(395760)Sl-No-03 (253509) (DBTSPARSH-15)","WAGE_DAILY_SANCTION","https://mnregaweb4.nic.in/RMS/WriteReadData/SancAttachments/VBGRAMG/J-12011-01-2026-RE-VIII(395760)Sl-No-03(253509)(DBTSPARSH-15).pdf","documents\DOC182.pdf","4a1a0662ce32192bce798c7c72378931909fc68412dcf2e514a7218c1a7299ce","148.37862","PENDING","False"
"DOC183","183","ASSAM","28/07/2026","J-12011-01-2026-RE-VIII(395760)Sl-No-03 (253030) (DBTSPARSH-16)","WAGE_DAILY_SANCTION","https://mnregaweb4.nic.in/RMS/WriteReadData/SancAttachments/VBGRAMG/J-12011-01-2026-RE-VIII(395760)Sl-No-03(253030)(DBTSPARSH-16).pdf","documents\DOC183.pdf","cd26066f5f9f641c7ae4fcbe7b53e3fc4c80d6fdd3ecc6010c4189abc72f65bf","103.47721","PENDING","False"
"DOC184","184","ASSAM","28/07/2026","J-12011-01-2026-RE-VIII(395760)Sl-No-03 (253010) (DBTSPARSH-17)","WAGE_DAILY_SANCTION","https://mnregaweb4.nic.in/RMS/WriteReadData/SancAttachments/VBGRAMG/J-12011-01-2026-RE-VIII(395760)Sl-No-03(253010)(DBTSPARSH-17).pdf","documents\DOC184.pdf","a81e6678d67cda20093e0856ce681f68b79ac7c9dd833ec7cee37c268d800b8f","30.67103","PENDING","False"
"DOC185","185","ASSAM","23/07/2026","J-12011/01/2026/RE-VIII(395760)Sl-No-03 (248042) (DBTSPARSH-14)","WAGE_DAILY_SANCTION","https://mnregaweb4.nic.in/RMS/WriteReadData/SancAttachments/VBGRAMG/J-12011$01$2026$RE-VIII(395760)Sl-No-03(248042)(DBTSPARSH-14).pdf","documents\DOC185.pdf","835b00501514776094ef239548aeff3ba1a6d3f99d58081c263aa5e51fbfa6d2","103.70225","PENDING","False"
"DOC186","186","ASSAM","22/07/2026","J-12011/01/2026/RE-VIII(395760)Sl-No-03 (246569) (DBTSPARSH-13)","WAGE_DAILY_SANCTION","https://mnregaweb4.nic.in/RMS/WriteReadData/SancAttachments/VBGRAMG/J-12011$01$2026$RE-VIII(395760)Sl-No-03(246569)(DBTSPARSH-13).pdf","documents\DOC186.pdf","6818c9f5525215c2a8fde5b93e903c28e59df8eef0586f1200fc1eac2e2c67fb","7.30754","PENDING","False"
"DOC187","187","ASSAM","20/07/2026","J-12011012026RE-VIII(395760)Sl.No.03 (07)","WAGE_DAILY_SANCTION","https://mnregaweb4.nic.in/RMS/WriteReadData/SancAttachments/VBGRAMG/J-12011012026RE-VIII(395760)SlNo03(07).pdf","documents\DOC187.pdf","1b65810eac86ffeb9f3191120c112babc834600a9bb5c977cd4d4e8b5840ab85","41.32225","PENDING","False"
"DOC188","188","ASSAM","20/07/2026","J-12011/01/2026/RE-VIII(395760)Sl-No-03 (246833) (DBTSPARSH-12)","WAGE_DAILY_SANCTION","https://mnregaweb4.nic.in/RMS/WriteReadData/SancAttachments/VBGRAMG/J-12011$01$2026$RE-VIII(395760)Sl-No-03(246833)(DBTSPARSH-12).pdf","documents\DOC188.pdf","ea8c42908cf0b73c5c8e19530160e04b02747ac8c210529a3dd459471f561af1","134.00273","PENDING","False"
"DOC189","189","ASSAM","20/07/2026","J-12011/01/2026/RE-VIII(395760)Sl-No-03 (246616) (DBTSPARSH-11)","WAGE_DAILY_SANCTION","https://mnregaweb4.nic.in/RMS/WriteReadData/SancAttachments/VBGRAMG/J-12011$01$2026$RE-VIII(395760)Sl-No-03(246616)(DBTSPARSH-11).pdf","documents\DOC189.pdf","0a40ad71f3371576e5a620beb31a1ee7fba981c45ac06abadec96780a15ee602","0.73616","PENDING","False"
"DOC190","190","ASSAM","20/07/2026","J-12011/01/2026/RE-VIII(395760)Sl-No-03 (243652) (DBTSPARSH-09)","WAGE_DAILY_SANCTION","https://mnregaweb4.nic.in/RMS/WriteReadData/SancAttachments/VBGRAMG/J-12011$01$2026$RE-VIII(395760)Sl-No-03(243652)(DBTSPARSH-09).pdf","documents\DOC190.pdf","67e6ef1f34880efdd26f3d3685b3aec448ca5dca2a252fd6a38623845f28c2c0","20.40436","PENDING","False"
"DOC191","191","ASSAM","20/07/2026","J-12011/01/2026/RE-VIII(395760)Sl-No-03 (242876) (DBTSPARSH-10)","WAGE_DAILY_SANCTION","https://mnregaweb4.nic.in/RMS/WriteReadData/SancAttachments/VBGRAMG/J-12011$01$2026$RE-VIII(395760)Sl-No-03(242876)(DBTSPARSH-10).pdf","documents\DOC191.pdf","0ac17ce92eec48a408927d3cc0016ef317159cac7ca97d2491bd02f22215d02d","1.30014","PENDING","False"
"DOC192","192","ASSAM","20/07/2026","J-12011-01-2026-RE-VIII(395760)Sl-No-03 (244043) (DBTSPARSH-08)","WAGE_DAILY_SANCTION","https://mnregaweb4.nic.in/RMS/WriteReadData/SancAttachments/VBGRAMG/J-12011-01-2026-RE-VIII(395760)Sl-No-03(244043)(DBTSPARSH-08).pdf","documents\DOC192.pdf","6b9284b9aad19ae5bed01947cb6e924ae1c9eb55e4f63a2aebc3789424562c21","150.90909","PENDING","False"
"DOC193","193","ASSAM","16/07/2026","560/Finance/2026 27 (Assam Wage)-241923 (DBT SPARSH-05)","WAGE_DAILY_SANCTION","https://mnregaweb4.nic.in/RMS/WriteReadData/SancAttachments/VBGRAMG/560$Finance$202627(AssamWage)-241923(DBTSPARSH-05).pdf","documents\DOC193.pdf","1fbe87867526a19c5eeca4b0bcc6f49429f43be34a259f6359a35b2e24153dbd","1.70838","PENDING","False"
"DOC194","194","ASSAM","16/07/2026","560/Finance/2026 27 (Assam Wage)-241908 (DBT SPARSH-06)","WAGE_DAILY_SANCTION","https://mnregaweb4.nic.in/RMS/WriteReadData/SancAttachments/VBGRAMG/560$Finance$202627(AssamWage)-241908(DBTSPARSH-06).pdf","documents\DOC194.pdf","813d0e6c02711b47de54fb2775732f9c088da656abcb5585365a98f1ca4f0914","6.38435","PENDING","False"
"DOC195","195","ASSAM","15/07/2026","560/Finance/2026 27 (Assam Wage)-240100 (DBT SPARSH-04)","WAGE_DAILY_SANCTION","https://mnregaweb4.nic.in/RMS/WriteReadData/SancAttachments/VBGRAMG/560$Finance$202627(AssamWage)-240100(DBTSPARSH-04).pdf","documents\DOC195.pdf","a6ebfc3e0c66001ce3ded52b74ac6891257899ef64dbcffbeb3334c580c1cf9d","6.02945","PENDING","False"
"DOC196","196","ASSAM","13/07/2026","560/Finance/2026 27 (Assam Wage)-239222 (DBT SPARSH-03)","WAGE_DAILY_SANCTION","https://mnregaweb4.nic.in/RMS/WriteReadData/SancAttachments/VBGRAMG/560$Finance$202627(AssamWage)-239222(DBTSPARSH-03).pdf","documents\DOC196.pdf","0867cc53994216fdbfeb8d051bb84900b33e7b0ee0618b44f5955d0cf95813db","4.61161","PENDING","False"
"DOC197","197","ASSAM","13/07/2026","560/Finance/2026 27 (Assam Wage)-239220 (DBT SPARSH-02)","WAGE_DAILY_SANCTION","https://mnregaweb4.nic.in/RMS/WriteReadData/SancAttachments/VBGRAMG/560$Finance$202627(AssamWage)-239220(DBTSPARSH-02).pdf","documents\DOC197.pdf","88a4f0d4e7730c8287269385de922dfed3528b20bc0c2e908ed1e0018fa893b3","4.24563","PENDING","False"
"DOC198","198","ASSAM","06/07/2026","J-1201 l/01 12026/RE-v ttt(395760)/Sl.No.03","WAGE_DAILY_SANCTION","https://mnregaweb4.nic.in/RMS/WriteReadData/SancAttachments/VBGRAMG/J-1201l$0112026$RE-vttt(395760)$SlNo03.pdf","documents\DOC198.pdf","ce0fbf233ce501ff05f34abf2c68897eed32fe9c082cfebc74769ea7cc0e244e","0.1215","PENDING","False"
"DOC199","199","BIHAR","21/08/2026","G-31011/21/2026-RE-V (397000)-RE-V Sl No-4 (12)(279172)","WAGE_DAILY_SANCTION","https://mnregaweb4.nic.in/RMS/WriteReadData/SancAttachments/VBGRAMG/G-31011$21$2026-RE-V%c2%a0(397000)-RE-VSlNo-4(12)(279172).pdf","documents\DOC199.pdf","e5c8e05a92beb638dee77d117e180b8a358aa3c72a6859fd2f11592bc09d02ef","88.0954","PENDING","False"
"DOC200","200","BIHAR","20/08/2026","G-31011/21/2026-RE-V (397000)-RE-V Sl No-4 (9)(276792)","WAGE_DAILY_SANCTION","https://mnregaweb4.nic.in/RMS/WriteReadData/SancAttachments/VBGRAMG/G-31011$21$2026-RE-V%c2%a0(397000)-RE-VSlNo-4(9)(276792).pdf","documents\DOC200.pdf","d5dc279cecb07f87e7988652b9bf5337645767b959fa8ea9c0297d88a0205d91","36.54771","PENDING","False"
"DOC201","201","BIHAR","20/08/2026","G-31011/21/2026-RE-V (397000)-RE-V Sl No-4 (11)(277378)","WAGE_DAILY_SANCTION","https://mnregaweb4.nic.in/RMS/WriteReadData/SancAttachments/VBGRAMG/G-31011$21$2026-RE-V%c2%a0(397000)-RE-VSlNo-4(11)(277378).pdf","documents\DOC201.pdf","29e8bc2762c91dba834d6b27c80dd405438b5829a849027b66a7d31a2659cb96","228.1983","PENDING","False"
"DOC202","202","BIHAR","20/08/2026","G-31011/21/2026-RE-V (397000)-RE-V Sl No-4 (10)(276791)","WAGE_DAILY_SANCTION","https://mnregaweb4.nic.in/RMS/WriteReadData/SancAttachments/VBGRAMG/G-31011$21$2026-RE-V%c2%a0(397000)-RE-VSlNo-4(10)(276791).pdf","documents\DOC202.pdf","140ba1224e3b2e637b4d730edb563aed1f30f85d4689b008d23d328fac58d701","225.04509","PENDING","False"
"DOC203","203","BIHAR","18/08/2026","G-31011/21/2026-RE-V (397000)-RE-V Sl No-4 (8)(274035)","WAGE_DAILY_SANCTION","https://mnregaweb4.nic.in/RMS/WriteReadData/SancAttachments/VBGRAMG/G-31011$21$2026-RE-V%c2%a0(397000)-RE-VSlNo-4(8)(274035).pdf","documents\DOC203.pdf","8e4aaebb1d9f406f76d9687b0ede6d01869cf04efc304bb4ec2ac14deb7d1e3e","416.47605","PENDING","False"
"DOC204","204","BIHAR","18/08/2026","G-31011/21/2026-RE-V (397000)-RE-V Sl No-4 (7)(274037)","WAGE_DAILY_SANCTION","https://mnregaweb4.nic.in/RMS/WriteReadData/SancAttachments/VBGRAMG/G-31011$21$2026-RE-V%c2%a0(397000)-RE-VSlNo-4(7)(274037).pdf","documents\DOC204.pdf","d627eaf12ad4904790d0525fd09bd34f0e5a5c9a74c26f15e15d3f3945ec151d","0.2754","PENDING","False"
"DOC205","205","BIHAR","17/08/2026","G-31011/21/2026-RE-V (397000)-RE-V Sl No-4 (6) (272397)","WAGE_DAILY_SANCTION","https://mnregaweb4.nic.in/RMS/WriteReadData/SancAttachments/VBGRAMG/G-31011$21$2026-RE-V%c2%a0(397000)-RE-VSlNo-4(6)(272397).pdf","documents\DOC205.pdf","02134fe44fc8de597694a9c2e7b0bc05e9e0b99fdcaaceb02754ab8c21ee63b8","395.10555","PENDING","False"
"DOC206","206","BIHAR","13/08/2026","G-31011/21/2026-RE-V (397000)-RE-V Sl No-4 (5) (270045)","WAGE_DAILY_SANCTION","https://mnregaweb4.nic.in/RMS/WriteReadData/SancAttachments/VBGRAMG/G-31011$21$2026-RE-V%c2%a0(397000)-RE-VSlNo-4(5)(270045).pdf","documents\DOC206.pdf","0a4acd5263fbb6bb288755ad489d422c83bbb531dc37cbaae7fb6de3eb165780","139.45051","PENDING","False"
"DOC207","207","BIHAR","12/08/2026","G-31011/21/2026-RE-V (397000)-RE-V Sl No-4 (4)(270008)","WAGE_DAILY_SANCTION","https://mnregaweb4.nic.in/RMS/WriteReadData/SancAttachments/VBGRAMG/G-31011$21$2026-RE-V%c2%a0(397000)-RE-VSlNo-4(4)(270008).pdf","documents\DOC207.pdf","39fa5ea1fe507d5dd6e0b40bceb2016d81956b2a79863d049d4d2727f26026f0","82.09872","PENDING","False"
"DOC208","208","BIHAR","06/08/2026","G-31011/21/2026-RE-V (397000)-RE-V Sl No-4 (3) (263059)","WAGE_DAILY_SANCTION","https://mnregaweb4.nic.in/RMS/WriteReadData/SancAttachments/VBGRAMG/G-31011$21$2026-RE-V%c2%a0(397000)-RE-VSlNo-4(3)(263059).pdf","documents\DOC208.pdf","6b24a94a6624323bb81983c9f39052ddff4e2421631ae9facc1e62d78723df75","10.81089","PENDING","False"
"DOC209","209","BIHAR","06/08/2026","G-31011/21/2026-RE-V (397000)-RE-V Sl No-4 (2) (263060)","WAGE_DAILY_SANCTION","https://mnregaweb4.nic.in/RMS/WriteReadData/SancAttachments/VBGRAMG/G-31011$21$2026-RE-V%c2%a0(397000)-RE-VSlNo-4(2)(263060).pdf","documents\DOC209.pdf","86a91562289de03f02e242417e3d05802f31cf23ec766f82a20ab57010027042","70.55595","PENDING","False"
"DOC210","210","BIHAR","06/08/2026","G-31011/21/2026-RE-V (397000)-RE-V Sl No-4 (1) (262917)","WAGE_DAILY_SANCTION","https://mnregaweb4.nic.in/RMS/WriteReadData/SancAttachments/VBGRAMG/G-31011$21$2026-RE-V(397000)-RE-VSlNo-4(1)(262917).pdf","documents\DOC210.pdf","82cc6108786970482b964f39d13d4b9e5f332b1c72999eccfa48ec81e94ef345","27.72477","PENDING","False"
"DOC211","211","GUJARAT","21/08/2026","J-11060/20/2026-RE-III Sl.No.7 (SPARSH 19)","WAGE_DAILY_SANCTION","https://mnregaweb4.nic.in/RMS/WriteReadData/SancAttachments/VBGRAMG/J-11060$20$2026-RE-IIISlNo7(SPARSH19).pdf","documents\DOC211.pdf","3bfa441266ae7a3b61f9c86778883c0515a436f7fc381c883d0e44179faf6c50","13.98645","PENDING","False"
"DOC212","212","GUJARAT","20/08/2026","J-11060/20/2026-RE-III Sl.No.7 (SPARSH 18)","WAGE_DAILY_SANCTION","https://mnregaweb4.nic.in/RMS/WriteReadData/SancAttachments/VBGRAMG/J-11060$20$2026-RE-IIISlNo7(SPARSH18).pdf","documents\DOC212.pdf","47c1672f18f4fbe4c6a3fe6499c6d0e3dc86c026c9df976ae0c9346aa747f563","1.33317","PENDING","False"
"DOC213","213","GUJARAT","19/08/2026","J-11060/20/2026-RE-III Sl.No.7 (SPARSH 17)","WAGE_DAILY_SANCTION","https://mnregaweb4.nic.in/RMS/WriteReadData/SancAttachments/VBGRAMG/J-11060$20$2026-RE-IIISlNo7(SPARSH17).pdf","documents\DOC213.pdf","befb5fe3bae802a0524a136fe4bed7adc1f4d546c7ed4fa88f0f0b870bca5424","0.73994","PENDING","False"
"DOC214","214","GUJARAT","19/08/2026","J-11060/20/2026-RE-III Sl.No.7 (SPARSH 16)","WAGE_DAILY_SANCTION","https://mnregaweb4.nic.in/RMS/WriteReadData/SancAttachments/VBGRAMG/J-11060$20$2026-RE-IIISlNo7(SPARSH16).pdf","documents\DOC214.pdf","79b82e4ff285160d06ecbdccbf7c9c5f6352e969c05a4d515e41ed327b57bc16","2.75088","PENDING","False"
"DOC215","215","GUJARAT","17/08/2026","J-11060/20/2026-RE-III Sl.No. 7 (SPARSH 15)","WAGE_DAILY_SANCTION","https://mnregaweb4.nic.in/RMS/WriteReadData/SancAttachments/VBGRAMG/J-11060$20$2026-RE-IIISlNo7(SPARSH15).pdf","documents\DOC215.pdf","8e3b4f2cefa3b32b7bd8bc5f968d1ed940bd937d2f9cef59e58008f904b341c8","35.38026","PENDING","False"
"DOC216","216","GUJARAT","14/08/2026","J-11060/20/2026-RE-III Sl.No.7 (SPARSH 14)","WAGE_DAILY_SANCTION","https://mnregaweb4.nic.in/RMS/WriteReadData/SancAttachments/VBGRAMG/J-11060$20$2026-RE-IIISlNo7(SPARSH14).pdf","documents\DOC216.pdf","75bfbaf36ff93f8b89ee60170fe070123b1d2d9fc61e429057394711a9ca9019","22.81573","PENDING","False"
"DOC217","217","GUJARAT","13/08/2026","J-11060/20/2026-RE-III Sl.No.7 (SPARSH 13)","WAGE_DAILY_SANCTION","https://mnregaweb4.nic.in/RMS/WriteReadData/SancAttachments/VBGRAMG/J-11060$20$2026-RE-IIISlNo7(SPARSH13).pdf","documents\DOC217.pdf","38b8171b85f17ccb74e6c1ee77fc454f2c2f9e096a338ab0cf9a75badea662d9","56.46066","PENDING","False"
"DOC218","218","GUJARAT","12/08/2026","J-11060/20/2026-RE-III Sl.No.7 (SPARSH 12)","WAGE_DAILY_SANCTION","https://mnregaweb4.nic.in/RMS/WriteReadData/SancAttachments/VBGRAMG/J-11060$20$2026-RE-IIISlNo7(SPARSH12).pdf","documents\DOC218.pdf","b4fe47233c515b23b646205654e4a22aa1c4dd398fbd22e1139e31c3a248d12a","43.31971","PENDING","False"
"DOC219","219","GUJARAT","11/08/2026","J-11060/20/2026-RE-III Sl.No.7 (SPARSH 11)","WAGE_DAILY_SANCTION","https://mnregaweb4.nic.in/RMS/WriteReadData/SancAttachments/VBGRAMG/J-11060$20$2026-RE-IIISlNo7(SPARSH11).pdf","documents\DOC219.pdf","d0d28dd7e6a1e7c989e004b5e9fc9eec527506528064f83a90c3bc726bae8535","45.85003","PENDING","False"
"DOC220","220","GUJARAT","10/08/2026","J-11060/20/2026-RE-III Sl.No.7 (SPARSH 10)","WAGE_DAILY_SANCTION","https://mnregaweb4.nic.in/RMS/WriteReadData/SancAttachments/VBGRAMG/J-11060$20$2026-RE-IIISlNo7(SPARSH10).pdf","documents\DOC220.pdf","7488d10db2f8471f1ba1bd64afd168c63233dceb27f434ea54d3f0c5e652ba22","8.28859","PENDING","False"
"DOC221","221","GUJARAT","07/08/2026","J-11060/20/2026-RE-III Sl.No.7 (SPARSH 09)","WAGE_DAILY_SANCTION","https://mnregaweb4.nic.in/RMS/WriteReadData/SancAttachments/VBGRAMG/J-11060$20$2026-RE-IIISlNo7(SPARSH09).pdf","documents\DOC221.pdf","a62a4aabfeedee11a0447e8de95337cb3b0629c1c8b8de426701dd747bd90475","0.34685","PENDING","False"
"DOC222","222","GUJARAT","07/08/2026","J-11060/20/2026-RE-III Sl.No.7 (SPARSH 08)","WAGE_DAILY_SANCTION","https://mnregaweb4.nic.in/RMS/WriteReadData/SancAttachments/VBGRAMG/J-11060$20$2026-RE-IIISlNo7(SPARSH08).pdf","documents\DOC222.pdf","57ae27cb327422a443de3b4818c9a1c789baf9ac8a2449f92d2031edef314899","0.15173","PENDING","False"
"DOC223","223","GUJARAT","07/08/2026","J-11060/20/2026-RE-III Sl.No.7 (SPARSH 07)","WAGE_DAILY_SANCTION","https://mnregaweb4.nic.in/RMS/WriteReadData/SancAttachments/VBGRAMG/J-11060$20$2026-RE-IIISlNo7(SPARSH07).pdf","documents\DOC223.pdf","f8c714330bcbb51316daced53f4913af0524179d58b32c179c2dfa17ab82f536","11.50696","PENDING","False"
"DOC224","224","GUJARAT","07/08/2026","J-11060/20/2026-RE-III Sl.No.7 (SPARSH 05)","WAGE_DAILY_SANCTION","https://mnregaweb4.nic.in/RMS/WriteReadData/SancAttachments/VBGRAMG/J-11060$20$2026-RE-IIISlNo7(SPARSH05).pdf","documents\DOC224.pdf","2bc5e0175ed3c8e00cc3df042e7390840420bd7264c6b7568b9ab10c0408deac","1.54692","PENDING","False"
"DOC225","225","GUJARAT","07/08/2026","J-11060/20/2026-RE-III Sl.No.7 (SPARSH 02)","WAGE_DAILY_SANCTION","https://mnregaweb4.nic.in/RMS/WriteReadData/SancAttachments/VBGRAMG/J-11060$20$2026-RE-IIISlNo7(SPARSH02).pdf","documents\DOC225.pdf","935859ec10dfbac48d7da2d91b0b0b4b81f42f1ceda26c2b1508d0d6c8770304","2.99507","PENDING","False"
"DOC226","226","GUJARAT","07/08/2026","J-11060/20/2026-RE-III Sl.No.7 (SPARSH 01)","WAGE_DAILY_SANCTION","https://mnregaweb4.nic.in/RMS/WriteReadData/SancAttachments/VBGRAMG/J-11060$20$2026-RE-IIISlNo7(SPARSH01).pdf","documents\DOC226.pdf","900ab3ffbbff0b8bd904ce49c57698b97609f5d573887a12b9aa362ca202e0b7","3.46149","PENDING","False"
"DOC227","227","GUJARAT","07/08/2026","J-11060/20/2026-RE-III Sl.No. 7(SPARSH 04)","WAGE_DAILY_SANCTION","https://mnregaweb4.nic.in/RMS/WriteReadData/SancAttachments/VBGRAMG/J-11060$20$2026-RE-IIISlNo7(SPARSH04).pdf","documents\DOC227.pdf","55ee8666d953c78e78c4268ba3524be7b3645e85b10ccb934add0816c8ce8edb","3.78936","PENDING","False"
"DOC228","228","GUJARAT","07/08/2026","J-11060/20/2026-RE-III Sl.No. 7 (SPARSH 06)","WAGE_DAILY_SANCTION","https://mnregaweb4.nic.in/RMS/WriteReadData/SancAttachments/VBGRAMG/J-11060$20$2026-RE-IIISlNo7(SPARSH06).pdf","documents\DOC228.pdf","a5fc0f5032f9ae84ff29040dbd3e2c28570a7a1df719d6679c29ae2736b6c764","0.10022","PENDING","False"
"DOC229","229","GUJARAT","07/08/2026","J-11060/20/2026-RE-III Sl.No. 7 (SPARSH 03)","WAGE_DAILY_SANCTION","https://mnregaweb4.nic.in/RMS/WriteReadData/SancAttachments/VBGRAMG/J-11060$20$2026-RE-IIISlNo7(SPARSH03).pdf","documents\DOC229.pdf","e56980fd986753118a61feeefb719d57809c12dbc614f88c2dedde877ecd130e","5.91877","PENDING","False"
"DOC230","230","HARYANA","24/08/2026","J-11060/15/2026-RE-VI (395703) Sl. No. 8 (Sparsh 05)","WAGE_DAILY_SANCTION","https://mnregaweb4.nic.in/RMS/WriteReadData/SancAttachments/VBGRAMG/J-11060$15$2026-RE-VI(395703)SlNo8(Sparsh05).pdf","documents\DOC230.pdf","aa17c1684f40079c3d6e7f40ba8c74caa0af9be59ed49fa319f8cc1d7e1e48f3","7.12129","PENDING","False"
"DOC231","231","HARYANA","20/08/2026","J-11060/15/2026-RE-VI (395703) Sl. No. 8 (Sparsh 04)","WAGE_DAILY_SANCTION","https://mnregaweb4.nic.in/RMS/WriteReadData/SancAttachments/VBGRAMG/J-11060$15$2026-RE-VI(395703)SlNo8(Sparsh04).pdf","documents\DOC231.pdf","ee8d4c5f8a9c4b3ec2bc8d3d51489c018fd234e1575913fc90c94e481d4e7aa6","12.7138","PENDING","False"
"DOC232","232","HARYANA","19/08/2026","J-11060/15/2026-RE-VI (395703) Sl. No. 8 (Sparsh 03)","WAGE_DAILY_SANCTION","https://mnregaweb4.nic.in/RMS/WriteReadData/SancAttachments/VBGRAMG/J-11060$15$2026-RE-VI(395703)SlNo8(Sparsh03).pdf","documents\DOC232.pdf","c88a2ddf43c2f92e9609e8d1ef9c48b17261d97d951edcf5cae1710b029e4f1b","27.77704","PENDING","False"
"DOC233","233","HARYANA","13/08/2026","J-11060/15/2026-RE-VI (395703) Sl. No. 8 (Sparsh 02)","WAGE_DAILY_SANCTION","https://mnregaweb4.nic.in/RMS/WriteReadData/SancAttachments/VBGRAMG/J-11060$15$2026-RE-VI(395703)SlNo8(Sparsh02).pdf","documents\DOC233.pdf","6e9b244a86f1a883fe2d34977f41b2284760bab079d630b79116e81454670644","5.90417","PENDING","False"
"DOC234","234","HARYANA","23/07/2026","J-11060/15/2026-RE-VI (395703) Sparsh 01","WAGE_DAILY_SANCTION","https://mnregaweb4.nic.in/RMS/WriteReadData/SancAttachments/VBGRAMG/J-11060$15$2026-RE-VI(395703)Sparsh01.pdf","documents\DOC234.pdf","81d5983fae918d2b69e0470e7bc4f46e0634c30c9c8b2b133d657f32a1d0e6e8","0.09325","PENDING","False"
"DOC235","235","HIMACHAL PRADESH","24/08/2026","J-11060/21/2026-RE-III Sl.No.9 (SPARSH 16)","WAGE_DAILY_SANCTION","https://mnregaweb4.nic.in/RMS/WriteReadData/SancAttachments/VBGRAMG/J-11060$21$2026-RE-IIISlNo9(SPARSH16).pdf","documents\DOC235.pdf","9905d6f2c5ef961d005c3ea5e06ce76a103f0550fd2749779952fe8cd130baa9","518.33139","PENDING","False"
"DOC236","236","HIMACHAL PRADESH","20/08/2026","J-11060/21/2026-RE-III Sl.No.9 (SPARSH 15)","WAGE_DAILY_SANCTION","https://mnregaweb4.nic.in/RMS/WriteReadData/SancAttachments/VBGRAMG/J-11060$21$2026-RE-IIISlNo9(SPARSH15).pdf","documents\DOC236.pdf","f71cb6763fce3ac7dda6077a0c68d3679a2fc2b89bf626557a44369f4b2a40fb","52.46217","PENDING","False"
"DOC237","237","HIMACHAL PRADESH","20/08/2026","J-11060/21/2026-RE-III Sl.No.9 (SPARSH 14)","WAGE_DAILY_SANCTION","https://mnregaweb4.nic.in/RMS/WriteReadData/SancAttachments/VBGRAMG/J-11060$21$2026-RE-IIISlNo9(SPARSH14).pdf","documents\DOC237.pdf","abbb7db7464e647476aa5c3544c59746604d40fba68a0ad8f8ab8c14ea378b5f","19.07988","PENDING","False"
"DOC238","238","HIMACHAL PRADESH","19/08/2026","J-11060/21/2026-RE-III Sl.No.9 (SPARSH 13)","WAGE_DAILY_SANCTION","https://mnregaweb4.nic.in/RMS/WriteReadData/SancAttachments/VBGRAMG/J-11060$21$2026-RE-IIISlNo9(SPARSH13).pdf","documents\DOC238.pdf","63f9b5ce0612e4d78beb46d4faa55ac0fd89b49672291a8d3475fc7268bc0612","66.21574","PENDING","False"
"DOC239","239","HIMACHAL PRADESH","17/08/2026","J-11060/21/2026-RE-III Sl.No. 9 (SPARSH 12)","WAGE_DAILY_SANCTION","https://mnregaweb4.nic.in/RMS/WriteReadData/SancAttachments/VBGRAMG/J-11060$21$2026-RE-IIISlNo9(SPARSH12).pdf","documents\DOC239.pdf","881ca054ddf7dc01d1694d9983463056653b9bdf4398a4a8a582e73aefc0c78b","35.04766","PENDING","False"
"DOC240","240","HIMACHAL PRADESH","17/08/2026","J-11060/21/2026-RE-III Sl.No. 9 (SPARSH 11)","WAGE_DAILY_SANCTION","https://mnregaweb4.nic.in/RMS/WriteReadData/SancAttachments/VBGRAMG/J-11060$21$2026-RE-IIISlNo9(SPARSH11).pdf","documents\DOC240.pdf","45733b9d3585d7e54bc851935694b40f172c2602b68657e2ba6945991e1b3026","71.0139","PENDING","False"
"DOC241","241","HIMACHAL PRADESH","13/08/2026","J-11060/21/2026-RE-III Sl.No.9 (SPARSH 10)","WAGE_DAILY_SANCTION","https://mnregaweb4.nic.in/RMS/WriteReadData/SancAttachments/VBGRAMG/J-11060$21$2026-RE-IIISlNo9(SPARSH10).pdf","documents\DOC241.pdf","b9424ff6f6f0aae267528ea88f8bcca4f82c75e1703cb7a929764e91cfb63822","281.04259","PENDING","False"
"DOC242","242","HIMACHAL PRADESH","13/08/2026","J-11060/21/2026-RE-III Sl.No.9 (SPARSH 09)","WAGE_DAILY_SANCTION","https://mnregaweb4.nic.in/RMS/WriteReadData/SancAttachments/VBGRAMG/J-11060$21$2026-RE-IIISlNo9(SPARSH09).pdf","documents\DOC242.pdf","37e99dcdb5badc414d7be08efbf53f6f20cee8dc84d9efb7cb86858347da41a5","26.8028","PENDING","False"
"DOC243","243","HIMACHAL PRADESH","12/08/2026","J-11060/21/2026-RE-III Sl.No.9 (SPARSH 08)","WAGE_DAILY_SANCTION","https://mnregaweb4.nic.in/RMS/WriteReadData/SancAttachments/VBGRAMG/J-11060$21$2026-RE-IIISlNo9(SPARSH08).pdf","documents\DOC243.pdf","97add9a96f9da9c39b26f3051c60a1ad57603ba1872df5c1e4239ddfb3a44a16","357.2047","PENDING","False"
"DOC244","244","HIMACHAL PRADESH","05/08/2026","J-11060/21/2026-RE-III Sl.No. 9 (SPARSH 07)","WAGE_DAILY_SANCTION","https://mnregaweb4.nic.in/RMS/WriteReadData/SancAttachments/VBGRAMG/J-11060$21$2026-RE-IIISlNo9(SPARSH07).pdf","documents\DOC244.pdf","bc9bc1cb169ca29ce89c048db0c217247e9da0993302424a84c05b02bcd4e45f","123.05624","PENDING","False"
"DOC245","245","HIMACHAL PRADESH","04/08/2026","J-11060/21/2026-RE-III Sl.No.9 (SPARSH 06","WAGE_DAILY_SANCTION","https://mnregaweb4.nic.in/RMS/WriteReadData/SancAttachments/VBGRAMG/J-11060$21$2026-RE-IIISlNo9(SPARSH06.pdf","documents\DOC245.pdf","cbb5bc89cfbf26b7c9970e5480656c3cff8cb5b91ce2b376c4a32cc78c3ccca6","22.32073","PENDING","False"
"DOC246","246","HIMACHAL PRADESH","03/08/2026","J-11060/21/2026-RE-III Sl.No.9 (SPARSH 05)","WAGE_DAILY_SANCTION","https://mnregaweb4.nic.in/RMS/WriteReadData/SancAttachments/VBGRAMG/J-11060$21$2026-RE-IIISlNo9(SPARSH05).pdf","documents\DOC246.pdf","62fbe01169330cda674e71e5054e67f086d4ce93e7daf43928050fc8ed1d6931","96.48281","PENDING","False"
"DOC247","247","HIMACHAL PRADESH","31/07/2026","J-11060/21/2026-RE-III Sl.No.9 (SPARSH 04)","WAGE_DAILY_SANCTION","https://mnregaweb4.nic.in/RMS/WriteReadData/SancAttachments/VBGRAMG/J-11060$21$2026-RE-IIISlNo9(SPARSH04).pdf","documents\DOC247.pdf","9b310bc73fa2df53b49ca05fcd5ebd5af5fae2e27cb9e8587b5c66ccbdf66b9a","120.95239","PENDING","False"
"DOC248","248","HIMACHAL PRADESH","29/07/2026","J-11060/21/2026-RE-III Sl.No.9 (SPARSH 03)","WAGE_DAILY_SANCTION","https://mnregaweb4.nic.in/RMS/WriteReadData/SancAttachments/VBGRAMG/J-11060$21$2026-RE-IIISlNo9(SPARSH03).pdf","documents\DOC248.pdf","af8bba480a24ce1786b74390915393feedf022c8e6f2259d3fc38a89043875a7","144.11821","PENDING","False"
"DOC249","249","HIMACHAL PRADESH","27/07/2026","J-11060/21/2026-RE-III Sl.No.9 (SPARSH 02)","WAGE_DAILY_SANCTION","https://mnregaweb4.nic.in/RMS/WriteReadData/SancAttachments/VBGRAMG/J-11060$21$2026-RE-IIISlNo9(SPARSH02).pdf","documents\DOC249.pdf","66691dc56305b1d61a82b09772d6fba5e273a8276122340e602acb32240af1d0","392.32452","PENDING","False"
"DOC250","250","HIMACHAL PRADESH","22/07/2026","J-11060/21/2026-RE-III Sl.No.9 (1)","WAGE_DAILY_SANCTION","https://mnregaweb4.nic.in/RMS/WriteReadData/SancAttachments/VBGRAMG/J-11060$21$2026-RE-IIISlNo9(1).pdf","documents\DOC250.pdf","0a4fdea21e53883cc7ff1ea88cfd4254d4f7bb60f5450f74fef193d63b7406c7","0.2835","PENDING","False"
"DOC251","251","JAMMU & KASHMIR","11/08/2026","J-12016/02/2026-Re-IV SI. No.30 (SPARSH-1)","WAGE_DAILY_SANCTION","https://mnregaweb4.nic.in/RMS/WriteReadData/SancAttachments/VBGRAMG/J-12016$02$2026-Re-IVSINo30(SPARSH-1).pdf","documents\DOC251.pdf","c825a75482ffa05b39633684aa037adcc176daf344ad982061d902e82977dcb0","1.4607","PENDING","False"
"DOC252","252","KARNATAKA","20/08/2026","J-12012/03/2026-RE-IV Sl.No.11 (SPARSH 20)","WAGE_DAILY_SANCTION","https://mnregaweb4.nic.in/RMS/WriteReadData/SancAttachments/VBGRAMG/J-12012$03$2026-RE-IVSlNo11(SPARSH20).pdf","documents\DOC252.pdf","d5bd6a4921ff5f9e6d9c9966867dc41e171f4e7fbc55d4c014bb63a6d1af7092","323.55295","PENDING","False"
"DOC253","253","KARNATAKA","20/08/2026","J-12012/03/2026-RE-IV Sl.No.11 (SPARSH 19)","WAGE_DAILY_SANCTION","https://mnregaweb4.nic.in/RMS/WriteReadData/SancAttachments/VBGRAMG/J-12012$03$2026-RE-IVSlNo11(SPARSH19).pdf","documents\DOC253.pdf","fa4014c858a8aa88a4cf9021dfb8dd35b33ce03f6e2ae7a5b842ada7e7df35fd","133.26561","PENDING","False"
"DOC254","254","KARNATAKA","19/08/2026","J-12012/03/2026-RE-IV Sl.No.11 (SPARSH 18)","WAGE_DAILY_SANCTION","https://mnregaweb4.nic.in/RMS/WriteReadData/SancAttachments/VBGRAMG/J-12012$03$2026-RE-IVSlNo11(SPARSH18).pdf","documents\DOC254.pdf","0e4632ea2766308f2ea2e57a84b1d6f865ecfe91ce10f42ba13ef7c3dc602540","70.2906","PENDING","False"
"DOC255","255","KARNATAKA","19/08/2026","J-12012/03/2026-RE-IV Sl.No.11 (SPARSH 17)","WAGE_DAILY_SANCTION","https://mnregaweb4.nic.in/RMS/WriteReadData/SancAttachments/VBGRAMG/J-12012$03$2026-RE-IVSlNo11(SPARSH17).pdf","documents\DOC255.pdf","144aa40b925766847e4d54027d72de12d23821d10923d1c5ea678b6a5ab31846","96.65642","PENDING","False"
"DOC256","256","KARNATAKA","13/08/2026","J-12012/03/2026-RE-IV Sl.No.11 (SPARSH 16)","WAGE_DAILY_SANCTION","https://mnregaweb4.nic.in/RMS/WriteReadData/SancAttachments/VBGRAMG/J-12012$03$2026-RE-IVSlNo11(SPARSH16).pdf","documents\DOC256.pdf","fc51d50e36b2e607d215905b3cd014242ee56749fcbb7f7b2b67adbd659fb480","74.43376","PENDING","False"
"DOC257","257","KARNATAKA","13/08/2026","J-12012/03/2026-RE-IV Sl.No.11 (SPARSH 15)","WAGE_DAILY_SANCTION","https://mnregaweb4.nic.in/RMS/WriteReadData/SancAttachments/VBGRAMG/J-12012$03$2026-RE-IVSlNo11(SPARSH15).pdf","documents\DOC257.pdf","1a4232a42e8621534caf761f60f6a061a52391f7c7933e25e562f4ba95484ab2","36.25573","PENDING","False"
"DOC258","258","KARNATAKA","13/08/2026","J-12012/03/2026-RE-IV Sl.No.11 (SPARSH 14)","WAGE_DAILY_SANCTION","https://mnregaweb4.nic.in/RMS/WriteReadData/SancAttachments/VBGRAMG/J-12012$03$2026-RE-IVSlNo11(SPARSH14).pdf","documents\DOC258.pdf","5d783e1ad57ee6a1002e21303f374ee00b7fc51ab3f67c5f5ac673024de7ed0b","35.58741","PENDING","False"
"DOC259","259","KARNATAKA","12/08/2026","J-12012/03/2026-RE-IV Sl.No.11 (SPARSH 13)","WAGE_DAILY_SANCTION","https://mnregaweb4.nic.in/RMS/WriteReadData/SancAttachments/VBGRAMG/J-12012$03$2026-RE-IVSlNo11(SPARSH13).pdf","documents\DOC259.pdf","93e47d3b42a25e0d79bc7ae7a26bb0f66309e5794d7844a63c1d3ca651bdac44","64.57182","PENDING","False"
"DOC260","260","KARNATAKA","11/08/2026","J-12012/03/2026-RE-IV Sl.No.11 (SPARSH 12)","WAGE_DAILY_SANCTION","https://mnregaweb4.nic.in/RMS/WriteReadData/SancAttachments/VBGRAMG/J-12012$03$2026-RE-IVSlNo11(SPARSH12).pdf","documents\DOC260.pdf","ec8038ece87ce34a616ee1bc6c13fd9c3603ce89581bb226580143897cfc9043","38.48839","PENDING","False"
"DOC261","261","KARNATAKA","11/08/2026","J-12012/03/2026-RE-IV Sl.No.11 (SPARSH 11)","WAGE_DAILY_SANCTION","https://mnregaweb4.nic.in/RMS/WriteReadData/SancAttachments/VBGRAMG/J-12012$03$2026-RE-IVSlNo11(SPARSH11).pdf","documents\DOC261.pdf","35876bd5a685b6f5724b5cc24b57af838fb37841a26e6f0caf700147c6eed826","21.29582","PENDING","False"
"DOC262","262","KARNATAKA","10/08/2026","J-12012/03/2026-RE-IV Sl.No.11 (SPARSH 10)","WAGE_DAILY_SANCTION","https://mnregaweb4.nic.in/RMS/WriteReadData/SancAttachments/VBGRAMG/J-12012$03$2026-RE-IVSlNo11(SPARSH10).pdf","documents\DOC262.pdf","77337d19b1d3974d7124db31d17b011d22e9448a3a3f0357fca4315ecf5febaa","124.76406","PENDING","False"
"DOC263","263","KARNATAKA","07/08/2026","J-12012/03/2026-RE-IV Sl.No.11 (SPARSH 9)","WAGE_DAILY_SANCTION","https://mnregaweb4.nic.in/RMS/WriteReadData/SancAttachments/VBGRAMG/J-12012$03$2026-RE-IVSlNo11(SPARSH9).pdf","documents\DOC263.pdf","7e313da9bc423791cfb2c6b91b38275fb6af4b20ca8be143e738d36944b23e05","76.61428","PENDING","False"
"DOC264","264","KARNATAKA","06/08/2026","J-12012/03/2026-RE-IV Sl.No.11 (SPARSH 8)","WAGE_DAILY_SANCTION","https://mnregaweb4.nic.in/RMS/WriteReadData/SancAttachments/VBGRAMG/J-12012$03$2026-RE-IVSlNo11(SPARSH8).pdf","documents\DOC264.pdf","0d8e2b56cf6d39d847c71e5db628b8229a57b867a99ae3c9e8ac08f36ebd8d5f","127.04753","PENDING","False"
"DOC265","265","KARNATAKA","03/08/2026","J-12012/03/2026-RE-IV Sl.No.11 (SPARSH 7)","WAGE_DAILY_SANCTION","https://mnregaweb4.nic.in/RMS/WriteReadData/SancAttachments/VBGRAMG/J-12012$03$2026-RE-IVSlNo11(SPARSH7).pdf","documents\DOC265.pdf","6ba9f49567f9882220c7a82e903601f215118f99a216754ab568dc8d3f9cee89","4.14217","PENDING","False"
"DOC266","266","KARNATAKA","03/08/2026","J-12012/03/2026-RE-IV Sl.No.11 (SPARSH 6)","WAGE_DAILY_SANCTION","https://mnregaweb4.nic.in/RMS/WriteReadData/SancAttachments/VBGRAMG/J-12012$03$2026-RE-IVSlNo11(SPARSH6).pdf","documents\DOC266.pdf","3ebad1d554fa28f43463019a71e200fac3e018fd8a5aa70847b9c7fcc22b7863","5.82182","PENDING","False"
"DOC267","267","KARNATAKA","03/08/2026","J-12012/03/2026-RE-IV Sl.No.11 (SPARSH 5)","WAGE_DAILY_SANCTION","https://mnregaweb4.nic.in/RMS/WriteReadData/SancAttachments/VBGRAMG/J-12012$03$2026-RE-IVSlNo11(SPARSH5).pdf","documents\DOC267.pdf","77205189d15a320f193447162962d8209a79014ab020a9f62ea9cb1d255ae5ec","10.8557","PENDING","False"
"DOC268","268","KARNATAKA","03/08/2026","J-12012/03/2026-RE-IV Sl.No.11 (SPARSH 4)","WAGE_DAILY_SANCTION","https://mnregaweb4.nic.in/RMS/WriteReadData/SancAttachments/VBGRAMG/J-12012$03$2026-RE-IVSlNo11(SPARSH4).pdf","documents\DOC268.pdf","76d1973ad880ea590f9645b18322e2b7132cb920d145bfc93733550d607b6b7f","2.45616","PENDING","False"
"DOC269","269","KARNATAKA","22/07/2026","J-12012/03/2026-RE-IV Sl.No.11 (3)","WAGE_DAILY_SANCTION","https://mnregaweb4.nic.in/RMS/WriteReadData/SancAttachments/VBGRAMG/J-12012$03$2026-RE-IVSlNo11(3).pdf","documents\DOC269.pdf","209d51ed45cc80f50b28d21ba77be30353c869b8d0bff85627b6d8f6b92deb9f","0.70041","PENDING","False"
"DOC270","270","KARNATAKA","22/07/2026","J-12012/03/2026-RE-IV Sl.No.11 (2)","WAGE_DAILY_SANCTION","https://mnregaweb4.nic.in/RMS/WriteReadData/SancAttachments/VBGRAMG/J-12012$03$2026-RE-IVSlNo11(2).pdf","documents\DOC270.pdf","dbcc8b1d4526a443b4d1d6732a9dee581ed55d3ca7278a6b667450f9903ba4da","0.567","PENDING","False"
"DOC271","271","KARNATAKA","22/07/2026","J-12012/03/2026-RE-IV Sl.No.11 (1)","WAGE_DAILY_SANCTION","https://mnregaweb4.nic.in/RMS/WriteReadData/SancAttachments/VBGRAMG/J-12012$03$2026-RE-IVSlNo11(1).pdf","documents\DOC271.pdf","dace0d7cf69f9e1079704222d91e6df291e80cfde0fa3bb0c1bb68ad45259411","1.55066","PENDING","False"
"DOC272","272","KERALA","12/08/2026","J-12020012026RE-VIIIKerala (395800)Sl No 12 (268786) (33)","WAGE_DAILY_SANCTION","https://mnregaweb4.nic.in/RMS/WriteReadData/SancAttachments/VBGRAMG/J-12020012026RE-VIIIKerala(395800)SlNo12(268786)(33).pdf","documents\DOC272.pdf","113dda5e7c4cf85700b854a109c2a03725fc36dc54fe42d58350a146a9203b77","130.79996","PENDING","False"
"DOC273","273","KERALA","12/08/2026","J-12020012026RE-VIIIKerala (395800)Sl No 12 (268711) (32)","WAGE_DAILY_SANCTION","https://mnregaweb4.nic.in/RMS/WriteReadData/SancAttachments/VBGRAMG/J-12020012026RE-VIIIKerala(395800)SlNo12(268711)(32).pdf","documents\DOC273.pdf","fac93cda2b809824824d10f02bf8dffa840b4572613ef1db9b6eae52439f067d","173.14731","PENDING","False"
"DOC274","274","KERALA","12/08/2026","J-12020012026RE-VIIIKerala (395800)Sl No 12 (268550) (31)","WAGE_DAILY_SANCTION","https://mnregaweb4.nic.in/RMS/WriteReadData/SancAttachments/VBGRAMG/J-12020012026RE-VIIIKerala(395800)SlNo12(268550)(31).pdf","documents\DOC274.pdf","8a79e76dbbc0f2f06d1aeaa233ef519d3fd0ba63642ff75c322b1bb943ff42d1","59.92208","PENDING","False"
"DOC275","275","KERALA","12/08/2026","J-12020012026RE-VIIIKerala (395800)Sl No 12 (268549) (30)","WAGE_DAILY_SANCTION","https://mnregaweb4.nic.in/RMS/WriteReadData/SancAttachments/VBGRAMG/J-12020012026RE-VIIIKerala(395800)SlNo12(268549)(30).pdf","documents\DOC275.pdf","e6cb392a0db77aa9a5d32d0dcef5631381ae6f76d77c81b4baf82dd14803b06f","236.13459","PENDING","False"
"DOC276","276","KERALA","12/08/2026","J-12020012026RE-VIIIKerala (395800)Sl No 12 (268185) (29)","WAGE_DAILY_SANCTION","https://mnregaweb4.nic.in/RMS/WriteReadData/SancAttachments/VBGRAMG/J-12020012026RE-VIIIKerala(395800)SlNo12(268185)(29).pdf","documents\DOC276.pdf","ed83c2dd622e8f861e3977d8925eb962917642289d1fb99387659deb80d05471","230.8223","PENDING","False"
"DOC277","277","KERALA","12/08/2026","J-12020012026RE-VIIIKerala (395800)Sl No 12 (267964) (28)","WAGE_DAILY_SANCTION","https://mnregaweb4.nic.in/RMS/WriteReadData/SancAttachments/VBGRAMG/J-12020012026RE-VIIIKerala(395800)SlNo12(267964)(28).pdf","documents\DOC277.pdf","6e377b2429ddcf29002b2f303cb0542e67eb2eb0614d66a60af9b874848bb3af","111.4213","PENDING","False"
"DOC278","278","KERALA","12/08/2026","J-12020012026RE-VIIIKerala (395800)Sl No 12 (267963) (27)","WAGE_DAILY_SANCTION","https://mnregaweb4.nic.in/RMS/WriteReadData/SancAttachments/VBGRAMG/J-12020012026RE-VIIIKerala(395800)SlNo12(267963)(27).pdf","documents\DOC278.pdf","2d0c3f759d4be39473cbcef75aa78060851685db1cf81279b3db3fea6a75646b","284.52294","PENDING","False"
"DOC279","279","KERALA","11/08/2026","J-12020012026RE-VIIIKerala (395800)Sl.No.12 (266485) (15)","WAGE_DAILY_SANCTION","https://mnregaweb4.nic.in/RMS/WriteReadData/SancAttachments/VBGRAMG/J-12020012026RE-VIIIKerala(395800)SlNo12(266485)(15).pdf","documents\DOC279.pdf","7668fd9b2e3cb1e3e2dd08643bdeb3322991b80dc96734ed52e45f74d60756cf","116.63746","PENDING","False"
"DOC280","280","KERALA","11/08/2026","J-12020012026RE-VIIIKerala (395800)Sl No 12 (267122) (26)","WAGE_DAILY_SANCTION","https://mnregaweb4.nic.in/RMS/WriteReadData/SancAttachments/VBGRAMG/J-12020012026RE-VIIIKerala(395800)SlNo12(267122)(26).pdf","documents\DOC280.pdf","2f89a92812c834e43372f703b3106ea4c445dfc372759513740e385b63b975ec","178.28605","PENDING","False"
"DOC281","281","KERALA","11/08/2026","J-12020012026RE-VIIIKerala (395800)Sl No 12 (267121) (25)","WAGE_DAILY_SANCTION","https://mnregaweb4.nic.in/RMS/WriteReadData/SancAttachments/VBGRAMG/J-12020012026RE-VIIIKerala(395800)SlNo12(267121)(25).pdf","documents\DOC281.pdf","1902a7762acb796d54029d97badcfa34cd32a217d0089f25d5b66056072f8611","253.63111","PENDING","False"
"DOC282","282","KERALA","11/08/2026","J-12020012026RE-VIIIKerala (395800)Sl No 12 (267088) (24)","WAGE_DAILY_SANCTION","https://mnregaweb4.nic.in/RMS/WriteReadData/SancAttachments/VBGRAMG/J-12020012026RE-VIIIKerala(395800)SlNo12(267088)(24).pdf","documents\DOC282.pdf","cb5b9ef1a66c8a0cc7d29c8fc85de32ad227b0000985b112d5a209e63defda11","125.51999","PENDING","False"
"DOC283","283","KERALA","11/08/2026","J-12020012026RE-VIIIKerala (395800)Sl No 12 (267020) (23)","WAGE_DAILY_SANCTION","https://mnregaweb4.nic.in/RMS/WriteReadData/SancAttachments/VBGRAMG/J-12020012026RE-VIIIKerala(395800)SlNo12(267020)(23).pdf","documents\DOC283.pdf","c51d0381e370471aefb75dbe4d078567e9a23e815a334172935c6de9edf0fae5","175.52104","PENDING","False"
"DOC284","284","KERALA","11/08/2026","J-12020012026RE-VIIIKerala (395800)Sl No 12 (266977) (22)","WAGE_DAILY_SANCTION","https://mnregaweb4.nic.in/RMS/WriteReadData/SancAttachments/VBGRAMG/J-12020012026RE-VIIIKerala(395800)SlNo12(266977)(22).pdf","documents\DOC284.pdf","b6a4b092ebc3da5f160123fd258453f4171c325fef0e29fb81f97d1c4be5314e","217.84818","PENDING","False"
"DOC285","285","KERALA","11/08/2026","J-12020012026RE-VIIIKerala (395800)Sl No 12 (266964) (21)","WAGE_DAILY_SANCTION","https://mnregaweb4.nic.in/RMS/WriteReadData/SancAttachments/VBGRAMG/J-12020012026RE-VIIIKerala(395800)SlNo12(266964)(21).pdf","documents\DOC285.pdf","55444fb0dfafdff722ea6eb255ea7ddb5f43fffc51e8653a634d0222337e8481","280.05734","PENDING","False"
"DOC286","286","KERALA","11/08/2026","J-12020012026RE-VIIIKerala (395800)Sl No 12 (266960) (20)","WAGE_DAILY_SANCTION","https://mnregaweb4.nic.in/RMS/WriteReadData/SancAttachments/VBGRAMG/J-12020012026RE-VIIIKerala(395800)SlNo12(266960)(20).pdf","documents\DOC286.pdf","cd6f3800b062c1f71bda2b7f58815e8342aab5b5a94b519d85c01e6a59c67221","293.67576","PENDING","False"
"DOC287","287","KERALA","11/08/2026","J-12020012026RE-VIIIKerala (395800)Sl No 12 (266917) (19)","WAGE_DAILY_SANCTION","https://mnregaweb4.nic.in/RMS/WriteReadData/SancAttachments/VBGRAMG/J-12020012026RE-VIIIKerala(395800)SlNo12(266917)(19).pdf","documents\DOC287.pdf","5ff0040749c82069b11b1304a99caecbaba69c3d7d1fd79e384a789d61f0fb0b","211.97576","PENDING","False"
"DOC288","288","KERALA","11/08/2026","J-12020012026RE-VIIIKerala (395800)Sl No 12 (266701) (18)","WAGE_DAILY_SANCTION","https://mnregaweb4.nic.in/RMS/WriteReadData/SancAttachments/VBGRAMG/J-12020012026RE-VIIIKerala(395800)SlNo12(266701)(18).pdf","documents\DOC288.pdf","5d3c9a87cef9cf94b9c5b6f0d16ab5c3f384852cf5c443ef8bad2ba5cb7d0a57","188.5265","PENDING","False"
"DOC289","289","KERALA","11/08/2026","J-12020012026RE-VIIIKerala (395800)Sl No 12 (266634) (17)","WAGE_DAILY_SANCTION","https://mnregaweb4.nic.in/RMS/WriteReadData/SancAttachments/VBGRAMG/J-12020012026RE-VIIIKerala(395800)SlNo12(266634)(17).pdf","documents\DOC289.pdf","2950188e072c30683e91c912d95f85ac54f953d59b402fd7c3e488c54008f365","164.93814","PENDING","False"
"DOC290","290","KERALA","11/08/2026","J-12020012026RE-VIIIKerala (395800)Sl No 12 (266545) (16)","WAGE_DAILY_SANCTION","https://mnregaweb4.nic.in/RMS/WriteReadData/SancAttachments/VBGRAMG/J-12020012026RE-VIIIKerala(395800)SlNo12(266545)(16).pdf","documents\DOC290.pdf","fffea2e3fbc25dfff6bb8cce6c4cdcb82d455f27f68ef8eb89645461690e5dd6","235.93562","PENDING","False"
"DOC291","291","KERALA","11/08/2026","J-12020012026RE-VIII Kerala (395800)Sl No12 (263640) (12)","WAGE_DAILY_SANCTION","https://mnregaweb4.nic.in/RMS/WriteReadData/SancAttachments/VBGRAMG/J-12020012026RE-VIIIKerala(395800)SlNo12(263640)(12).pdf","documents\DOC291.pdf","dafae6b47e66e9f31594c83365adee19da8b869d9aea331f8fdfbe377d51de26","206.68193","PENDING","False"
"DOC292","292","KERALA","11/08/2026","J-12020012026RE-VIII Kerala (395800)Sl No 12 (266484) (14)","WAGE_DAILY_SANCTION","https://mnregaweb4.nic.in/RMS/WriteReadData/SancAttachments/VBGRAMG/J-12020012026RE-VIIIKerala(395800)SlNo12(266484)(14).pdf","documents\DOC292.pdf","a12957ae991c044d90a5bc7d532f1cb9fa030efa3dee2f6d8154961ae13cdd0b","200.97942","PENDING","False"
"DOC293","293","KERALA","10/08/2026","J-12020012026RE-VIII Kerala (395800)Sl No 12 (266309) (13)","WAGE_DAILY_SANCTION","https://mnregaweb4.nic.in/RMS/WriteReadData/SancAttachments/VBGRAMG/J-12020012026RE-VIIIKerala(395800)SlNo12(266309)(13).pdf","documents\DOC293.pdf","64b1b64f8f8ce41656ec974f2d17f62a2956dfb168379cde153640541bc608ac","37.91843","PENDING","False"
"DOC294","294","KERALA","07/08/2026","J-12020012026RE-VIII Kerala (395800)Sl No12 (263640) (11)","WAGE_DAILY_SANCTION","https://mnregaweb4.nic.in/RMS/WriteReadData/SancAttachments/VBGRAMG/J-12020012026RE-VIIIKerala(395800)SlNo12(263640)(11).pdf","documents\DOC294.pdf","3d058e3522b480faf4278d04ed6a0e056e9f0e2961a7cca30ca3c6f646dd420c","60.66104","PENDING","False"
"DOC295","295","KERALA","06/08/2026","J-12020012026RE-VIII Kerala (395800)Sl No12 (262605) (10)","WAGE_DAILY_SANCTION","https://mnregaweb4.nic.in/RMS/WriteReadData/SancAttachments/VBGRAMG/J-12020012026RE-VIIIKerala(395800)SlNo12(262605)(10).pdf","documents\DOC295.pdf","ace9e4b29e20d2610c9cff3628bbbd96c9c0d934d4a056fdfb5d004df5c46dff","14.50612","PENDING","False"
"DOC296","296","KERALA","06/08/2026","J-12020012026RE-VIII Kerala (395800)Sl No12 (262423) (09)","WAGE_DAILY_SANCTION","https://mnregaweb4.nic.in/RMS/WriteReadData/SancAttachments/VBGRAMG/J-12020012026RE-VIIIKerala(395800)SlNo12(262423)(09).pdf","documents\DOC296.pdf","91d1ddf95480d5fa01a44f769985fb0ba4726fe332087bfacf35d24db0f78cbf","44.34686","PENDING","False"
"DOC297","297","KERALA","05/08/2026","J-12020012026RE-VIII Kerala (395800)Sl No12 (261390) (08)","WAGE_DAILY_SANCTION","https://mnregaweb4.nic.in/RMS/WriteReadData/SancAttachments/VBGRAMG/J-12020012026RE-VIIIKerala(395800)SlNo12(261390)(08).pdf","documents\DOC297.pdf","ee3b59c97360cfbf86b6e97d5d633b778d00358e747854a61c6d591adbe8cd02","30.05553","PENDING","False"
"DOC298","298","KERALA","04/08/2026","J-12020012026RE-VIII Kerala (395800)Sl No 12 (259658) (07)","WAGE_DAILY_SANCTION","https://mnregaweb4.nic.in/RMS/WriteReadData/SancAttachments/VBGRAMG/J-12020012026RE-VIIIKerala(395800)SlNo12(259658)(07).pdf","documents\DOC298.pdf","bf842bf05fe7342c62c39d16806e2a3bd7edd2edfe4f9c7cd5f983d187b5c705","19.06376","PENDING","False"
"DOC299","299","KERALA","03/08/2026","J-12020012026RE-VIII Kerala (395800)Sl No 12 (259124) (06)","WAGE_DAILY_SANCTION","https://mnregaweb4.nic.in/RMS/WriteReadData/SancAttachments/VBGRAMG/J-12020012026RE-VIIIKerala(395800)SlNo12(259124)(06).pdf","documents\DOC299.pdf","40ec63440ecad18bc43be1e60a9f7a0a0cf98a04e5ab3c311cad797a71425125","42.92851","PENDING","False"
"DOC300","300","KERALA","03/08/2026","J-12020012026RE-VIII Kerala (395800)Sl No 12 (258372) (02)","WAGE_DAILY_SANCTION","https://mnregaweb4.nic.in/RMS/WriteReadData/SancAttachments/VBGRAMG/J-12020012026RE-VIIIKerala(395800)SlNo12(258372)(02).pdf","documents\DOC300.pdf","b729ba1428ddee79e7164b9b6d65a6ae2ac6dd84e516a4a4c7db62115e2d4904","29.81073","PENDING","False"
"DOC301","301","KERALA","03/08/2026","J-12020012026RE VIIIKerala (395800)Sl.No.12 (258415) (04)","WAGE_DAILY_SANCTION","https://mnregaweb4.nic.in/RMS/WriteReadData/SancAttachments/VBGRAMG/J-12020012026REVIIIKerala(395800)SlNo12(258415)(04).pdf","documents\DOC301.pdf","a2f2775821d6bde2366f8d3093cb1e776ba9c82281dc5fb04115008943985ec6","37.92584","PENDING","False"
"DOC302","302","KERALA","03/08/2026","J-12020012026RE VIIIKerala (395800)Sl No12 (258373) (03)","WAGE_DAILY_SANCTION","https://mnregaweb4.nic.in/RMS/WriteReadData/SancAttachments/VBGRAMG/J-12020012026REVIIIKerala(395800)SlNo12(258373)(03).pdf","documents\DOC302.pdf","67715962f159fda8e622530ad867db5ddddbeeadb861d91997c01eb7ca93f213","76.37476","PENDING","False"
"DOC303","303","KERALA","03/08/2026","J-12020012026RE VIII Kerala (395800)Sl No12 (259005) (05)","WAGE_DAILY_SANCTION","https://mnregaweb4.nic.in/RMS/WriteReadData/SancAttachments/VBGRAMG/J-12020012026REVIIIKerala(395800)SlNo12(259005)(05).pdf","documents\DOC303.pdf","0abbd1c8ac22f0793af14ee7e33c8cc18aff7e88c51b2c3d33dbc1414495662e","60.4405","PENDING","False"
"DOC304","304","KERALA","30/07/2026","J-12020012026RE-VIIIKerala (395800)Sl.No.12 (256586) (01)","WAGE_DAILY_SANCTION","https://mnregaweb4.nic.in/RMS/WriteReadData/SancAttachments/VBGRAMG/J-12020012026RE-VIIIKerala(395800)SlNo12(256586)(01).pdf","documents\DOC304.pdf","a954dccd2e98b1205a506f4d8d2d5f327f4b52ceaccb5853503e62e6e3718ce8","0.51446","PENDING","False"
"DOC305","305","MADHYA PRADESH","13/08/2026","J-12011/02/2026-RE-IV SI. No.13 (SPARSH-18)","WAGE_DAILY_SANCTION","https://mnregaweb4.nic.in/RMS/WriteReadData/SancAttachments/VBGRAMG/J-12011$02$2026-RE-IVSINo13(SPARSH-18).pdf","documents\DOC305.pdf","d75cd741fa2541e8a267fef81d95c86ebf75982d9924179a2ed20f481218bdf6","1.45821","PENDING","False"
"DOC306","306","MADHYA PRADESH","12/08/2026","J-12011/02/2026-RE-IV SI. No.13 (SPARSH-17)","WAGE_DAILY_SANCTION","https://mnregaweb4.nic.in/RMS/WriteReadData/SancAttachments/VBGRAMG/J-12011$02$2026-RE-IVSINo13(SPARSH-17).pdf","documents\DOC306.pdf","7d90be82221422f66edb73fb0782038e82e7904609959c8bbceb572a5c93a10a","8.05342","PENDING","False"
"DOC307","307","MADHYA PRADESH","11/08/2026","J-12011/02/2026-RE-IV SI. No.13 (SPARSH-16)","WAGE_DAILY_SANCTION","https://mnregaweb4.nic.in/RMS/WriteReadData/SancAttachments/VBGRAMG/J-12011$02$2026-RE-IVSINo13(SPARSH-16).pdf","documents\DOC307.pdf","14f64d55f2d5f6843c264de28da0b657a33466268527d11353007d28930c1ec3","8.32555","PENDING","False"
"DOC308","308","MADHYA PRADESH","10/08/2026","J-12011/02/2026-RE-IV SI. No.13 (SPARSH-15)","WAGE_DAILY_SANCTION","https://mnregaweb4.nic.in/RMS/WriteReadData/SancAttachments/VBGRAMG/J-12011$02$2026-RE-IVSINo13(SPARSH-15).pdf","documents\DOC308.pdf","9a10df70739c40ae6360e7483c39f556d49cd1344e8f9ba95afbc268e5c33846","25.01616","PENDING","False"
"DOC309","309","MADHYA PRADESH","06/08/2026","J-12011/02/2026-RE-IV SI. No.13 (SPARSH-14)","WAGE_DAILY_SANCTION","https://mnregaweb4.nic.in/RMS/WriteReadData/SancAttachments/VBGRAMG/J-12011$02$2026-RE-IVSINo13(SPARSH-14).pdf","documents\DOC309.pdf","ccf88cee719e925fd902f57cba7585289cb7988a60f80c8a7b71a9fd9e5f4b52","14.04976","PENDING","False"
"DOC310","310","MADHYA PRADESH","06/08/2026","J-12011/02/2026-RE-IV SI. No.13 (SPARSH-13)","WAGE_DAILY_SANCTION","https://mnregaweb4.nic.in/RMS/WriteReadData/SancAttachments/VBGRAMG/J-12011$02$2026-RE-IVSINo13(SPARSH-13).pdf","documents\DOC310.pdf","11a419b1bf6db1d84f02adf683a8ae2528b302ff5969172977e888ef97e61027","3.5622","PENDING","False"
"DOC311","311","MADHYA PRADESH","06/08/2026","J-12011/02/2026-RE-IV SI. No.13 (SPARSH-12)","WAGE_DAILY_SANCTION","https://mnregaweb4.nic.in/RMS/WriteReadData/SancAttachments/VBGRAMG/J-12011$02$2026-RE-IVSINo13(SPARSH-12).pdf","documents\DOC311.pdf","6622d9ffc267453fa03c43a283603747aa6a64482eaa6771adac54237eea9418","3.75263","PENDING","False"
"DOC312","312","MADHYA PRADESH","06/08/2026","J-12011/02/2026-RE-IV SI. No.13 (SPARSH-11)","WAGE_DAILY_SANCTION","https://mnregaweb4.nic.in/RMS/WriteReadData/SancAttachments/VBGRAMG/J-12011$02$2026-RE-IVSINo13(SPARSH-11).pdf","documents\DOC312.pdf","7feb1afec61faa011fa840c30049968530049754ef4f32eeac0b5da19a8587a7","4.94298","PENDING","False"
"DOC313","313","MADHYA PRADESH","05/08/2026","J-12011/02/2026-RE-IV SI. No.13 (SPARSH-10)","WAGE_DAILY_SANCTION","https://mnregaweb4.nic.in/RMS/WriteReadData/SancAttachments/VBGRAMG/J-12011$02$2026-RE-IVSINo13(SPARSH-10).pdf","documents\DOC313.pdf","1bd654616a4e9b6ffa722a4bc594108ff9588f9dae8d08a302d16e31be38ee54","3.14385","PENDING","False"
"DOC314","314","MADHYA PRADESH","04/08/2026","J-12011/02/2026-RE-IV SI. No.13 (SPARSH-9)","WAGE_DAILY_SANCTION","https://mnregaweb4.nic.in/RMS/WriteReadData/SancAttachments/VBGRAMG/J-12011$02$2026-RE-IVSINo13(SPARSH-9).pdf","documents\DOC314.pdf","5ebb115ce088bc6bd21a65c75d6f92203d8ec5ad6daa4fa9003bfc0ba99dce3a","5.08459","PENDING","False"
"DOC315","315","MADHYA PRADESH","04/08/2026","J-12011/02/2026-RE-IV SI. No.13 (SPARSH-8)","WAGE_DAILY_SANCTION","https://mnregaweb4.nic.in/RMS/WriteReadData/SancAttachments/VBGRAMG/J-12011$02$2026-RE-IVSINo13(SPARSH-8).pdf","documents\DOC315.pdf","5cc46206ba01dba33452ceaf3102ea1880997a94550649fc033910ab9804e987","2.91194","PENDING","False"
"DOC316","316","MADHYA PRADESH","03/08/2026","J-12011/02/2026-RE-IV SI. No.13 (SPARSH-6)","WAGE_DAILY_SANCTION","https://mnregaweb4.nic.in/RMS/WriteReadData/SancAttachments/VBGRAMG/J-12011$02$2026-RE-IVSINo13(SPARSH-6).pdf","documents\DOC316.pdf","c5fd67928b62506c53de9e3bfe7a288955746293313fcaf323bab0ae9236fa26","7.71267","PENDING","False"
"DOC317","317","MADHYA PRADESH","31/07/2026","J-12011/02/2026-RE-IV SI. No.13 (SPARSH-5)","WAGE_DAILY_SANCTION","https://mnregaweb4.nic.in/RMS/WriteReadData/SancAttachments/VBGRAMG/J-12011$02$2026-RE-IVSINo13(SPARSH-5).pdf","documents\DOC317.pdf","6fceb50955afa0432fb1b4310fd67089f36d9afce59a4625a1f9318edd8a86a0","23.68951","PENDING","False"
"DOC318","318","MADHYA PRADESH","30/07/2026","J-12011/02/2026-RE-IV SI. No.13 (SPARSH-4)","WAGE_DAILY_SANCTION","https://mnregaweb4.nic.in/RMS/WriteReadData/SancAttachments/VBGRAMG/J-12011$02$2026-RE-IVSINo13(SPARSH-4).pdf","documents\DOC318.pdf","5c0eb1804c352f10720d11b6ec8efdb442b466d5110d8934c743068790d3ff45","7.09038","PENDING","False"
"DOC319","319","MADHYA PRADESH","30/07/2026","J-12011/02/2026-RE-IV SI. No.13 (SPARSH-3)","WAGE_DAILY_SANCTION","https://mnregaweb4.nic.in/RMS/WriteReadData/SancAttachments/VBGRAMG/J-12011$02$2026-RE-IVSINo13(SPARSH-3).pdf","documents\DOC319.pdf","a9514b96d16e69ff31d25f78702c675a2d0b1b2f8a9c806b78abb4d459397c7c","8.78853","PENDING","False"
"DOC320","320","MADHYA PRADESH","29/07/2026","J-12011/02/2026-RE-IV SI. No.13 (SPARSH-2)","WAGE_DAILY_SANCTION","https://mnregaweb4.nic.in/RMS/WriteReadData/SancAttachments/VBGRAMG/J-12011$02$2026-RE-IVSINo13(SPARSH-2).pdf","documents\DOC320.pdf","60496be40bc784074a4bd49e5349e6b8f71ae6a83d11f2f7526d43a174d7de13","0.6582","PENDING","False"
"DOC321","321","MADHYA PRADESH","29/07/2026","J-12011/02/2026-RE-IV SI. No.13 (SPARSH-1)","WAGE_DAILY_SANCTION","https://mnregaweb4.nic.in/RMS/WriteReadData/SancAttachments/VBGRAMG/J-12011$02$2026-RE-IVSINo13(SPARSH-1).pdf","documents\DOC321.pdf","2aae308698facce65927d5ad98600d75b1669cfac550f98ee0588f15065ed05b","8.11729","PENDING","False"
"DOC322","322","MADHYA PRADESH","03/07/2026","J-12011/02/2026-RE-IV SI. No.13 (SPARSH-7)","WAGE_DAILY_SANCTION","https://mnregaweb4.nic.in/RMS/WriteReadData/SancAttachments/VBGRAMG/J-12011$02$2026-RE-IVSINo13(SPARSH-7).pdf","documents\DOC322.pdf","0bcceb4a83e4846f1cb6f5607af5fae017ab5bb9716f8ca3e016f9545e4ab77b","18.42348","PENDING","False"
"DOC323","323","MAHARASHTRA","13/08/2026","J-14022/01/2026-RE-I (396160) Sl. No.14 3","WAGE_DAILY_SANCTION","https://mnregaweb4.nic.in/RMS/WriteReadData/SancAttachments/VBGRAMG/J-14022$01$2026-RE-I(396160)SlNo143.pdf","documents\DOC323.pdf","f3102074c1e983d83428ae8e9f7796c271ae8321d451d54897f747d144606e23","0.03994","PENDING","False"
"DOC324","324","MAHARASHTRA","12/08/2026","J-14022/01/2026-RE-I (396160) Sl. No.14 2","WAGE_DAILY_SANCTION","https://mnregaweb4.nic.in/RMS/WriteReadData/SancAttachments/VBGRAMG/J-14022$01$2026-RE-I(396160)SlNo142.pdf","documents\DOC324.pdf","f754bbc4d6cf876f68eb403fbfd1b4338eb5a797dcc1c1de6b141c353fb8ab12","0.13314","PENDING","False"
"DOC325","325","MAHARASHTRA","11/08/2026","J-14022/01/2026-RE-I (396160) Sl. No.14 1","WAGE_DAILY_SANCTION","https://mnregaweb4.nic.in/RMS/WriteReadData/SancAttachments/VBGRAMG/J-14022$01$2026-RE-I(396160)SlNo141.pdf","documents\DOC325.pdf","df0b26ca16662d78ac88ab37c69fa4ec13e7e8216c9a44c2f2ad2308bb5ce532","0.0932","PENDING","False"
"DOC326","326","NAGALAND","19/08/2026","J-11060/22/2026-RE-III Sl.No.18 (SPARSH 01)","WAGE_DAILY_SANCTION","https://mnregaweb4.nic.in/RMS/WriteReadData/SancAttachments/VBGRAMG/J-11060$22$2026-RE-IIISlNo18(SPARSH01).pdf","documents\DOC326.pdf","fea1ba16ef192f3ebc5b34529904659055cd7314105b67e8c05f52bdf5b0b3f9","0.135","PENDING","False"
"DOC327","327","ODISHA","24/08/2026","L-15060/08/2026-RE-VII/Sl.No.19 (SPARSH-12)","WAGE_DAILY_SANCTION","https://mnregaweb4.nic.in/RMS/WriteReadData/SancAttachments/VBGRAMG/L-15060$08$2026-RE-VII$SlNo19(SPARSH-12).pdf","documents\DOC327.pdf","3f68b8bbc300f8da385abacc5f80ffa6ade501ef06886e950af5f86833425532","374.70865","PENDING","False"
"DOC328","328","ODISHA","20/08/2026","L-15060/08/2026-RE-VII/Sl.No.19 (SPARSH-11)","WAGE_DAILY_SANCTION","https://mnregaweb4.nic.in/RMS/WriteReadData/SancAttachments/VBGRAMG/L-15060$08$2026-RE-VII$SlNo19(SPARSH-11).pdf","documents\DOC328.pdf","d680f03c4437a3c882fc9ee7956855393e935052048c65abbed3b659cefae4d8","268.80597","PENDING","False"
"DOC329","329","ODISHA","18/08/2026","L-15060/08/2026-RE-VII/Sl.No.19 (SPARSH-10)","WAGE_DAILY_SANCTION","https://mnregaweb4.nic.in/RMS/WriteReadData/SancAttachments/VBGRAMG/L-15060$08$2026-RE-VII$SlNo19(SPARSH-10).pdf","documents\DOC329.pdf","ca2efe5a2a9c2782b4df59766739726ce91c1c80f3b35f3c4b2db7c62e5e8e9b","339.81655","PENDING","False"
"DOC330","330","ODISHA","14/08/2026","L-15060/08/2026-RE-VII/Sl.No.19 (SPARSH-09)","WAGE_DAILY_SANCTION","https://mnregaweb4.nic.in/RMS/WriteReadData/SancAttachments/VBGRAMG/L-15060$08$2026-RE-VII$SlNo19(SPARSH-09).pdf","documents\DOC330.pdf","c91496516ac8f23762ce2b5a103d9ccca563431e9b9bfb09fd7867bddf671d20","498.43869","PENDING","False"
"DOC331","331","ODISHA","12/08/2026","L-15060/08/2026-RE-VII/Sl.No.19 (SPARSH-08)","WAGE_DAILY_SANCTION","https://mnregaweb4.nic.in/RMS/WriteReadData/SancAttachments/VBGRAMG/L-15060$08$2026-RE-VII$SlNo19(SPARSH-08).pdf","documents\DOC331.pdf","fac9f408b8d8e20b759b0e918f540f886b71d7d92aeea8a1d0c322eaf5b4750f","360.83645","PENDING","False"
"DOC332","332","ODISHA","11/08/2026","L-15060/08/2026-RE-VII/Sl.No.19 (SPARSH-07)","WAGE_DAILY_SANCTION","https://mnregaweb4.nic.in/RMS/WriteReadData/SancAttachments/VBGRAMG/L-15060$08$2026-RE-VII$SlNo19(SPARSH-07).pdf","documents\DOC332.pdf","51f598af497d4ca9dea420929dcde11bc6a1d8595eee4389f02ca5318d3f1ae8","180.4822","PENDING","False"
"DOC333","333","ODISHA","07/08/2026","L-15060/08/2026-RE-VII/Sl.No.19 (SPARSH-06)","WAGE_DAILY_SANCTION","https://mnregaweb4.nic.in/RMS/WriteReadData/SancAttachments/VBGRAMG/L-15060$08$2026-RE-VII$SlNo19(SPARSH-06).pdf","documents\DOC333.pdf","91b3962976622b29396cfa46872c08a2f2d0aa91cc29cede146db0db43117cd2","166.03357","PENDING","False"
"DOC334","334","ODISHA","03/08/2026","L-15060/08/2026-RE-VII/Sl.No.19 (SPARSH-05)","WAGE_DAILY_SANCTION","https://mnregaweb4.nic.in/RMS/WriteReadData/SancAttachments/VBGRAMG/L-15060$08$2026-RE-VII$SlNo19(SPARSH-05).pdf","documents\DOC334.pdf","2684c6b6bb9d67bf202392ef2e97752590956668ca74bf207e7a5ef94fbb6883","67.74295","PENDING","False"
"DOC335","335","ODISHA","28/07/2026","L-15060/08/2026-RE-VII Sl.No.19(SPARSH-04)","WAGE_DAILY_SANCTION","https://mnregaweb4.nic.in/RMS/WriteReadData/SancAttachments/VBGRAMG/L-15060$08$2026-RE-VIISlNo19(SPARSH-04).pdf","documents\DOC335.pdf","22764e8025cf5b413d96bc6bdf00a76c2fdecdf88435a16877d2813de223d8db","108.75041","PENDING","False"
"DOC336","336","ODISHA","24/07/2026","L-15060/08/2026-RE-VII/Sl.No.19(SPARSH-03)","WAGE_DAILY_SANCTION","https://mnregaweb4.nic.in/RMS/WriteReadData/SancAttachments/VBGRAMG/L-15060$08$2026-RE-VII$SlNo19(SPARSH-03).pdf","documents\DOC336.pdf","33d07c8cdc615ceace62e3d2b7370da3777d932e6814af079d44ff4393b54ed6","49.00792","PENDING","False"
"DOC337","337","ODISHA","23/07/2026","576/Finance/2026- 27 (Odisha Wage)-247851 (DBT SPARSH-02)","WAGE_DAILY_SANCTION","https://mnregaweb4.nic.in/RMS/WriteReadData/SancAttachments/VBGRAMG/576$Finance$2026-27(OdishaWage)-247851(DBTSPARSH-02).pdf","documents\DOC337.pdf","81b807b6f712330f807b06cd95b57e16f3c177d2f84cd2141760842a9750db11","105.80466","PENDING","False"
"DOC338","338","ODISHA","14/07/2026","576/Finance/2026- 27 (Odisha Wage)-240101 (DBT SPARSH-01)","WAGE_DAILY_SANCTION","https://mnregaweb4.nic.in/RMS/WriteReadData/SancAttachments/VBGRAMG/576$Finance$2026-27(OdishaWage)-240101(DBTSPARSH-01).pdf","documents\DOC338.pdf","ffdb069d1012d698f79f43183a9229df612fff17559079295d3766f7d9655304","1.81645","PENDING","False"
"DOC339","339","PUNJAB","19/08/2026","J-14028/01/2026-RE-I (396162) Sl. No. 20 (3)","WAGE_DAILY_SANCTION","https://mnregaweb4.nic.in/RMS/WriteReadData/SancAttachments/VBGRAMG/J-14028$01$2026-RE-I(396162)SlNo20(3).pdf","documents\DOC339.pdf","b3d9b3fd1bbf9d736d5dece31a97581f24157ab8aa158e743c8446596d1afbac","146.58044","PENDING","False"
"DOC340","340","PUNJAB","13/08/2026","J-14028/01/2026-RE-I (396162) Sl. No. 20 2","WAGE_DAILY_SANCTION","https://mnregaweb4.nic.in/RMS/WriteReadData/SancAttachments/VBGRAMG/J-14028$01$2026-RE-I(396162)SlNo202.pdf","documents\DOC340.pdf","368e79751fc0ead6d03d40c9c9ab080812c45eec46ef0965ffe9b86d1d7d64df","13.55161","PENDING","False"
"DOC341","341","PUNJAB","30/07/2026","J-14028/01/2026-RE-I (396162) Sl. No. 20 (1)","WAGE_DAILY_SANCTION","https://mnregaweb4.nic.in/RMS/WriteReadData/SancAttachments/VBGRAMG/J-14028$01$2026-RE-I(396162)SlNo20(1).pdf","documents\DOC341.pdf","149dc3984b5870d9673f319e5a49e8b92e0b7938f7428ed7b0a930f32d403230","0.59184","PENDING","False"
"DOC342","342","RAJASTHAN","20/08/2026","J-12015/03/2026-RE-IV Sl.No.21 (SPARSH 52)","WAGE_DAILY_SANCTION","https://mnregaweb4.nic.in/RMS/WriteReadData/SancAttachments/VBGRAMG/J-12015$03$2026-RE-IVSlNo21(SPARSH52).pdf","documents\DOC342.pdf","fc2473b99939e064da0b2356eb20cda5513aee445714d52eb551fe8f984db1b6","330.17887","PENDING","False"
"DOC343","343","RAJASTHAN","20/08/2026","J-12015/03/2026-RE-IV Sl.No.21 (SPARSH 51)","WAGE_DAILY_SANCTION","https://mnregaweb4.nic.in/RMS/WriteReadData/SancAttachments/VBGRAMG/J-12015$03$2026-RE-IVSlNo21(SPARSH51).pdf","documents\DOC343.pdf","a9c8cfe3e7226b113e4d54cb5dd6b23ed00e8a40dffa211ff722949ca5b6efde","214.25734","PENDING","False"
"DOC344","344","RAJASTHAN","19/08/2026","J-12015/03/2026-RE-IV Sl.No.21 (SPARSH 50)","WAGE_DAILY_SANCTION","https://mnregaweb4.nic.in/RMS/WriteReadData/SancAttachments/VBGRAMG/J-12015$03$2026-RE-IVSlNo21(SPARSH50).pdf","documents\DOC344.pdf","c92b410c5bfdac88b5c314e44db7239d436ac1f2ed0adcce257fe3e85847514f","357.65111","PENDING","False"
"DOC345","345","RAJASTHAN","19/08/2026","J-12015/03/2026-RE-IV Sl.No.21 (SPARSH 49)","WAGE_DAILY_SANCTION","https://mnregaweb4.nic.in/RMS/WriteReadData/SancAttachments/VBGRAMG/J-12015$03$2026-RE-IVSlNo21(SPARSH49).pdf","documents\DOC345.pdf","2e98a6aa7dbbe05affd719064915ac9ff37692eaa56c3debdd79d5d454ee879b","386.08776","PENDING","False"
"DOC346","346","RAJASTHAN","19/08/2026","J-12015/03/2026-RE-IV Sl.No.21 (SPARSH 48)","WAGE_DAILY_SANCTION","https://mnregaweb4.nic.in/RMS/WriteReadData/SancAttachments/VBGRAMG/J-12015$03$2026-RE-IVSlNo21(SPARSH48).pdf","documents\DOC346.pdf","5d43da37e12be75ad3ac906a363957a339344ea5876ef04a7a275eac11b75d9c","322.48935","PENDING","False"
"DOC347","347","RAJASTHAN","19/08/2026","J-12015/03/2026-RE-IV Sl.No.21 (SPARSH 47)","WAGE_DAILY_SANCTION","https://mnregaweb4.nic.in/RMS/WriteReadData/SancAttachments/VBGRAMG/J-12015$03$2026-RE-IVSlNo21(SPARSH47).pdf","documents\DOC347.pdf","e1db96c1596e41e2e86e31fa7a8cf6c0e8b7dffbb97ea6dfeb921b603424a79a","366.66958","PENDING","False"
"DOC348","348","RAJASTHAN","19/08/2026","J-12015/03/2026-RE-IV Sl.No.21 (SPARSH 46)","WAGE_DAILY_SANCTION","https://mnregaweb4.nic.in/RMS/WriteReadData/SancAttachments/VBGRAMG/J-12015$03$2026-RE-IVSlNo21(SPARSH46).pdf","documents\DOC348.pdf","8aced3d61ee92e73a18acd81be8f162f2884442bf9f4893f41a88adb55284cf4","324.86834","PENDING","False"
"DOC349","349","RAJASTHAN","18/08/2026","J-12015/03/2026-RE-IV Sl.No.21 (SPARSH 45)","WAGE_DAILY_SANCTION","https://mnregaweb4.nic.in/RMS/WriteReadData/SancAttachments/VBGRAMG/J-12015$03$2026-RE-IVSlNo21(SPARSH45).pdf","documents\DOC349.pdf","cf18cafe2c41c140167ff7ed82c4d5aac8513cb64fef1c84239f3971d053efd9","289.10486","PENDING","False"
"DOC350","350","RAJASTHAN","18/08/2026","J-12015/03/2026-RE-IV Sl.No.21 (SPARSH 44)","WAGE_DAILY_SANCTION","https://mnregaweb4.nic.in/RMS/WriteReadData/SancAttachments/VBGRAMG/J-12015$03$2026-RE-IVSlNo21(SPARSH44).pdf","documents\DOC350.pdf","76d6f94d8859171f7cc3b08b967ade6c15ed0b74869ff4637ab9d1006068182d","61.63458","PENDING","False"
"DOC351","351","RAJASTHAN","17/08/2026","J-12015/03/2026-RE-IV Sl.No.21 (SPARSH 43)","WAGE_DAILY_SANCTION","https://mnregaweb4.nic.in/RMS/WriteReadData/SancAttachments/VBGRAMG/J-12015$03$2026-RE-IVSlNo21(SPARSH43).pdf","documents\DOC351.pdf","74a4ed35b4d0a1f0362998916e94e6bf74e3e2967a4891029575885b3957f375","311.46056","PENDING","False"
"DOC352","352","RAJASTHAN","17/08/2026","J-12015/03/2026-RE-IV Sl.No.21 (SPARSH 42)","WAGE_DAILY_SANCTION","https://mnregaweb4.nic.in/RMS/WriteReadData/SancAttachments/VBGRAMG/J-12015$03$2026-RE-IVSlNo21(SPARSH42).pdf","documents\DOC352.pdf","e58c20ee27c56e1024536c5b7f43c56c1819e468267f4d6dea23a4bbbdc2ab1a","150.86753","PENDING","False"
"DOC353","353","RAJASTHAN","14/08/2026","J-12015/03/2026-RE-IV Sl.No.21 (SPARSH 41)","WAGE_DAILY_SANCTION","https://mnregaweb4.nic.in/RMS/WriteReadData/SancAttachments/VBGRAMG/J-12015$03$2026-RE-IVSlNo21(SPARSH41).pdf","documents\DOC353.pdf","310dfcfdc5cd3948eadec5e1f3cc51c041790cbdb0fc9a6520f82ab499c71e1b","303.77856","PENDING","False"
"DOC354","354","RAJASTHAN","14/08/2026","J-12015/03/2026-RE-IV Sl.No.21 (SPARSH 40)","WAGE_DAILY_SANCTION","https://mnregaweb4.nic.in/RMS/WriteReadData/SancAttachments/VBGRAMG/J-12015$03$2026-RE-IVSlNo21(SPARSH40).pdf","documents\DOC354.pdf","cbdbf961fde2278612078cca860931340e29a947da98ee0de21d862f72ab5b01","330.05878","PENDING","False"
"DOC355","355","RAJASTHAN","14/08/2026","J-12015/03/2026-RE-IV Sl.No.21 (SPARSH 39)","WAGE_DAILY_SANCTION","https://mnregaweb4.nic.in/RMS/WriteReadData/SancAttachments/VBGRAMG/J-12015$03$2026-RE-IVSlNo21(SPARSH39).pdf","documents\DOC355.pdf","05ab431d3ff942ddc8c06ab88c688669d83d53cedcbe32e9ab266830261b9f50","338.71411","PENDING","False"
"DOC356","356","RAJASTHAN","14/08/2026","J-12015/03/2026-RE-IV Sl.No.21 (SPARSH 38)","WAGE_DAILY_SANCTION","https://mnregaweb4.nic.in/RMS/WriteReadData/SancAttachments/VBGRAMG/J-12015$03$2026-RE-IVSlNo21(SPARSH38).pdf","documents\DOC356.pdf","9b8cfb1cbb031c49b31ef51429420c70e12f36445283051f5e18824b954a8d8c","220.68417","PENDING","False"
"DOC357","357","RAJASTHAN","13/08/2026","J-12015/03/2026-RE-IV Sl.No.21 (SPARSH 37)","WAGE_DAILY_SANCTION","https://mnregaweb4.nic.in/RMS/WriteReadData/SancAttachments/VBGRAMG/J-12015$03$2026-RE-IVSlNo21(SPARSH37).pdf","documents\DOC357.pdf","1871d334ce2bb4c6bf044b09bf78514857f165c64890ec0e38125d77ff0b571e","303.1838","PENDING","False"
"DOC358","358","RAJASTHAN","13/08/2026","J-12015/03/2026-RE-IV Sl.No.21 (SPARSH 36)","WAGE_DAILY_SANCTION","https://mnregaweb4.nic.in/RMS/WriteReadData/SancAttachments/VBGRAMG/J-12015$03$2026-RE-IVSlNo21(SPARSH36).pdf","documents\DOC358.pdf","f4d0de42d2d6d4e8a5d757ddf2e24863a27dee8bf173e82409d83a274a75e90f","319.77843","PENDING","False"
"DOC359","359","RAJASTHAN","13/08/2026","J-12015/03/2026-RE-IV Sl.No.21 (SPARSH 35)","WAGE_DAILY_SANCTION","https://mnregaweb4.nic.in/RMS/WriteReadData/SancAttachments/VBGRAMG/J-12015$03$2026-RE-IVSlNo21(SPARSH35).pdf","documents\DOC359.pdf","4aef05b686e62807f9295683fcbf90cc98832da7e53cd938892ad743b37e0d34","56.28091","PENDING","False"
"DOC360","360","RAJASTHAN","12/08/2026","J-12015/03/2026-RE-IV Sl.No.21 (SPARSH 34)","WAGE_DAILY_SANCTION","https://mnregaweb4.nic.in/RMS/WriteReadData/SancAttachments/VBGRAMG/J-12015$03$2026-RE-IVSlNo21(SPARSH34).pdf","documents\DOC360.pdf","b863e62986a369f7c392c8220ac1865b0e4d4a4d73e1a7365cc36959a6ef8e39","336.89224","PENDING","False"
"DOC361","361","RAJASTHAN","12/08/2026","J-12015/03/2026-RE-IV Sl.No.21 (SPARSH 33)","WAGE_DAILY_SANCTION","https://mnregaweb4.nic.in/RMS/WriteReadData/SancAttachments/VBGRAMG/J-12015$03$2026-RE-IVSlNo21(SPARSH33).pdf","documents\DOC361.pdf","4cc837bc0e115a1ea17411999b6f8cb8013ac2bc2f6bb4acc8f2dcdcae354c00","297.34303","PENDING","False"
"DOC362","362","RAJASTHAN","12/08/2026","J-12015/03/2026-RE-IV Sl.No.21 (SPARSH 32)","WAGE_DAILY_SANCTION","https://mnregaweb4.nic.in/RMS/WriteReadData/SancAttachments/VBGRAMG/J-12015$03$2026-RE-IVSlNo21(SPARSH32).pdf","documents\DOC362.pdf","c11de8211fb8f2da52b66a26eebb7c13b4777c5b27b86c5fef64605ca108a296","318.91504","PENDING","False"
"DOC363","363","RAJASTHAN","12/08/2026","J-12015/03/2026-RE-IV Sl.No.21 (SPARSH 31)","WAGE_DAILY_SANCTION","https://mnregaweb4.nic.in/RMS/WriteReadData/SancAttachments/VBGRAMG/J-12015$03$2026-RE-IVSlNo21(SPARSH31).pdf","documents\DOC363.pdf","95f97618ce0030d227d3341eef60f7842ef5fde836db68a50666b9685707aafb","89.31487","PENDING","False"
"DOC364","364","RAJASTHAN","11/08/2026","J-12015/03/2026-RE-IV Sl.No.21 (SPARSH 30)","WAGE_DAILY_SANCTION","https://mnregaweb4.nic.in/RMS/WriteReadData/SancAttachments/VBGRAMG/J-12015$03$2026-RE-IVSlNo21(SPARSH30).pdf","documents\DOC364.pdf","68231c33faee91be75f27b5213cc20db1bc19159a52da98d5e77dc214e47f0fd","70.75203","PENDING","False"
"DOC365","365","RAJASTHAN","11/08/2026","J-12015/03/2026-RE-IV Sl.No.21 (SPARSH 29)","WAGE_DAILY_SANCTION","https://mnregaweb4.nic.in/RMS/WriteReadData/SancAttachments/VBGRAMG/J-12015$03$2026-RE-IVSlNo21(SPARSH29).pdf","documents\DOC365.pdf","ba5d195b1954438ece1c5bac074391b014c09904a27c866e32f403f57af25e8f","321.2475","PENDING","False"
"DOC366","366","RAJASTHAN","11/08/2026","J-12015/03/2026-RE-IV Sl.No.21 (SPARSH 28)","WAGE_DAILY_SANCTION","https://mnregaweb4.nic.in/RMS/WriteReadData/SancAttachments/VBGRAMG/J-12015$03$2026-RE-IVSlNo21(SPARSH28).pdf","documents\DOC366.pdf","a8273317e9420e269b35d09bd754de6891c8b0ed02314040dcb83e8641268b80","295.17746","PENDING","False"
"DOC367","367","RAJASTHAN","11/08/2026","J-12015/03/2026-RE-IV Sl.No.21 (SPARSH 27)","WAGE_DAILY_SANCTION","https://mnregaweb4.nic.in/RMS/WriteReadData/SancAttachments/VBGRAMG/J-12015$03$2026-RE-IVSlNo21(SPARSH27).pdf","documents\DOC367.pdf","9f07c9e9a960e51b41cb992cb5a10e5eb74ff82a28d4275a4879a3d832e1695a","274.45973","PENDING","False"
"DOC368","368","RAJASTHAN","11/08/2026","J-12015/03/2026-RE-IV Sl.No.21 (SPARSH 26)","WAGE_DAILY_SANCTION","https://mnregaweb4.nic.in/RMS/WriteReadData/SancAttachments/VBGRAMG/J-12015$03$2026-RE-IVSlNo21(SPARSH26).pdf","documents\DOC368.pdf","a321456f8c8fa1f48d6c26a137b1bf0bcd7844500539f6b7d38aea23bd88ccc8","16.61835","PENDING","False"
"DOC369","369","RAJASTHAN","11/08/2026","J-12015/03/2026-RE-IV Sl.No.21 (SPARSH 25)","WAGE_DAILY_SANCTION","https://mnregaweb4.nic.in/RMS/WriteReadData/SancAttachments/VBGRAMG/J-12015$03$2026-RE-IVSlNo21(SPARSH25).pdf","documents\DOC369.pdf","a9e9771ff8ee5e369733aa785422b8e5a22da58ce0052d477bad995ff0bf1fe8","326.40816","PENDING","False"
"DOC370","370","RAJASTHAN","10/08/2026","J-12015/03/2026-RE-IV Sl.No.21 (SPARSH 24)","WAGE_DAILY_SANCTION","https://mnregaweb4.nic.in/RMS/WriteReadData/SancAttachments/VBGRAMG/J-12015$03$2026-RE-IVSlNo21(SPARSH24).pdf","documents\DOC370.pdf","24c917273495d49b93d70f5a9f854b05cd6efda17a9bb7a7c21367d629c05e90","52.42926","PENDING","False"
"DOC371","371","RAJASTHAN","07/08/2026","J-12015/03/2026-RE-IV Sl.No.21 (SPARSH 23)","WAGE_DAILY_SANCTION","https://mnregaweb4.nic.in/RMS/WriteReadData/SancAttachments/VBGRAMG/J-12015$03$2026-RE-IVSlNo21(SPARSH23).pdf","documents\DOC371.pdf","0534c05d459f37de23c299b2739363a1f0146eeae612fd542acf592884800792","249.68318","PENDING","False"
"DOC372","372","RAJASTHAN","07/08/2026","J-12015/03/2026-RE-IV Sl.No.21 (SPARSH 22)","WAGE_DAILY_SANCTION","https://mnregaweb4.nic.in/RMS/WriteReadData/SancAttachments/VBGRAMG/J-12015$03$2026-RE-IVSlNo21(SPARSH22).pdf","documents\DOC372.pdf","c6a7414d528d6a82411461d0e9519ffbd545b03fa06d031ea131cfa77562172f","297.54073","PENDING","False"
"DOC373","373","RAJASTHAN","07/08/2026","J-12015/03/2026-RE-IV Sl.No.21 (SPARSH 21)","WAGE_DAILY_SANCTION","https://mnregaweb4.nic.in/RMS/WriteReadData/SancAttachments/VBGRAMG/J-12015$03$2026-RE-IVSlNo21(SPARSH21).pdf","documents\DOC373.pdf","dc4fc31c6f5a3256518e9341f84378a91ff6b012a7ec0117fe53316f0560c1f3","279.6493","PENDING","False"
"DOC374","374","RAJASTHAN","05/08/2026","J-12015/03/2026-RE-IV Sl.No.21 (SPARSH 20)","WAGE_DAILY_SANCTION","https://mnregaweb4.nic.in/RMS/WriteReadData/SancAttachments/VBGRAMG/J-12015$03$2026-RE-IVSlNo21(SPARSH20).pdf","documents\DOC374.pdf","20c1736ead16b753a91a24efd998d511fe468d18e4eb66f7262852bcfc11e3af","281.43756","PENDING","False"
"DOC375","375","RAJASTHAN","05/08/2026","J-12015/03/2026-RE-IV Sl.No.21 (SPARSH 19)","WAGE_DAILY_SANCTION","https://mnregaweb4.nic.in/RMS/WriteReadData/SancAttachments/VBGRAMG/J-12015$03$2026-RE-IVSlNo21(SPARSH19).pdf","documents\DOC375.pdf","dac595f9cf5920ac22b8ddfaeee26294445a3ee42734b8f88a1db8a2716ca2a5","72.57342","PENDING","False"
"DOC376","376","RAJASTHAN","04/08/2026","J-12015/03/2026-RE-IV Sl.No.21 (SPARSH 18)","WAGE_DAILY_SANCTION","https://mnregaweb4.nic.in/RMS/WriteReadData/SancAttachments/VBGRAMG/J-12015$03$2026-RE-IVSlNo21(SPARSH18).pdf","documents\DOC376.pdf","4e7a7beb17c9a3fa132f31c4e2aa4745da4507121ba0866a820c683eebf581e9","200.97725","PENDING","False"
"DOC377","377","RAJASTHAN","03/08/2026","J-12015/03/2026-RE-IV Sl.No.21 (SPARSH 9)","WAGE_DAILY_SANCTION","https://mnregaweb4.nic.in/RMS/WriteReadData/SancAttachments/VBGRAMG/J-12015$03$2026-RE-IVSlNo21(SPARSH9).pdf","documents\DOC377.pdf","2bca0a887e30d85a9cf3aa0d875da3fab436978d75a9ab615563e6922055cfee","280.78103","PENDING","False"
"DOC378","378","RAJASTHAN","03/08/2026","J-12015/03/2026-RE-IV Sl.No.21 (SPARSH 8)","WAGE_DAILY_SANCTION","https://mnregaweb4.nic.in/RMS/WriteReadData/SancAttachments/VBGRAMG/J-12015$03$2026-RE-IVSlNo21(SPARSH8).pdf","documents\DOC378.pdf","c0f9eeb243fece77bf0ff7bf4065f1377bf65015284547f37e1944a6877f8d4d","215.90955","PENDING","False"
"DOC379","379","RAJASTHAN","03/08/2026","J-12015/03/2026-RE-IV Sl.No.21 (SPARSH 17)","WAGE_DAILY_SANCTION","https://mnregaweb4.nic.in/RMS/WriteReadData/SancAttachments/VBGRAMG/J-12015$03$2026-RE-IVSlNo21(SPARSH17).pdf","documents\DOC379.pdf","b340527df8e0a0451ad27e70269c7c4de587c9f0c71f277a1872f8264b4a7bb7","231.18203","PENDING","False"
"DOC380","380","RAJASTHAN","03/08/2026","J-12015/03/2026-RE-IV Sl.No.21 (SPARSH 16)","WAGE_DAILY_SANCTION","https://mnregaweb4.nic.in/RMS/WriteReadData/SancAttachments/VBGRAMG/J-12015$03$2026-RE-IVSlNo21(SPARSH16).pdf","documents\DOC380.pdf","4076f856dd5cba1a00ad6c7c00bf2ceb627f5d7d41ffe92df9bc765948867df1","280.49216","PENDING","False"
"DOC381","381","RAJASTHAN","03/08/2026","J-12015/03/2026-RE-IV Sl.No.21 (SPARSH 15)","WAGE_DAILY_SANCTION","https://mnregaweb4.nic.in/RMS/WriteReadData/SancAttachments/VBGRAMG/J-12015$03$2026-RE-IVSlNo21(SPARSH15).pdf","documents\DOC381.pdf","657793855e52e4577ac10727b6269393574ba293e5323eb56fb1d3216dc7f192","254.43434","PENDING","False"
"DOC382","382","RAJASTHAN","03/08/2026","J-12015/03/2026-RE-IV Sl.No.21 (SPARSH 14)","WAGE_DAILY_SANCTION","https://mnregaweb4.nic.in/RMS/WriteReadData/SancAttachments/VBGRAMG/J-12015$03$2026-RE-IVSlNo21(SPARSH14).pdf","documents\DOC382.pdf","fb417ab701e3b61bc3fdceea6d5d698c5cac967a7a92353fe8afbb11da86ec63","282.46592","PENDING","False"
"DOC383","383","RAJASTHAN","03/08/2026","J-12015/03/2026-RE-IV Sl.No.21 (SPARSH 13)","WAGE_DAILY_SANCTION","https://mnregaweb4.nic.in/RMS/WriteReadData/SancAttachments/VBGRAMG/J-12015$03$2026-RE-IVSlNo21(SPARSH13).pdf","documents\DOC383.pdf","bf9fb0afae8c0ad32060f868a28583171eb38b69af0abf41b0fb172e61b7b149","275.68294","PENDING","False"
"DOC384","384","RAJASTHAN","03/08/2026","J-12015/03/2026-RE-IV Sl.No.21 (SPARSH 12)","WAGE_DAILY_SANCTION","https://mnregaweb4.nic.in/RMS/WriteReadData/SancAttachments/VBGRAMG/J-12015$03$2026-RE-IVSlNo21(SPARSH12).pdf","documents\DOC384.pdf","6a0b77c99f08d6ef68bdfd99b0b69ad9f5d3ba38437a0bb6bc89ed35795ef68a","258.86393","PENDING","False"
"DOC385","385","RAJASTHAN","03/08/2026","J-12015/03/2026-RE-IV Sl.No.21 (SPARSH 11)","WAGE_DAILY_SANCTION","https://mnregaweb4.nic.in/RMS/WriteReadData/SancAttachments/VBGRAMG/J-12015$03$2026-RE-IVSlNo21(SPARSH11).pdf","documents\DOC385.pdf","e95a7470ba39d2eb3b29d4e0a64ab4644a399da778d636bf3a815502fda1bc3e","258.75296","PENDING","False"
"DOC386","386","RAJASTHAN","03/08/2026","J-12015/03/2026-RE-IV Sl.No.21 (SPARSH 10)","WAGE_DAILY_SANCTION","https://mnregaweb4.nic.in/RMS/WriteReadData/SancAttachments/VBGRAMG/J-12015$03$2026-RE-IVSlNo21(SPARSH10).pdf","documents\DOC386.pdf","51c9c4ad73985047f245dffe7e7711277c5d3d05ad14ac0c72f606f4352d3786","326.34468","PENDING","False"
"DOC387","387","RAJASTHAN","31/07/2026","J-12015/03/2026-RE-IV Sl.No.21 (7)","WAGE_DAILY_SANCTION","https://mnregaweb4.nic.in/RMS/WriteReadData/SancAttachments/VBGRAMG/J-12015$03$2026-RE-IVSlNo21(7).pdf","documents\DOC387.pdf","8a63c6ae026a3f3abf602811f6ecb08e78049ad83db76e3234b36143da1152c5","75.31742","PENDING","False"
"DOC388","388","RAJASTHAN","30/07/2026","J-12015/03/2026-RE-IV Sl.No.21 (6)","WAGE_DAILY_SANCTION","https://mnregaweb4.nic.in/RMS/WriteReadData/SancAttachments/VBGRAMG/J-12015$03$2026-RE-IVSlNo21(6).pdf","documents\DOC388.pdf","dc14c9b93f6bb6bf1cf1591f96cb383a4b3617e9d95330654035843777d864fc","269.93609","PENDING","False"
"DOC389","389","RAJASTHAN","30/07/2026","J-12015/03/2026-RE-IV Sl.No.21 (5)","WAGE_DAILY_SANCTION","https://mnregaweb4.nic.in/RMS/WriteReadData/SancAttachments/VBGRAMG/J-12015$03$2026-RE-IVSlNo21(5).pdf","documents\DOC389.pdf","c98ba42ecf165d70a1acdee65b838a51a427a5d8812950e889179cc17d910a04","301.51409","PENDING","False"
"DOC390","390","RAJASTHAN","30/07/2026","J-12015/03/2026-RE-IV Sl.No.21 (4)","WAGE_DAILY_SANCTION","https://mnregaweb4.nic.in/RMS/WriteReadData/SancAttachments/VBGRAMG/J-12015$03$2026-RE-IVSlNo21(4).pdf","documents\DOC390.pdf","2c5da5ebe954b08d1706ce1c509bc7380ee775fa80d49e5e2fe89318fe7303b8","70.16536","PENDING","False"
"DOC391","391","RAJASTHAN","29/07/2026","J-12015/03/2026-RE-IV Sl.No.21 (3)","WAGE_DAILY_SANCTION","https://mnregaweb4.nic.in/RMS/WriteReadData/SancAttachments/VBGRAMG/J-12015$03$2026-RE-IVSlNo21(3).pdf","documents\DOC391.pdf","acf41a14c98009631342ca52ed40b0ab0ab344c5421196daa26426d78de8b0ed","250.69657","PENDING","False"
"DOC392","392","RAJASTHAN","28/07/2026","J-12015/03/2026-RE-IV Sl.No.21 (2)","WAGE_DAILY_SANCTION","https://mnregaweb4.nic.in/RMS/WriteReadData/SancAttachments/VBGRAMG/J-12015$03$2026-RE-IVSlNo21(2).pdf","documents\DOC392.pdf","c361a6247ea91c0b34403de50c4225f48252721ef6d2767ad8ccbb93d7cc672c","18.3307","PENDING","False"
"DOC393","393","RAJASTHAN","28/07/2026","J-12015/03/2026-RE-IV Sl.No.21 (1)","WAGE_DAILY_SANCTION","https://mnregaweb4.nic.in/RMS/WriteReadData/SancAttachments/VBGRAMG/J-12015$03$2026-RE-IVSlNo21(1).pdf","documents\DOC393.pdf","9070b9903ba84560d7954f7d2bb8991e15af58aa129ae7121aa6a1b93563d9a0","18.8032","PENDING","False"
"DOC394","394","TAMILNADU","21/08/2026","J-11060/12/2026-RE-VI (395700) Sl. No. 23(Sparsh-22)","WAGE_DAILY_SANCTION","https://mnregaweb4.nic.in/RMS/WriteReadData/SancAttachments/VBGRAMG/J-11060$12$2026-RE-VI(395700)SlNo23(Sparsh-22).pdf","documents\DOC394.pdf","005847674cffe4f0cbbb9b827c4624a54c1c35526fdafa2f11e73fed204e1c61","112.44897","PENDING","False"
"DOC395","395","TAMILNADU","21/08/2026","J-11060/12/2026-RE-VI (395700) Sl. No. 23(Sparsh-21)","WAGE_DAILY_SANCTION","https://mnregaweb4.nic.in/RMS/WriteReadData/SancAttachments/VBGRAMG/J-11060$12$2026-RE-VI(395700)SlNo23(Sparsh-21).pdf","documents\DOC395.pdf","9cbd3bbcd24d14d60f4fcc3498ec5151b20ae94694fa560d37ab79d4c4171f3e","362.16364","PENDING","False"
"DOC396","396","TAMILNADU","20/08/2026","J-11060/12/2026-RE-VI (395700) Sl. No. 23(Sparsh-20)","WAGE_DAILY_SANCTION","https://mnregaweb4.nic.in/RMS/WriteReadData/SancAttachments/VBGRAMG/J-11060$12$2026-RE-VI(395700)SlNo23(Sparsh-20).pdf","documents\DOC396.pdf","50c4e80b227ad83e97375d25275ebe34134440c497f3b894ac36efc92d5a6798","60.5635","PENDING","False"
"DOC397","397","TAMILNADU","20/08/2026","J-11060/12/2026-RE-VI (395700) Sl. No. 23(Sparsh-19)","WAGE_DAILY_SANCTION","https://mnregaweb4.nic.in/RMS/WriteReadData/SancAttachments/VBGRAMG/J-11060$12$2026-RE-VI(395700)SlNo23(Sparsh-19).pdf","documents\DOC397.pdf","bb27f930c94006e978ad332f6b569d96147ba121229f454b97f0a4e5d2a327eb","105.94537","PENDING","False"
"DOC398","398","TAMILNADU","20/08/2026","J-11060/12/2026-RE-VI (395700) Sl. No. 23(Sparsh-18)","WAGE_DAILY_SANCTION","https://mnregaweb4.nic.in/RMS/WriteReadData/SancAttachments/VBGRAMG/J-11060$12$2026-RE-VI(395700)SlNo23(Sparsh-18).pdf","documents\DOC398.pdf","1f1fd605b2e203023d23575c03503a05aed94018da747a5c81a6688a2914b00b","196.36362","PENDING","False"
"DOC399","399","TAMILNADU","20/08/2026","J-11060/12/2026-RE-VI (395700) Sl. No. 23(Sparsh-17)","WAGE_DAILY_SANCTION","https://mnregaweb4.nic.in/RMS/WriteReadData/SancAttachments/VBGRAMG/J-11060$12$2026-RE-VI(395700)SlNo23(Sparsh-17).pdf","documents\DOC399.pdf","94bfdb8a34d3ecefe25b8613915675a9356a83cb4a7d4b5dc1e564254b0e95de","188.3399","PENDING","False"
"DOC400","400","TAMILNADU","18/08/2026","J-11060/12/2026-RE-VI (395700) Sl. No. 23(Sparsh-16)","WAGE_DAILY_SANCTION","https://mnregaweb4.nic.in/RMS/WriteReadData/SancAttachments/VBGRAMG/J-11060$12$2026-RE-VI(395700)SlNo23(Sparsh-16).pdf","documents\DOC400.pdf","88f4b332baf1131669caf60c0bfca28ce4ef8e4613af2e90d7b23c47ca97243f","19.71786","PENDING","False"
"DOC401","401","TAMILNADU","18/08/2026","J-11060/12/2026-RE-VI (395700) Sl. No. 23(Sparsh-15)","WAGE_DAILY_SANCTION","https://mnregaweb4.nic.in/RMS/WriteReadData/SancAttachments/VBGRAMG/J-11060$12$2026-RE-VI(395700)SlNo23(Sparsh-15).pdf","documents\DOC401.pdf","4e1ea5fc2815e7a6e317d97ae2363caa4857e931382b9f102e7d489f6147492f","91.07374","PENDING","False"
"DOC402","402","TAMILNADU","17/08/2026","J-11060/12/2026-RE-VI (395700) Sl. No. 23(Sparsh-9 )","WAGE_DAILY_SANCTION","https://mnregaweb4.nic.in/RMS/WriteReadData/SancAttachments/VBGRAMG/J-11060$12$2026-RE-VI(395700)SlNo23(Sparsh-9).pdf","documents\DOC402.pdf","8b24381cd8c2e87389ce5128ab24ed086338cb10b666a33cfc2b29d7e0683e24","0.48066","PENDING","False"
"DOC403","403","TAMILNADU","17/08/2026","J-11060/12/2026-RE-VI (395700) Sl. No. 23(Sparsh-13 )","WAGE_DAILY_SANCTION","https://mnregaweb4.nic.in/RMS/WriteReadData/SancAttachments/VBGRAMG/J-11060$12$2026-RE-VI(395700)SlNo23(Sparsh-13).pdf","documents\DOC403.pdf","08bbc858a32b36d65ab6bd07b48f4bf733225deb9324d3e7ad1842f8bc092505","212.26073","PENDING","False"
"DOC404","404","TAMILNADU","17/08/2026","J-11060/12/2026-RE-VI (395700) Sl. No. 23(Sparsh-11 )","WAGE_DAILY_SANCTION","https://mnregaweb4.nic.in/RMS/WriteReadData/SancAttachments/VBGRAMG/J-11060$12$2026-RE-VI(395700)SlNo23(Sparsh-11).pdf","documents\DOC404.pdf","caa4d53eb40e1129c6b6edc982aa0f4d7417aa673c4a4d13d5fb3dc78d4ae7ce","23.98529","PENDING","False"
"DOC405","405","TAMILNADU","17/08/2026","J-11060/12/2026-RE-VI (395700) Sl. No. 23(Sparsh-10 )","WAGE_DAILY_SANCTION","https://mnregaweb4.nic.in/RMS/WriteReadData/SancAttachments/VBGRAMG/J-11060$12$2026-RE-VI(395700)SlNo23(Sparsh-10).pdf","documents\DOC405.pdf","2b789b6897bad30934ad9c6d77f796c39fa6973fa9b04ba70ae14792ba335982","23.4699","PENDING","False"
"DOC406","406","TAMILNADU","17/08/2026","J-11060/12/2026-RE-VI (395700) Sl. No. 23(Sparsh- 14)","WAGE_DAILY_SANCTION","https://mnregaweb4.nic.in/RMS/WriteReadData/SancAttachments/VBGRAMG/J-11060$12$2026-RE-VI(395700)SlNo23(Sparsh-14).pdf","documents\DOC406.pdf","7037a4a5f24a068bc741c9fe494938b356270e279cc8e1aae5b25ee7475c89e4","164.34575","PENDING","False"
"DOC407","407","TAMILNADU","17/08/2026","J-11060/12/2026-RE-VI (395700) Sl. No. 23(Sparsh- 12)","WAGE_DAILY_SANCTION","https://mnregaweb4.nic.in/RMS/WriteReadData/SancAttachments/VBGRAMG/J-11060$12$2026-RE-VI(395700)SlNo23(Sparsh-12).pdf","documents\DOC407.pdf","d0634941676678cb9b9c6ff16a48a4f634b6d9e354f3f51773dae3bc7aaef046","29.35247","PENDING","False"
"DOC408","408","TAMILNADU","14/08/2026","J-11060/12/2026-RE-VI (395700) Sl. No. 23 (Sparsh- 8 )","WAGE_DAILY_SANCTION","https://mnregaweb4.nic.in/RMS/WriteReadData/SancAttachments/VBGRAMG/J-11060$12$2026-RE-VI(395700)SlNo23(Sparsh-8).pdf","documents\DOC408.pdf","d4026b6add4ed207906d76a25587479b2e8a90f99df72eb70393bc8d750dd895","82.915","PENDING","False"
"DOC409","409","TAMILNADU","14/08/2026","J-11060/12/2026-RE-VI (395700) Sl. No. 23 (Sparsh- 7 )","WAGE_DAILY_SANCTION","https://mnregaweb4.nic.in/RMS/WriteReadData/SancAttachments/VBGRAMG/J-11060$12$2026-RE-VI(395700)SlNo23(Sparsh-7).pdf","documents\DOC409.pdf","f107e0d391b3cb8e3b3587112281cb093c63a6f6f03080760c9b952d278e058e","195.93705","PENDING","False"
"DOC410","410","TAMILNADU","13/08/2026","J-11060/12/2026-RE-VI (395700) Sl. No. 23 (Sparsh- 6)","WAGE_DAILY_SANCTION","https://mnregaweb4.nic.in/RMS/WriteReadData/SancAttachments/VBGRAMG/J-11060$12$2026-RE-VI(395700)SlNo23(Sparsh-6).pdf","documents\DOC410.pdf","ac2efdb0e69088a26ae888ae2ca7211f0cca50f864239632b6852d228e2a0ef0","68.71489","PENDING","False"
"DOC411","411","TAMILNADU","12/08/2026","J-11060/12/2026-RE-VI (395700) Sl. No. 23( Sparsh-5)","WAGE_DAILY_SANCTION","https://mnregaweb4.nic.in/RMS/WriteReadData/SancAttachments/VBGRAMG/J-11060$12$2026-RE-VI(395700)SlNo23(Sparsh-5).pdf","documents\DOC411.pdf","d2334dafd0d09c5d5f099a082a0edc7e324ebd09b3b22bf12102b2f26708cbda","22.18046","PENDING","False"
"DOC412","412","TAMILNADU","11/08/2026","J-11060/12/2026-RE-VI (395700) Sl. No. 23(Sparsh-3)","WAGE_DAILY_SANCTION","https://mnregaweb4.nic.in/RMS/WriteReadData/SancAttachments/VBGRAMG/J-11060$12$2026-RE-VI(395700)SlNo23(Sparsh-3).pdf","documents\DOC412.pdf","3d32926b4e556fcb1aea36cfd7845391150d0071733669dfbe58584e7550d161","20.64883","PENDING","False"
"DOC413","413","TAMILNADU","11/08/2026","J-11060/12/2026-RE-VI (395700) Sl. No. 23 (Sparsh-4)","WAGE_DAILY_SANCTION","https://mnregaweb4.nic.in/RMS/WriteReadData/SancAttachments/VBGRAMG/J-11060$12$2026-RE-VI(395700)SlNo23(Sparsh-4).pdf","documents\DOC413.pdf","791377275dfd6ef4260a5e22df851240388eead9105be702c827c90e80608fe3","12.0794","PENDING","False"
"DOC414","414","TAMILNADU","04/08/2026","J-11060/12/2026-RE-VI (395700) Sl. No. 23(Sparsh-2)","WAGE_DAILY_SANCTION","https://mnregaweb4.nic.in/RMS/WriteReadData/SancAttachments/VBGRAMG/J-11060$12$2026-RE-VI(395700)SlNo23(Sparsh-2).pdf","documents\DOC414.pdf","4c287aeea433d76e787c93aa13205c87ec1b72b44a5ccdc2db45fedc6ba7de74","0.01411","PENDING","False"
"DOC415","415","TAMILNADU","03/08/2026","J-11060/12/2026-RE-VI (395700) Sl. No. 23(Sparsh-1)","WAGE_DAILY_SANCTION","https://mnregaweb4.nic.in/RMS/WriteReadData/SancAttachments/VBGRAMG/J-11060$12$2026-RE-VI(395700)SlNo23(Sparsh-1).pdf","documents\DOC415.pdf","84b9832da554eeac0ca5df63d03d81abee2675fff99af0d1443a079e83032eb0","0.00365","PENDING","False"
"DOC416","416","TRIPURA","20/08/2026","J-12014/02/2026-RE-IV Sl.No.25 (SPARSH 17)","WAGE_DAILY_SANCTION","https://mnregaweb4.nic.in/RMS/WriteReadData/SancAttachments/VBGRAMG/J-12014$02$2026-RE-IVSlNo25(SPARSH17).pdf","documents\DOC416.pdf","e485349af57cc14bb54709743435e5c5ee1c6cfea393dda9bbc4972403e12140","167.52711","PENDING","False"
"DOC417","417","TRIPURA","19/08/2026","J-12014/02/2026-RE-IV Sl.No.25 (SPARSH 16)","WAGE_DAILY_SANCTION","https://mnregaweb4.nic.in/RMS/WriteReadData/SancAttachments/VBGRAMG/J-12014$02$2026-RE-IVSlNo25(SPARSH16).pdf","documents\DOC417.pdf","5b63305bb9b7768a3cdaf99022759e9777bfd6d50eea9b0b7e519414fddf82c8","263.81091","PENDING","False"
"DOC418","418","TRIPURA","18/08/2026","J-12014/02/2026-RE-IV Sl.No.25 (SPARSH 15)","WAGE_DAILY_SANCTION","https://mnregaweb4.nic.in/RMS/WriteReadData/SancAttachments/VBGRAMG/J-12014$02$2026-RE-IVSlNo25(SPARSH15).pdf","documents\DOC418.pdf","d223af0cfcd61304cc84324ab232300b8c01fa6a17df2b9a07c78bf2a3e68667","198.36066","PENDING","False"
"DOC419","419","TRIPURA","14/08/2026","J-12014/02/2026-RE-IV Sl.No.25 (SPARSH 14)","WAGE_DAILY_SANCTION","https://mnregaweb4.nic.in/RMS/WriteReadData/SancAttachments/VBGRAMG/J-12014$02$2026-RE-IVSlNo25(SPARSH14).pdf","documents\DOC419.pdf","4c210a57888f2f7baa4120c43402b83b3236bf2a49cdf071905779beaffe63b7","197.82274","PENDING","False"
"DOC420","420","TRIPURA","14/08/2026","J-12014/02/2026-RE-IV Sl.No.25 (SPARSH 13)","WAGE_DAILY_SANCTION","https://mnregaweb4.nic.in/RMS/WriteReadData/SancAttachments/VBGRAMG/J-12014$02$2026-RE-IVSlNo25(SPARSH13).pdf","documents\DOC420.pdf","a25d86fdaa8a60d7cd0ee1692665efd14a4e2833f11c4cc649d48928e23fb761","23.44811","PENDING","False"
"DOC421","421","TRIPURA","14/08/2026","J-12014/02/2026-RE-IV Sl.No.25 (SPARSH 12)","WAGE_DAILY_SANCTION","https://mnregaweb4.nic.in/RMS/WriteReadData/SancAttachments/VBGRAMG/J-12014$02$2026-RE-IVSlNo25(SPARSH12).pdf","documents\DOC421.pdf","94a6cddc698e1678b03beafdc36ce84e390f034f294109c8271ed0536193a843","260.25264","PENDING","False"
"DOC422","422","TRIPURA","13/08/2026","J-12014/02/2026-RE-IV Sl.No.25 (SPARSH 11)","WAGE_DAILY_SANCTION","https://mnregaweb4.nic.in/RMS/WriteReadData/SancAttachments/VBGRAMG/J-12014$02$2026-RE-IVSlNo25(SPARSH11).pdf","documents\DOC422.pdf","54d4bd657533e7ed09d3d4b8b490d4dafae7a04dcc1a26eb938cebe6d540a7b6","57.17071","PENDING","False"
"DOC423","423","TRIPURA","12/08/2026","J-12014/02/2026-RE-IV Sl.No.25 (SPARSH 10)","WAGE_DAILY_SANCTION","https://mnregaweb4.nic.in/RMS/WriteReadData/SancAttachments/VBGRAMG/J-12014$02$2026-RE-IVSlNo25(SPARSH10).pdf","documents\DOC423.pdf","d650aa2591fdffdd8e3ca83cc2cd696769f1e642ec652db4cba219af2e5bb9c5","144.57823","PENDING","False"
"DOC424","424","TRIPURA","11/08/2026","J-12014/02/2026-RE-IV Sl.No.25 (SPARSH 9)","WAGE_DAILY_SANCTION","https://mnregaweb4.nic.in/RMS/WriteReadData/SancAttachments/VBGRAMG/J-12014$02$2026-RE-IVSlNo25(SPARSH9).pdf","documents\DOC424.pdf","c8d0552ad95bb5adfb116de3e52c4d4064f4f84d7d62811813abeb312a1a2d80","120.78028","PENDING","False"
"DOC425","425","TRIPURA","11/08/2026","J-12014/02/2026-RE-IV Sl.No.25 (SPARSH 8)","WAGE_DAILY_SANCTION","https://mnregaweb4.nic.in/RMS/WriteReadData/SancAttachments/VBGRAMG/J-12014$02$2026-RE-IVSlNo25(SPARSH8).pdf","documents\DOC425.pdf","783da6d0780245ad68b2650b412d2a1254e72b6a8840e0f4b47d35d92511703d","61.14831","PENDING","False"
"DOC426","426","TRIPURA","10/08/2026","J-12014/02/2026-RE-IV Sl.No.25 (SPARSH 7)","WAGE_DAILY_SANCTION","https://mnregaweb4.nic.in/RMS/WriteReadData/SancAttachments/VBGRAMG/J-12014$02$2026-RE-IVSlNo25(SPARSH7).pdf","documents\DOC426.pdf","572d131d35100a87d629bbf8bd8dcedcca54bda802a04ce671f57a641e5e1afd","231.00012","PENDING","False"
"DOC427","427","TRIPURA","04/08/2026","J-12014/02/2026-RE-IV Sl.No.25 (SPARSH 6)","WAGE_DAILY_SANCTION","https://mnregaweb4.nic.in/RMS/WriteReadData/SancAttachments/VBGRAMG/J-12014$02$2026-RE-IVSlNo25(SPARSH6).pdf","documents\DOC427.pdf","d15965543ac5bf7192e5bac69efba4760e75fe2fd75841264344ed0ce15dce3b","76.51549","PENDING","False"
"DOC428","428","TRIPURA","31/07/2026","J-12014/02/2026-RE-IV Sl.No.25 (SPARSH 5)","WAGE_DAILY_SANCTION","https://mnregaweb4.nic.in/RMS/WriteReadData/SancAttachments/VBGRAMG/J-12014$02$2026-RE-IVSlNo25(SPARSH5).pdf","documents\DOC428.pdf","985c4f938fb3b910f605692a60cde230c69ae94e7d604cf780fe75207f791152","86.00482","PENDING","False"
"DOC429","429","TRIPURA","29/07/2026","J-12014/02/2026-RE-IV Sl.No.25 (SPARSH 4)","WAGE_DAILY_SANCTION","https://mnregaweb4.nic.in/RMS/WriteReadData/SancAttachments/VBGRAMG/J-12014$02$2026-RE-IVSlNo25(SPARSH4).pdf","documents\DOC429.pdf","d52b6591218ae44e4ef10354591d0398732c481f8f7cff788e3c08402b840e3c","25.1422","PENDING","False"
"DOC430","430","TRIPURA","28/07/2026","J-12014/02/2026-RE-IV Sl.No.25 (SPARSH 3)","WAGE_DAILY_SANCTION","https://mnregaweb4.nic.in/RMS/WriteReadData/SancAttachments/VBGRAMG/J-12014$02$2026-RE-IVSlNo25(SPARSH3).pdf","documents\DOC430.pdf","26edad97ae991ccd9c94244f9579edcd440f6f489abf9e0a16ef96d80715cc6a","0.63832","PENDING","False"
"DOC431","431","TRIPURA","28/07/2026","J-12014/02/2026-RE-IV Sl.No.25 (SPARSH 2)","WAGE_DAILY_SANCTION","https://mnregaweb4.nic.in/RMS/WriteReadData/SancAttachments/VBGRAMG/J-12014$02$2026-RE-IVSlNo25(SPARSH2).pdf","documents\DOC431.pdf","71e8cbd415b0cf3ca87350a491eebdd9bdb4065f4d8c367653e74242d9ce905e","0.83633","PENDING","False"
"DOC432","432","TRIPURA","28/07/2026","J-12014/02/2026-RE-IV Sl.No.25 (SPARSH 1)","WAGE_DAILY_SANCTION","https://mnregaweb4.nic.in/RMS/WriteReadData/SancAttachments/VBGRAMG/J-12014$02$2026-RE-IVSlNo25(SPARSH1).pdf","documents\DOC432.pdf","c5c2e5dc16caf522cf242dd25a53b879986bde975eed46cc50e58ada84b1280e","0.13653","PENDING","False"
"DOC433","433","WEST BENGAL","21/08/2026","G-31011/24/2026 (397003)-RE-V Sl No-28 (7)(278875)","WAGE_DAILY_SANCTION","https://mnregaweb4.nic.in/RMS/WriteReadData/SancAttachments/VBGRAMG/G-31011$24$2026(397003)-RE-VSlNo-28(7)(278875).pdf","documents\DOC433.pdf","91cd539cacecc3fb13237adcd3d16f9ac4f265656f0e035bccab35564fad10f3","0.06904","PENDING","False"
"DOC434","434","WEST BENGAL","20/08/2026","G-31011/24/2026 (397003)-RE-V Sl No-28 (6)(276091)","WAGE_DAILY_SANCTION","https://mnregaweb4.nic.in/RMS/WriteReadData/SancAttachments/VBGRAMG/G-31011$24$2026(397003)-RE-VSlNo-28(6)(276091).pdf","documents\DOC434.pdf","32df3676848790dbf358d85992ddc9d3c6451b8d4f5897fb32dd9ffb21ca6ff6","0.00784","PENDING","False"
"DOC435",,,,"DOC435.pdf","PDF",,"documents\DOC435.pdf","c1ae6b142ff50fde47a88f3d5bc8946bd48319fb1f6639ec7c401fbe7d3ae7a8",,"PENDING","false"
"DOC436",,,,"DOC436.pdf","PDF",,"documents\DOC436.pdf","9ea9adc3a664399d71d8866ecc8761e904145c42b987c86971c831d98f104ae5",,"PENDING","false"
"DOC437",,,,"DOC437.pdf","PDF",,"documents\DOC437.pdf","ca211b8f11225dd74e2534a28fc5519c11eb7f0d1c4bfd94218e7de14d6152a1",,"PENDING","false"
"DOC438",,,,"DOC438.pdf","PDF",,"documents\DOC438.pdf","70e6b6ed28e53dd2bb2352c2a4e6606c8ea4ff9de0c969838f72073bd403bc87",,"PENDING","false"
"DOC439",,,,"DOC439.pdf","PDF",,"documents\DOC439.pdf","53c47bae5bb4149259de7f45052c8e6b11c4ed67af52f78350dd5a4b0f7a67ae",,"PENDING","false"
"DOC440",,,,"DOC440.pdf","PDF",,"documents\DOC440.pdf","f852cff248184826ca889600f4ea7c4aeb0def81279abb0b8b95f54379da238d",,"PENDING","false"
"DOC441",,,,"DOC441.pdf","PDF",,"documents\DOC441.pdf","8a314893483ca031afa7cc6c4c31638c6b76e614db637b64e293ec1c81532cca",,"PENDING","false"
"DOC442",,,,"DOC442.pdf","PDF",,"documents\DOC442.pdf","ed4285cbbf02896fb15951ed8458f980396fea87d6bd46cf40219f0a46bbea58",,"PENDING","false"
"DOC443",,,,"DOC443.pdf","PDF",,"documents\DOC443.pdf","bc5e69d3dbb26f25c01f2283b2de9718f0ca741caa58be8117795b8e84cf6507",,"PENDING","false"
"DOC444",,,,"DOC444.pdf","PDF",,"documents\DOC444.pdf","62ea1b45037390a8b15ef7d86cc97d68fd9677720971b2318f1d490b9df16571",,"PENDING","false"
"DOC445",,,,"DOC445.pdf","PDF",,"documents\DOC445.pdf","c516c1d568c38f10df81d467aaa2ae7f3e0299c7df9c8cc5b5fc0107f6670bb8",,"PENDING","false"
"DOC446",,,,"DOC446.pdf","PDF",,"documents\DOC446.pdf","36a52e8b889ec858a9f713be1690f27b6ff506efc065f96580551ad9db6f52eb",,"PENDING","false"
"DOC447",,,,"DOC447.pdf","PDF",,"documents\DOC447.pdf","36a52e8b889ec858a9f713be1690f27b6ff506efc065f96580551ad9db6f52eb",,"PENDING","false"
"DOC448",,,,"DOC448.pdf","PDF",,"documents\DOC448.pdf","54f6f65daa40e077c2d7d6967dc7db5c4edfaf5fbc257503c8393a4f6a224e61",,"PENDING","false"
"DOC449",,,,"DOC449.pdf","PDF",,"documents\DOC449.pdf","4e437b6118aa07e8f12aff2dd6c70523aac223074a3ab088acf5b6d687eaefc5",,"PENDING","false"
"DOC450",,,,"DOC450.pdf","PDF",,"documents\DOC450.pdf","6eb26d4c3539c3a546a2708efc5bd39dcf7bce554e9fb15fb3d0a83b0729d70c",,"PENDING","false"
"DOC451",,,,"DOC451.pdf","PDF",,"documents\DOC451.pdf","30afd53a9813bbf5eaef52cdeed37dbbb24b7ba18a0bc252f4f6767a5a47c558",,"PENDING","false"
"DOC452",,,,"DOC452.pdf","PDF",,"documents\DOC452.pdf","bd030a806d86c492f8f2e3080f1768e3326a544e4df692e0fb18f432f33ba305",,"PENDING","false"
"DOC453",,,,"DOC453.pdf","PDF",,"documents\DOC453.pdf","f628205ba0da7855d4fac2928a23cd2319da4387bb81836c6a106b723fa6c7b3",,"PENDING","false"
"DOC454",,,,"DOC454.pdf","PDF",,"documents\DOC454.pdf","c45cfc3e76108190676e1d254df3307afb5b4bb7c2d036d4a647118f2bf360a5",,"PENDING","false"
"DOC455",,,,"DOC455.pdf","PDF",,"documents\DOC455.pdf","0ff2e048711eb68c7f29d48e1e056974c872cc53eb25e7e70b38289688d62919",,"PENDING","false"
"DOC456",,,,"DOC456.pdf","PDF",,"documents\DOC456.pdf","ea989911411df8106d21d3ff3579f479ec916f0eedc4747e3cd79fd8e41b7d3d",,"PENDING","false"
"DOC457",,,,"DOC457.pdf","PDF",,"documents\DOC457.pdf","74d2cb67c9ecfa6d859d6d0e64e600154d39415410f1955f3986c449117d41ca",,"PENDING","false"
"DOC458",,,,"DOC458.pdf","PDF",,"documents\DOC458.pdf","6306bafca26562a6b4f7a912237ce1029149067461f8a46e8a748f1cc13b7916",,"PENDING","false"
"DOC459",,,,"DOC459.pdf","PDF",,"documents\DOC459.pdf","7965c79d39839a0e8ae13f6ccb2ec7393efa61aab235449b99b55f8af39bd913",,"PENDING","false"
"DOC460",,,,"DOC460.pdf","PDF",,"documents\DOC460.pdf","5f145154769a62db58d2395f85ebba4180816769df07b3f9b7a85728bcf61499",,"PENDING","false"
"DOC461",,,,"DOC461.pdf","PDF",,"documents\DOC461.pdf","9e6bd3a4c6aee391af50a62642524b7a93726b1062ff212d6f4e35df688b97dc",,"PENDING","false"
"DOC462",,,,"DOC462.pdf","PDF",,"documents\DOC462.pdf","fbd1bd836ea9364757e53fe2cece6884c4098c73d2d10a414c9b365edd7c4974",,"PENDING","false"
"DOC463",,,,"DOC463.pdf","PDF",,"documents\DOC463.pdf","78f050ff7a830ae8dd1f5825ad499b27c6acecfae3e52bf5b73d12f03c7f0745",,"PENDING","false"
"DOC464",,,,"DOC464.pdf","PDF",,"documents\DOC464.pdf","52c580a88f0703306940cd0222296e1ab4aef5b6ca686c8b20b4029a6b6429a1",,"PENDING","false"
"DOC465",,,,"DOC465.pdf","PDF",,"documents\DOC465.pdf","4d18d7ab2ba1422392da84f57daa7cac4ff44ab53ab87244a5ba5270e0e73dc7",,"PENDING","false"
"DOC466",,,,"DOC466.pdf","PDF",,"documents\DOC466.pdf","0ada67381ca371514f7cb7353109b08f41a09ff6ab1520b9b5c13d4dcb2689a6",,"PENDING","false"
"DOC467",,,,"DOC467.pdf","PDF",,"documents\DOC467.pdf","980371c2e964000717b3ced1e94eb7394927a6d1be81d72caf93d5714910ad79",,"PENDING","false"
"DOC468",,,,"DOC468.pdf","PDF",,"documents\DOC468.pdf","1027e34e2f456304ff57d2c7e9f97f227112832ed2bcc787fe4893efab2f0691",,"PENDING","false"
"DOC469",,,,"DOC469.pdf","PDF",,"documents\DOC469.pdf","8ee097b8fabff5a2220a0b6b32934a32774c1726cab30e3b568a9d66b6d14a47",,"PENDING","false"
"DOC470",,,,"DOC470.pdf","PDF",,"documents\DOC470.pdf","0ee389e92919aeeeb1b8d5a51bb33e17b1349dd9f1155f0816384f81ced93c19",,"PENDING","false"
"DOC471",,,,"DOC471.pdf","PDF",,"documents\DOC471.pdf","6099fa1b104d23e941f25bd6c446c39459c33224b7baa49060643fc39da4e34b",,"PENDING","false"
"DOC472",,,,"DOC472.pdf","PDF",,"documents\DOC472.pdf","cb1f2825eb120f26e98fa4335e62c60953d6386e431188cb9936ec71ecfc292e",,"PENDING","false"
"DOC473",,,,"DOC473.pdf","PDF",,"documents\DOC473.pdf","0661129088f399728892a55ddc5d1010495c5f6f077a0c524a399b0661321f52",,"PENDING","false"
"DOC474",,,,"DOC474.pdf","PDF",,"documents\DOC474.pdf","e65faceb7fa22412576a16741068faf985f9b87be6b804b56d1292dcd49e0d6d",,"PENDING","false"
"DOC475",,,,"DOC475.pdf","PDF",,"documents\DOC475.pdf","8d855784605af846384c50daadad79012e428d45a4f04fa88640abfb86ca085b",,"PENDING","false"
"DOC476",,,,"DOC476.pdf","PDF",,"documents\DOC476.pdf","a7fe8213e8118f90b918e19b746f772fba6a97dbe2f7b9dc6182e3ccc5dd9f97",,"PENDING","false"
"DOC477",,,,"DOC477.pdf","PDF",,"documents\DOC477.pdf","8847d498cbe89143a7a96c15e2d2acb34f53808d192f060353fff9d90c58b9ad",,"PENDING","false"
"DOC478",,,,"DOC478.pdf","PDF",,"documents\DOC478.pdf","8847d498cbe89143a7a96c15e2d2acb34f53808d192f060353fff9d90c58b9ad",,"PENDING","false"
"DOC479",,,,"DOC479.pdf","PDF",,"documents\DOC479.pdf","209737a17359fd4345d790c73422c47ec5b7249452f1a2ce1c4c741b1259cf38",,"PENDING","false"
"DOC480",,,,"DOC480.pdf","PDF",,"documents\DOC480.pdf","beb9273085c28161892918ec3fc23254f666530888e0182afdb88d334469c661",,"PENDING","false"
"DOC481",,,,"DOC481.pdf","PDF",,"documents\DOC481.pdf","db5a7188b1e25b601d76a1cd38d75f01a06e08991638b2988c3ccb9737afb061",,"PENDING","false"
"DOC482",,,,"DOC482.pdf","PDF",,"documents\DOC482.pdf","6f19c5ba887ceb30234ebadf3d30a624b946552aec9b6005dd57e20beb8338c0",,"PENDING","false"
"DOC483",,,,"DOC483.pdf","PDF",,"documents\DOC483.pdf","2929d53b9f17b7bb86f228c1730b4d0377d1397e2c523210a0cf48b02cdd5b50",,"PENDING","false"
"DOC484",,,,"DOC484.pdf","PDF",,"documents\DOC484.pdf","60ef0c4e183a2d9a3b281c8ee289ce6ce06a34e660ecf2c3cc4e8bbf66fd2361",,"PENDING","false"
"DOC485",,,,"DOC485.pdf","PDF",,"documents\DOC485.pdf","3fbc667a303a43caa49a54a72fc61cdf7810e1506c31d7e1252f66e765ea8def",,"PENDING","false"
"DOC486",,,,"DOC486.pdf","PDF",,"documents\DOC486.pdf","272f0279b7f55d88ad1184ebcfa3292c1aaacf9b0e929e9ccafe567e848a8be7",,"PENDING","false"
"DOC487",,,,"DOC487.pdf","PDF",,"documents\DOC487.pdf","d021a99beeb9446394cb7bd122945140f9ba72b581b1610644731901886f369a",,"PENDING","false"
"DOC488",,,,"DOC488.pdf","PDF",,"documents\DOC488.pdf","c5e6a23d8da6b434cb37304c9f0cc22b5e76bd72679a868c1116e32870962fa5",,"PENDING","false"
"DOC489",,,,"DOC489.pdf","PDF",,"documents\DOC489.pdf","ba03e935fb41a90d58d28e69a2d8177f7bc2353f5ab526623dd6d60d24d726c9",,"PENDING","false"
"DOC490",,,,"DOC490.pdf","PDF",,"documents\DOC490.pdf","82296bf019d57f9b7787a7b4d7c8118ea6f2ac691e33c0f227f2a78f18ef7e2e",,"PENDING","false"
"DOC491",,,,"DOC491.pdf","PDF",,"documents\DOC491.pdf","e540654e76bf8fc98343b3eeabd568a1e69501c980522b2e0b9ddec4b221c965",,"PENDING","false"
"DOC492",,,,"DOC492.pdf","PDF",,"documents\DOC492.pdf","25ed76437d21ce3d9c724f4d50840345b70174016c12786a245850df170facd1",,"PENDING","false"
"DOC493",,,,"DOC493.pdf","PDF",,"documents\DOC493.pdf","0dc3e6b7005d900a7f45ef094fa5dff41eb7eb20793180872885b0eb6f2efb12",,"PENDING","false"
"DOC494",,,,"DOC494.pdf","PDF",,"documents\DOC494.pdf","f2847cac90a5d2123f15828aff62378d5509a9753af8822b9d90d0d4444cafa8",,"PENDING","false"
"DOC495",,,,"DOC495.pdf","PDF",,"documents\DOC495.pdf","a3b5fce11bcd02618edadc2f80e4c4ae9583a23710fda96efe6dc7e3186cfe93",,"PENDING","false"
"DOC496",,,,"DOC496.pdf","PDF",,"documents\DOC496.pdf","197795fa34d0afbc377bbc50a2c19d794d3ebc56e9b7a08b5ba8240203574b9a",,"PENDING","false"
"DOC497",,,,"DOC497.pdf","PDF",,"documents\DOC497.pdf","79ab87f0edc2aa411aa136d96f87bc28df6943c5ba827c3c63391b02461080be",,"PENDING","false"
"DOC498",,,,"DOC498.pdf","PDF",,"documents\DOC498.pdf","e2c5b93b116a4a3dcabc5724d5ee6a350ed5161b361288f2bb16af7fe15c0d2b",,"PENDING","false"
"DOC499",,,,"DOC499.pdf","PDF",,"documents\DOC499.pdf","c64a442bab44e6658789492f59304f455fb8275f09f773915c365283693698c4",,"PENDING","false"
"DOC500",,,,"DOC500.pdf","PDF",,"documents\DOC500.pdf","feeb3fc4fc8213626194f150190b1fb0836114fa1bee35e4cb5574138840f5b8",,"PENDING","false"
"DOC501",,,,"DOC501.pdf","PDF",,"documents\DOC501.pdf","41a404f33648f1489ac750929beb4854a1ec1c9e66be704d8a1737eeea0f46f6",,"PENDING","false"
"DOC502",,,,"DOC502.pdf","PDF",,"documents\DOC502.pdf","714c30bcf50304d501dbfcbbc79780e2a1084d11a70ce8a4bf1db29a702ef00b",,"PENDING","false"
"DOC503",,,,"DOC503.pdf","PDF",,"documents\DOC503.pdf","cf1a5fe3f07f6def32181e1df4cfab0f65dd634e40b775ece5c601b9e43ae4b7",,"PENDING","false"
"DOC504",,,,"DOC504.pdf","PDF",,"documents\DOC504.pdf","f187dbba092a6a09ab370f7cd40a65bd95e05d15b918b9e37345b43e1f8a3783",,"PENDING","false"
"DOC505",,,,"DOC505.pdf","PDF",,"documents\DOC505.pdf","aa76ab89fed220cafbbd18b1c6408eee1b982cfe440c86ff57e885af09ef0e04",,"PENDING","false"
"DOC506",,,,"DOC506.pdf","PDF",,"documents\DOC506.pdf","ee9c9d2061f7a3ccd37db23fbf05fffe86a48879b7d73ef428646341379b563f",,"PENDING","false"
"DOC507",,,,"DOC507.pdf","PDF",,"documents\DOC507.pdf","22cd65b8faebd4b651848589d7851f175ef7c093adb9916ac06ccbce5f005790",,"PENDING","false"
"DOC508",,,,"DOC508.pdf","PDF",,"documents\DOC508.pdf","5265bdfdd704e27c1877b1d1da223e7f6a1cf74f26540771accd81a9d556d090",,"PENDING","false"
"DOC509",,,,"DOC509.pdf","PDF",,"documents\DOC509.pdf","c9ffc99c14d174283ece5613777e0dff08229bd13325fc9d65a74429a9e490aa",,"PENDING","false"
"DOC510",,,,"DOC510.pdf","PDF",,"documents\DOC510.pdf","5c2c8242df8c21575db272115914e458580351c3aea59941135f06b751731580",,"PENDING","false"
"DOC511",,,,"DOC511.pdf","PDF",,"documents\DOC511.pdf","059e5004c8ff0892278013396f1a5adcdce0282b1fb4451d839fab1a7a2cafcb",,"PENDING","false"
"DOC512",,,,"DOC512.pdf","PDF",,"documents\DOC512.pdf","aad4d09e040946eab144013e28e10b7c0ab936a1ec8c811c80fe0da9cdc39735",,"PENDING","false"
"DOC513",,,,"DOC513.pdf","PDF",,"documents\DOC513.pdf","10a9bed2b5b705fc72c2c42b50029fdb2492757ac9e8d25ad005940b98ec3fd2",,"PENDING","false"
"DOC514",,,,"DOC514.pdf","PDF",,"documents\DOC514.pdf","0947822f7b70977bfcbea7e9caa4fba1a2ba6708774d33cbf8f92d1d1b1a3f87",,"PENDING","false"
"DOC515",,,,"DOC515.pdf","PDF",,"documents\DOC515.pdf","6288eaae2d2767efc75843a9ac4d6143e341722ecd319d37ac83aa56b7d92875",,"PENDING","false"
"DOC516",,,,"DOC516.pdf","PDF",,"documents\DOC516.pdf","1bd8d3b7883747ad52958f4922f3bc937a3dbc163ea11afe19dd871481b4c92e",,"PENDING","false"
"DOC517",,,,"DOC517.pdf","PDF",,"documents\DOC517.pdf","8225378c448ce056e14d4a0ec0bddd71522701bd12ee1d72bff7b89a8fc6488a",,"PENDING","false"
"DOC518",,,,"DOC518.pdf","PDF",,"documents\DOC518.pdf","f50c416b80886b03e7e205dc41b4343ade1a6feb6fdb5b4216f9f2becc3f282b",,"PENDING","false"
"DOC519",,,,"DOC519.pdf","PDF",,"documents\DOC519.pdf","594542a5476422c587c63aa769f0934c9e0a83ebb9599b5b66504aebcf3edf1d",,"PENDING","false"
"DOC520",,,,"DOC520.pdf","PDF",,"documents\DOC520.pdf","cb74e4d9715a224c18b77dd37bbeb1f339c4002220ca658d2518aecf0f9bc299",,"PENDING","false"
"DOC521",,,,"DOC521.pdf","PDF",,"documents\DOC521.pdf","e7ad649833d52e37d633a79de5a87df36eb954e1dbd2525e4f59642b572d1ad0",,"PENDING","false"
"DOC522",,,,"DOC522.pdf","PDF",,"documents\DOC522.pdf","2dc532c3fbd7ebc8799382b89e40e01157640cc06c4fb73c1ef060d59742f6a7",,"PENDING","false"
"DOC523",,,,"DOC523.pdf","PDF",,"documents\DOC523.pdf","166cb814a64e7ffec2dc3d6aa854c0f2d17689a85a0884aa2822edeaaebccda7",,"PENDING","false"
"DOC524",,,,"DOC524.pdf","PDF",,"documents\DOC524.pdf","8ea08098734767ca44f6adc88f8a6c935737ef5a479e9728230b98bce375bf32",,"PENDING","false"
"DOC525",,,,"DOC525.pdf","PDF",,"documents\DOC525.pdf","eb56c0f2080270020dcdbcd4ef80316d84628bd336072c7114db25ca5be1e3e3",,"PENDING","false"
"DOC526",,,,"DOC526.pdf","PDF",,"documents\DOC526.pdf","e53213510dbb62ebfe56a553bed5aa8b4c84c59aa3196c4c684197f486abe0ec",,"PENDING","false"
"DOC527",,,,"DOC527.pdf","PDF",,"documents\DOC527.pdf","799d66d68e4c1ec3fccac6e8deda5085d535f575b1d63f17f9bb9e12785469d4",,"PENDING","false"
"DOC528",,,,"DOC528.pdf","PDF",,"documents\DOC528.pdf","c8e60974206c35ab1a795a187d6917de870f5081d89eb360268030684ba0a7f1",,"PENDING","false"
"DOC529",,,,"DOC529.pdf","PDF",,"documents\DOC529.pdf","9df764d3cf1662c2d830c766eef1915ee52b3eaf3ab18c1b5b23e0c27d3e3237",,"PENDING","false"
"DOC530",,,,"DOC530.pdf","PDF",,"documents\DOC530.pdf","c8cda0c699a6ddae6a2441c2d9e04fe980c67b73fb6983f32986ac4ca232e88d",,"PENDING","false"
"DOC531",,,,"DOC531.pdf","PDF",,"documents\DOC531.pdf","e65aa24f18f7d4e4e308307607e82300085df6d20bea457132a10b4ecd302d19",,"PENDING","false"
"DOC532",,,,"DOC532.pdf","PDF",,"documents\DOC532.pdf","06800a161a9360a8c47f868513f225fb0c39d009aa65bd235cfb46c83875303d",,"PENDING","false"
"DOC533",,,,"DOC533.pdf","PDF",,"documents\DOC533.pdf","a06dde900c698fec2b2cf1111fe6ae58be7e833b4833a636eba18c9d26d6ac88",,"PENDING","false"
"DOC534",,,,"DOC534.pdf","PDF",,"documents\DOC534.pdf","8ff5852d9d78eca02a1899d823eefc3b3980a171d64ed5001635a346c1ea7110",,"PENDING","false"
"DOC535",,,,"DOC535.pdf","PDF",,"documents\DOC535.pdf","9cc652a0006b5b51951332555430da84b75a0e19cfc8d64eb6617e030ce9a394",,"PENDING","false"
"DOC536",,,,"DOC536.pdf","PDF",,"documents\DOC536.pdf","bc73927747d5c772a4c42a46134b59fcf20db68f1391321b1e244b9e977b9871",,"PENDING","false"
"DOC537",,,,"DOC537.pdf","PDF",,"documents\DOC537.pdf","1d23ecddcad7e8e4eddcc8094d24af7f28d7e8e2a4cf024398c701c49acc1336",,"PENDING","false"
"DOC538",,,,"DOC538.pdf","PDF",,"documents\DOC538.pdf","9c943c34854b43cb71364fc10c900cae828d3c2b6aa49129828c3a756b77a62c",,"PENDING","false"
"DOC539",,,,"DOC539.pdf","PDF",,"documents\DOC539.pdf","681558970c7c77e2a3e0c94666579a0acd7df46143a858fa34956cf18ac5f00b",,"PENDING","false"
"DOC540",,,,"DOC540.pdf","PDF",,"documents\DOC540.pdf","9a9a01ce64def2626ecd266087bcf2d4c406b46b0622750163126c0fa1ee4e59",,"PENDING","false"
"DOC541",,,,"DOC541.pdf","PDF",,"documents\DOC541.pdf","98fb3f5e4684389521e425b6b05cf7b23d4baf37e8de501c332861d5c21b025f",,"PENDING","false"
"DOC542",,,,"DOC542.pdf","PDF",,"documents\DOC542.pdf","6e701bb1256458df1e05bca5eeee609ea4ba9d47a7aae201af13422dcf307413",,"PENDING","false"
"DOC543",,,,"DOC543.pdf","PDF",,"documents\DOC543.pdf","91c3f9a45f687038e81d36396c330154eab5517f59459cd2b6eb6122c5cb568f",,"PENDING","false"
"DOC544",,,,"DOC544.pdf","PDF",,"documents\DOC544.pdf","e945316a2216e88297de34e7ac55c208a2d4e9938a5cb9e81b6fac9e9db7c589",,"PENDING","false"
"DOC545",,,,"DOC545.pdf","PDF",,"documents\DOC545.pdf","a0c2aabbb84f829ce8b5ecaeef093639d65d78866030ec0a2ebcfb41cd30700d",,"PENDING","false"
"DOC546",,,,"DOC546.pdf","PDF",,"documents\DOC546.pdf","b1c3365757f9e6e2c7bcef504fc6440257da8bfda13bb8ad14420c1d2516017b",,"PENDING","false"
"DOC547",,,,"DOC547.pdf","PDF",,"documents\DOC547.pdf","77d939e72504898c6514b03dcb1346d00bc823ff2ebc6f0b9e50e9153f5a1f92",,"PENDING","false"
"DOC548",,,,"DOC548.pdf","PDF",,"documents\DOC548.pdf","d2b2bf6bfbf7def128f11ea4c83de88b5b9f415bf5257f932ee4c7bb290ae97a",,"PENDING","false"
"DOC549",,,,"DOC549.pdf","PDF",,"documents\DOC549.pdf","24b58b62b5b6da0aa83b26d284b0b454f77bfbf98a3cdc8d06c86e7caa439328",,"PENDING","false"
"DOC550",,,,"DOC550.pdf","PDF",,"documents\DOC550.pdf","27504f3ef5a11b3498700ea66057ee4278d06eecce54258fab058cc11dd70777",,"PENDING","false"
"DOC551",,,,"DOC551.pdf","PDF",,"documents\DOC551.pdf","c835a30e99c51f3ebc3483fda34b8cb31b9479f77dfe507610021bb1fc160274",,"PENDING","false"
"DOC552",,,,"DOC552.pdf","PDF",,"documents\DOC552.pdf","a2e712e179717443e96a8f70a74807a237ddf44c86560a53e57c5354bb98707f",,"PENDING","false"
"DOC553",,,,"DOC553.pdf","PDF",,"documents\DOC553.pdf","30e03a2b65f3c69216679402750a1b6fef09319aa2ab126935f74b87d3bcc5c2",,"PENDING","false"
"DOC554",,,,"DOC554.pdf","PDF",,"documents\DOC554.pdf","367f2b4beabf074df63d02ab1f4a56030d49acd09944148c2e5c4d1f2fb96d36",,"PENDING","false"
"DOC555",,,,"DOC555.pdf","PDF",,"documents\DOC555.pdf","7a92e5ce538d38be8b8b2b3a26847a9427ffd9eb0a30d7505583eb3630ab9e0e",,"PENDING","false"
"DOC556",,,,"DOC556.pdf","PDF",,"documents\DOC556.pdf","ab1de4e7eb22fe712d6613482228cacda1dc32f82b671fabf5da8f42343aca81",,"PENDING","false"
"DOC557",,,,"DOC557.pdf","PDF",,"documents\DOC557.pdf","19bedd849dc29b0b03f78de60c0e51361ddfc6f9c2312e0cac3572e4a1e7cce2",,"PENDING","false"
"DOC558",,,,"DOC558.pdf","PDF",,"documents\DOC558.pdf","b5448cd87c3bab46cb963d44fa52cca9580c805041550148329f4ce65b2001bd",,"PENDING","false"
"DOC559",,,,"DOC559.pdf","PDF",,"documents\DOC559.pdf","a56b57d1c6e23b9393377c4ac6f970c1f0a44af35b4af4471356027244e81b51",,"PENDING","false"
"DOC560",,,,"DOC560.pdf","PDF",,"documents\DOC560.pdf","2275aa46687b6ee2abbeacc8221af056e0f0f8277d5a9fc5db69b174a97edd09",,"PENDING","false"
"DOC561",,,,"DOC561.pdf","PDF",,"documents\DOC561.pdf","78135feb36c416b45a40b92ec344fdc0b6c6cc15129134548fda845e3fca4f3f",,"PENDING","false"
"DOC562",,,,"DOC562.pdf","PDF",,"documents\DOC562.pdf","799c814b7fd6847f3b2198ba5d3d4c82ecc9eb37270adac5f192d4b63ef84ef7",,"PENDING","false"
"DOC563",,,,"DOC563.pdf","PDF",,"documents\DOC563.pdf","cb10e15cea1dd66d02f70a8312e88950ef8e5832e1b57a4ff35cc8164098c08d",,"PENDING","false"
"DOC564",,,,"DOC564.pdf","PDF",,"documents\DOC564.pdf","65f80767ed8f393fdb8a0090d72ee622e5dee750122be60d81eb595ea980faa4",,"PENDING","false"
"DOC565",,,,"DOC565.pdf","PDF",,"documents\DOC565.pdf","75936ad725035c6f0d55b63d7d49870638027b3f025005a6c042dd92290c235d",,"PENDING","false"
"DOC566",,,,"DOC566.pdf","PDF",,"documents\DOC566.pdf","2d9707406c87b0415d1da18c6f287201ec4e56299a5545fb5668f5136d8efe50",,"PENDING","false"
"DOC567",,,,"DOC567.pdf","PDF",,"documents\DOC567.pdf","f42d7f631d0374bd37caa56bd23e4944593104539dc526f8281c23e19652ec42",,"PENDING","false"
"DOC568",,,,"DOC568.pdf","PDF",,"documents\DOC568.pdf","21361020940fc7fb7e3fa631583a45897d3a534539fab3415517a7e54ee47ebc",,"PENDING","false"
"DOC569",,,,"DOC569.pdf","PDF",,"documents\DOC569.pdf","4721e1868c7cb06e31871467cb28828b9a522f47e0b1f07b4c6f0b43ab7ebb74",,"PENDING","false"
"DOC570",,,,"DOC570.pdf","PDF",,"documents\DOC570.pdf","8de64d0fc2e52eae6a17c4e1e583848a082b347dbf855f0a4be2568161229e4f",,"PENDING","false"
"DOC571",,,,"DOC571.pdf","PDF",,"documents\DOC571.pdf","154a09c9f0f4335a57df962af1a8a63241e62429ea8b42d44c76c533b25d70ca",,"PENDING","false"
"DOC572",,,,"DOC572.pdf","PDF",,"documents\DOC572.pdf","9feb9859c4676e7c86fd709c5d51e6c78088dad76de16abd1852fb4650b3d770",,"PENDING","false"
"DOC573",,,,"DOC573.pdf","PDF",,"documents\DOC573.pdf","d5bc7360e805a968cd80facd62b875bf15df2b220a64da3dd7bce4eab95592a5",,"PENDING","false"
"DOC574",,,,"DOC574.pdf","PDF",,"documents\DOC574.pdf","a1e22e05b135b9f7719539ee2ebc1df43162e18ec47a633b05ad6496d5cad7fb",,"PENDING","false"
"DOC575",,,,"DOC575.pdf","PDF",,"documents\DOC575.pdf","a68abdc6d8e14eaf7d17b0aea06b252e760620465f88cb4f9d7ab0894921ede8",,"PENDING","false"
"DOC576",,,,"DOC576.pdf","PDF",,"documents\DOC576.pdf","01ed7c1f1872592c988cee9101195940afdc25640505d2f408f8ff4a026cb2f8",,"PENDING","false"
"DOC577",,,,"DOC577.pdf","PDF",,"documents\DOC577.pdf","0ceaa52aed0a4a99a9b201c018d5501bd8df53d21096cdc9d1e9b3550c8d4728",,"PENDING","false"
"DOC578",,,,"DOC578.pdf","PDF",,"documents\DOC578.pdf","10ab161322d5c7d9b384a2bee9782ae811f83192dd0dd6cdde9d74627e54e86b",,"PENDING","false"
"DOC579",,,,"DOC579.pdf","PDF",,"documents\DOC579.pdf","33e6d83c23abefef7f4dafc73978603cf6fa359c0d2015617632c28f40bc049e",,"PENDING","false"
"DOC580",,,,"DOC580.pdf","PDF",,"documents\DOC580.pdf","8b2ea0f5b4ae4a5f2f15ca5eb3e4f93506c843045e18a33eeb28a23d27547b02",,"PENDING","false"
"DOC581",,,,"DOC581.pdf","PDF",,"documents\DOC581.pdf","38c6e3ae4cd8d5be6f059f26d2b7d4d50231cc7c3109ac760dbfb8aa29c1fe5a",,"PENDING","false"
"DOC582",,,,"DOC582.pdf","PDF",,"documents\DOC582.pdf","4d1ece436f8ba19f0915f65bfbe090a8fedc80222494e137900e79e560bb1577",,"PENDING","false"
"DOC583",,,,"DOC583.pdf","PDF",,"documents\DOC583.pdf","320e98be213d56cbb6edb883f243bfc7c66056db81e368a248b1713356c3400b",,"PENDING","false"
"DOC584",,,,"DOC584.pdf","PDF",,"documents\DOC584.pdf","af7af94f9fd9ebe05a00b275da7e3c8ec19eb43a0077c3384f125f5fdc889448",,"PENDING","false"
"DOC585",,,,"DOC585.pdf","PDF",,"documents\DOC585.pdf","901188fc5125ccc68db9de62cb65d394f3f36c81e58fb37af07ea2357844f4bc",,"PENDING","false"
"DOC586",,,,"DOC586.pdf","PDF",,"documents\DOC586.pdf","bcab2afc062c70b8297fb61575fcb2a7551f88c1656b4feeba590d824c3fae48",,"PENDING","false"
"DOC587",,,,"DOC587.pdf","PDF",,"documents\DOC587.pdf","0915706b6ef7bf853fa58158e8aebf4c93286c24e7a17dba6f6ae46bdd794ef0",,"PENDING","false"
"DOC588",,,,"DOC588.pdf","PDF",,"documents\DOC588.pdf","cc19693b0ddfb80ad625d93286f02b35e678b5c425ab7558007c391ead6a12f3",,"PENDING","false"
"DOC589",,,,"DOC589.pdf","PDF",,"documents\DOC589.pdf","f3cf29dee38f95e18c75c3697bfd7f4e934bc4e17af6d05bf3bfdac426616ad5",,"PENDING","false"
"DOC590",,,,"DOC590.pdf","PDF",,"documents\DOC590.pdf","a1066d32ba3dbf143881b79c768d6fe33b5150895f8e5022efef80051618363d",,"PENDING","false"
"DOC591",,,,"DOC591.pdf","PDF",,"documents\DOC591.pdf","b789756f84ac8d530a29b70327ee77465ca8def2b709b08fd422143f2a6696c3",,"PENDING","false"
"DOC592",,,,"DOC592.pdf","PDF",,"documents\DOC592.pdf","9c808bc8f1a8bdb3c8bb21be23497185d4c70155381238b948c5d8984f28b8f5",,"PENDING","false"
"DOC593",,,,"DOC593.pdf","PDF",,"documents\DOC593.pdf","11dce5b2f0eb2bf807d5706425b6100412b99bf5f3a32eee7c92b19bdc400d23",,"PENDING","false"
"DOC594",,,,"DOC594.pdf","PDF",,"documents\DOC594.pdf","749c395cbfa89b14cc84a87dcc90f83fc3350cf5818e045a8295d656920d6f46",,"PENDING","false"
"DOC595",,,,"DOC595.pdf","PDF",,"documents\DOC595.pdf","7446fcaefad5d1068a7136bcec5df8f581c165f0ce5a973e610f29487cc60d5d",,"PENDING","false"
"DOC596",,,,"DOC596.pdf","PDF",,"documents\DOC596.pdf","2a562d5521d852becc95c807f54d7ab36945308332e449791d2176d70b8f4c5c",,"PENDING","false"
"DOC597",,,,"DOC597.pdf","PDF",,"documents\DOC597.pdf","abe2d5e101e35aff72dcb059914a0f51c8cd5c912eccb3e0fa4392545530e66a",,"PENDING","false"
"DOC598",,,,"DOC598.pdf","PDF",,"documents\DOC598.pdf","7d107e1d074c801f2f56e2584c7bb8a61947e8a900f237d3de4bf469e2775250",,"PENDING","false"
"DOC599",,,,"DOC599.pdf","PDF",,"documents\DOC599.pdf","82949b68573b29139b0c0dac874861c31f972d7d5478068cdbac30f44d4c63af",,"PENDING","false"
"DOC600",,,,"DOC600.pdf","PDF",,"documents\DOC600.pdf","a8c914f4461790903fabe9d80f499621cf7b5497a120a5cb015cf481d4a10f3f",,"PENDING","false"
"DOC601",,,,"DOC601.pdf","PDF",,"documents\DOC601.pdf","4ac357fb7a5dba78f6f9e8063f1aa169193314b555af543f2017234e3c9790bf",,"PENDING","false"
"DOC602",,,,"DOC602.pdf","PDF",,"documents\DOC602.pdf","eb71e3d5513d94bbb98e544b6d5ffcc81f32c4f56ee133177bdb2e443247093f",,"PENDING","false"
"DOC603",,,,"DOC603.pdf","PDF",,"documents\DOC603.pdf","1ce99565adefde59e10633e76ea042b535ecd3c22298c58b048dd76a9cd07bfd",,"PENDING","false"
"DOC604",,,,"DOC604.pdf","PDF",,"documents\DOC604.pdf","a83049bf67ec25a26913d462e988e35b5503cd789b0d4800863d7ee3c20d38b4",,"PENDING","false"
"DOC605",,,,"DOC605.pdf","PDF",,"documents\DOC605.pdf","44e6d35e35b14733fb348ce127f2fa686797294dff6e5d25a84571ee7e01b09d",,"PENDING","false"
"DOC606",,,,"DOC606.pdf","PDF",,"documents\DOC606.pdf","5ffce538996d6a021ae98f69154db1e370a2e4cde8507d42038fe6d5f74312a4",,"PENDING","false"
"DOC607",,,,"DOC607.pdf","PDF",,"documents\DOC607.pdf","4b729adf37e14ec71b5ed56025eabc2f6cd51e023f1dc7f1af271eb0215a690a",,"PENDING","false"
"DOC608",,,,"DOC608.pdf","PDF",,"documents\DOC608.pdf","c66d7d936e9d1c27019fc3e512c8ae6ed805f56bd996748ebbca22cffdf1d7f5",,"PENDING","false"
"DOC609",,,,"DOC609.pdf","PDF",,"documents\DOC609.pdf","68a8d81f9d207052851fda1d8ba24f7f8d4f5419efc5717bb25babdb8cad8d3e",,"PENDING","false"
"DOC610",,,,"DOC610.pdf","PDF",,"documents\DOC610.pdf","fd2157bc1e61ecb94e999469a311e748fde8d38bec19843fe67d7d3013c8471d",,"PENDING","false"
"DOC611",,,,"DOC611.pdf","PDF",,"documents\DOC611.pdf","aa0f1c7db764438088fb34cc8006ab5869f4675333064ac93dacee115c7e6866",,"PENDING","false"
"DOC612",,,,"DOC612.pdf","PDF",,"documents\DOC612.pdf","92d587cd583dd6f204ea0122068863991ffe8f0e3f066591295f14f237a3b388",,"PENDING","false"
"DOC613",,,,"DOC613.pdf","PDF",,"documents\DOC613.pdf","2391acb520ae6079a0349fc73cb6f6770588eccb182b6947b980d818d397d574",,"PENDING","false"
"DOC614",,,,"DOC614.pdf","PDF",,"documents\DOC614.pdf","4c0448ecc514f58447783e104f526462e46153036ab7ded7087f54b05b0cc960",,"PENDING","false"
"DOC615",,,,"DOC615.pdf","PDF",,"documents\DOC615.pdf","9070b9903ba84560d7954f7d2bb8991e15af58aa129ae7121aa6a1b93563d9a0",,"PENDING","false"
"DOC616",,,,"DOC616.pdf","PDF",,"documents\DOC616.pdf","97ecb4f5d55f866a4ac39439065cae26ecbd91ca945b8929f438ed8dcb4dbfdf",,"PENDING","false"
"DOC617",,,,"DOC617.pdf","PDF",,"documents\DOC617.pdf","5cfa5bfdf6093663c7e46a4b3522f83ee069a6181d6c8b35c29478ad3a0c57fb",,"PENDING","false"
"DOC618",,,,"DOC618.pdf","PDF",,"documents\DOC618.pdf","10a0a0931aadce1d1c798149cd0e4a009552f6f9a43447a09c3a5d0e6e244eb7",,"PENDING","false"
"DOC619",,,,"DOC619.pdf","PDF",,"documents\DOC619.pdf","42fe7156550990af14978f37688035b31de496acc991f52527e742e151217145",,"PENDING","false"
"DOC620",,,,"DOC620.pdf","PDF",,"documents\DOC620.pdf","c3bcf064fd7f4235a8c63902aa65b40d5d26c1d2eb398500625cb7ffcc804eb8",,"PENDING","false"
"DOC621",,,,"DOC621.pdf","PDF",,"documents\DOC621.pdf","5a7e07f8f18d19915912ab8b3bc6541f9bfbcd6fae42d91c3f8811c47bfcf44a",,"PENDING","false"
"DOC622",,,,"DOC622.pdf","PDF",,"documents\DOC622.pdf","b88e40bb3776cc6ca1e4fd1aec004cab06b329376e7a5b3aa399356f7f4e7859",,"PENDING","false"
