tender_id,project_name,vendor_name,bid_amount,estimated_amount,status,submission_date
T001,"Cattle Shed and Veterinary Centre - Pune","Meenakshi Developers",1770000,2002000,AWARDED,2024-01-13T00:00:00Z
T001,"Cattle Shed and Veterinary Centre - Pune","Ram Construction Co",2099000,2002000,ACTIVE,2024-01-16T00:00:00Z
T001,"Cattle Shed and Veterinary Centre - Pune","Simplex Infra Pvt Ltd",1916000,2002000,ACTIVE,2024-01-16T00:00:00Z
T002,"Panchayat Community Hall - Pune","Ganga Engineering Ltd",4884000,5439000,AWARDED,2024-03-02T00:00:00Z
T002,"Panchayat Community Hall - Pune","PQR Construction Co",5618000,5439000,ACTIVE,2024-03-03T00:00:00Z
T002,"Panchayat Community Hall - Pune","Ambika Contractors",5153000,5439000,ACTIVE,2024-03-06T00:00:00Z
T003,"Community Pond Renovation - Pune","Tamil Group",4113000,4742000,AWARDED,2024-07-27T00:00:00Z
T003,"Community Pond Renovation - Pune","Bengal Engineering Ltd",5164000,4742000,SUBMITTED,2024-07-28T00:00:00Z
T004,"Soil Conservation Works - Nashik","Shiva Solutions",4996000,5552000,AWARDED,2024-05-31T00:00:00Z
T004,"Soil Conservation Works - Nashik","Premier Constructions Pvt Ltd",5333000,5552000,SUBMITTED,2024-06-01T00:00:00Z
T005,"Fair Price Shop Construction - Nashik","Shapoorji Engineering",1134000,1212000,AWARDED,2024-08-07T00:00:00Z
T005,"Fair Price Shop Construction - Nashik","Andhra Infrastructure",1119000,1212000,SUBMITTED,2024-08-11T00:00:00Z
T006,"Community Pond Renovation - Nashik","Marwar Works",2975000,3494000,AWARDED,2024-08-20T00:00:00Z
T006,"Community Pond Renovation - Nashik","Ram Constructions Pvt Ltd",3570000,3494000,SUBMITTED,2024-08-24T00:00:00Z
T006,"Community Pond Renovation - Nashik","Durga Enterprises",3586000,3494000,SUBMITTED,2024-08-21T00:00:00Z
T007,"Cold Storage Facility - Nashik","Meenakshi Constructions Pvt Ltd",6508000,7108000,AWARDED,2024-10-16T00:00:00Z
T007,"Cold Storage Facility - Nashik","AFCONS Constructions Pvt Ltd",7268000,7108000,ACTIVE,2024-10-18T00:00:00Z
T008,"Drainage and Sanitation Works - Aurangabad","Pioneer Construction Co",2146000,2320000,AWARDED,2024-02-10T00:00:00Z
T008,"Drainage and Sanitation Works - Aurangabad","Lakshmi Associates",2510000,2320000,ACTIVE,2024-02-12T00:00:00Z
T008,"Drainage and Sanitation Works - Aurangabad","Green Engineering Ltd",2323000,2320000,ACTIVE,2024-02-13T00:00:00Z
T009,"Borewell and Handpump Installation - Aurangabad","Krishna Infrastructure",1579000,1813000,AWARDED,2024-04-08T00:00:00Z
T009,"Borewell and Handpump Installation - Aurangabad","Megha Developers",2044000,1813000,SUBMITTED,2024-04-10T00:00:00Z
T009,"Borewell and Handpump Installation - Aurangabad","Ambika Engineering",1947000,1813000,ACTIVE,2024-04-11T00:00:00Z
T010,"Cattle Shed and Veterinary Centre - Aurangabad","Pioneer Developers",2932000,3154000,AWARDED,2024-08-19T00:00:00Z
T010,"Cattle Shed and Veterinary Centre - Aurangabad","Ganga Infra Ltd",3037000,3154000,SUBMITTED,2024-08-22T00:00:00Z
T010,"Cattle Shed and Veterinary Centre - Aurangabad","Ganga Builders",3304000,3154000,SUBMITTED,2024-08-20T00:00:00Z
T011,"Solid Waste Management System - Aurangabad","Durga Developers",3245000,3447000,AWARDED,2024-03-21T00:00:00Z
T011,"Solid Waste Management System - Aurangabad","Ambika Solutions",3715000,3447000,SUBMITTED,2024-03-25T00:00:00Z
T011,"Solid Waste Management System - Aurangabad","Om Engineering Ltd",3167000,3447000,ACTIVE,2024-03-25T00:00:00Z
T012,"Solid Waste Management System - Nagpur","AFCONS Engineering",9930000,11674000,AWARDED,2024-08-11T00:00:00Z
T012,"Solid Waste Management System - Nagpur","Andhra Construction Co",11662000,11674000,SUBMITTED,2024-08-15T00:00:00Z
T013,"Government Primary School Renovation - Nagpur","Green Enterprises",2611000,2958000,AWARDED,2024-06-04T00:00:00Z
T013,"Government Primary School Renovation - Nagpur","National Infrastructure",3333000,2958000,SUBMITTED,2024-06-07T00:00:00Z
T014,"Rural Bridge Construction - Nagpur","Durga Projects",31255000,36443000,AWARDED,2024-04-19T00:00:00Z
T014,"Rural Bridge Construction - Nagpur","Ganga Enterprises",35689000,36443000,ACTIVE,2024-04-23T00:00:00Z
T015,"Government Primary School Renovation - Solapur","Jai Services",8274000,8991000,AWARDED,2024-04-22T00:00:00Z
T015,"Government Primary School Renovation - Solapur","Sai Projects",9355000,8991000,SUBMITTED,2024-04-26T00:00:00Z
T016,"Water Supply Pipeline Installation - Solapur","Sunrise Works",13323000,15145000,AWARDED,2024-06-04T00:00:00Z
T016,"Water Supply Pipeline Installation - Solapur","Rajasthan Solutions",14977000,15145000,SUBMITTED,2024-06-05T00:00:00Z
T017,"Rainwater Harvesting Structure - Solapur","Premier Infrastructure",3222000,3619000,AWARDED,2024-08-07T00:00:00Z
T017,"Rainwater Harvesting Structure - Solapur","J Kumar Constructions",3736000,3619000,SUBMITTED,2024-08-09T00:00:00Z
T017,"Rainwater Harvesting Structure - Solapur","Ganga Corporation",3244000,3619000,SUBMITTED,2024-08-11T00:00:00Z
T018,"Rural Bridge Construction - Solapur","Elite Infrastructure",9847000,11099000,AWARDED,2024-05-05T00:00:00Z
T018,"Rural Bridge Construction - Solapur","Sunrise Developers",12206000,11099000,SUBMITTED,2024-05-09T00:00:00Z
T018,"Rural Bridge Construction - Solapur","Premier Engineering",10149000,11099000,SUBMITTED,2024-05-07T00:00:00Z
T019,"Solid Waste Management System - Kolhapur","Apex Constructions Pvt Ltd",8468000,9343000,AWARDED,2024-08-21T00:00:00Z
T019,"Solid Waste Management System - Kolhapur","Ganga Civil Works",8466000,9343000,SUBMITTED,2024-08-24T00:00:00Z
T020,"Rural Road Construction - Kolhapur","ABC Contractors",19751000,20876000,AWARDED,2024-06-22T00:00:00Z
T020,"Rural Road Construction - Kolhapur","Om Infrastructure",23280000,20876000,SUBMITTED,2024-06-25T00:00:00Z
T021,"Cattle Shed and Veterinary Centre - Kolhapur","Shapoorji Construction Co",2065000,2192000,AWARDED,2024-05-16T00:00:00Z
T021,"Cattle Shed and Veterinary Centre - Kolhapur","Marwar Developers",2212000,2192000,SUBMITTED,2024-05-18T00:00:00Z
T022,"Tribal Welfare Hostel Construction - Kolhapur","Tamil Contractors",16874000,18979000,AWARDED,2024-04-11T00:00:00Z
T022,"Tribal Welfare Hostel Construction - Kolhapur","Marwar Civil Works",19719000,18979000,SUBMITTED,2024-04-12T00:00:00Z
T023,"PMGSY Road Upgradation - Satara","Pratap Civil Works",26800000,30817000,AWARDED,2024-04-09T00:00:00Z
T023,"PMGSY Road Upgradation - Satara","Bengal Engineering",34208000,30817000,ACTIVE,2024-04-13T00:00:00Z
T023,"PMGSY Road Upgradation - Satara","Simplex Projects",33891000,30817000,SUBMITTED,2024-04-11T00:00:00Z
T024,"Community Pond Renovation - Satara","Royal Solutions",2288000,2640000,AWARDED,2024-06-15T00:00:00Z
T024,"Community Pond Renovation - Satara","Tata Services",2788000,2640000,ACTIVE,2024-06-18T00:00:00Z
T024,"Community Pond Renovation - Satara","Apex Infra Ltd",2391000,2640000,ACTIVE,2024-06-17T00:00:00Z
T025,"Solid Waste Management System - Satara","Ambika Engineering Ltd",7592000,8549000,AWARDED,2024-02-03T00:00:00Z
T025,"Solid Waste Management System - Satara","Krishna Associates",7926000,8549000,SUBMITTED,2024-02-05T00:00:00Z
T026,"Gram Panchayat Office Renovation - Sangli","AFCONS Solutions",1750000,2058000,AWARDED,2024-05-16T00:00:00Z
T026,"Gram Panchayat Office Renovation - Sangli","Gujarat Engineering",2311000,2058000,ACTIVE,2024-05-17T00:00:00Z
T026,"Gram Panchayat Office Renovation - Sangli","IRB Infra Pvt Ltd",2195000,2058000,SUBMITTED,2024-05-17T00:00:00Z
T027,"PMGSY Road Upgradation - Sangli","Ram Construction Co",16869000,18766000,AWARDED,2024-03-20T00:00:00Z
T027,"PMGSY Road Upgradation - Sangli","Birla Contractors",18609000,18766000,ACTIVE,2024-03-24T00:00:00Z
T028,"Cattle Shed and Veterinary Centre - Sangli","Elite Engineering Ltd",3552000,4071000,AWARDED,2024-08-09T00:00:00Z
T028,"Cattle Shed and Veterinary Centre - Sangli","Era Associates",4548000,4071000,SUBMITTED,2024-08-12T00:00:00Z
T028,"Cattle Shed and Veterinary Centre - Sangli","Saraswati Group",4418000,4071000,SUBMITTED,2024-08-10T00:00:00Z
T029,"Drainage and Sanitation Works - Ratnagiri","Birla Associates",3843000,4495000,AWARDED,2024-04-17T00:00:00Z
T029,"Drainage and Sanitation Works - Ratnagiri","IRB Solutions",4716000,4495000,ACTIVE,2024-04-18T00:00:00Z
T030,"Drainage and Sanitation Works - Ratnagiri","Megha Enterprises",8494000,9659000,AWARDED,2024-02-08T00:00:00Z
T030,"Drainage and Sanitation Works - Ratnagiri","Krishna Infrastructure",9072000,9659000,SUBMITTED,2024-02-09T00:00:00Z
T031,"Rural Bridge Construction - Ratnagiri","Green Engineering",12208000,13658000,AWARDED,2024-08-13T00:00:00Z
T031,"Rural Bridge Construction - Ratnagiri","J Kumar Developers",13072000,13658000,SUBMITTED,2024-08-14T00:00:00Z
T031,"Rural Bridge Construction - Ratnagiri","ABC Services",15312000,13658000,SUBMITTED,2024-08-14T00:00:00Z
T032,"Cold Storage Facility - Ratnagiri","Andhra Associates",17736000,20353000,AWARDED,2024-05-07T00:00:00Z
T032,"Cold Storage Facility - Ratnagiri","Saraswati Solutions",21170000,20353000,ACTIVE,2024-05-10T00:00:00Z
T032,"Cold Storage Facility - Ratnagiri","Rajasthan Builders",21367000,20353000,SUBMITTED,2024-05-10T00:00:00Z
T033,"Panchayat Community Hall - Amravati","Ganga Associates",4419000,5028000,AWARDED,2024-07-21T00:00:00Z
T033,"Panchayat Community Hall - Amravati","Blue Construction Co",5343000,5028000,SUBMITTED,2024-07-23T00:00:00Z
T034,"Cold Storage Facility - Amravati","Era Construction Co",14963000,17142000,AWARDED,2024-02-24T00:00:00Z
T034,"Cold Storage Facility - Amravati","Island Builders",19273000,17142000,ACTIVE,2024-02-26T00:00:00Z
T034,"Cold Storage Facility - Amravati","Megha Group",16972000,17142000,SUBMITTED,2024-02-28T00:00:00Z
T035,"Water Supply Pipeline Installation - Amravati","Krishna Constructions",17261000,19732000,AWARDED,2024-09-07T00:00:00Z
T035,"Water Supply Pipeline Installation - Amravati","Marwar Associates",20259000,19732000,ACTIVE,2024-09-08T00:00:00Z
T036,"Rural Bridge Construction - Amravati","Era Developers",12251000,13104000,AWARDED,2024-08-29T00:00:00Z
T036,"Rural Bridge Construction - Amravati","Marwar Infra Ltd",13077000,13104000,ACTIVE,2024-09-02T00:00:00Z
T036,"Rural Bridge Construction - Amravati","Shree Services",11800000,13104000,SUBMITTED,2024-09-01T00:00:00Z
T037,"Rainwater Harvesting Structure - Jaipur","Marwar Services",2591000,2862000,AWARDED,2024-03-01T00:00:00Z
T037,"Rainwater Harvesting Structure - Jaipur","ABC Corporation",2634000,2862000,SUBMITTED,2024-03-04T00:00:00Z
T038,"Primary Health Sub-Centre Construction - Jaipur","Vinayak Infra Ltd",5712000,6116000,AWARDED,2024-01-12T00:00:00Z
T038,"Primary Health Sub-Centre Construction - Jaipur","Era Associates",6596000,6116000,ACTIVE,2024-01-15T00:00:00Z
T038,"Primary Health Sub-Centre Construction - Jaipur","Rajasthan Engineering",5448000,6116000,SUBMITTED,2024-01-14T00:00:00Z
T039,"Cattle Shed and Veterinary Centre - Jaipur","Green Solutions",5168000,5903000,AWARDED,2024-02-04T00:00:00Z
T039,"Cattle Shed and Veterinary Centre - Jaipur","Birla Solutions",5394000,5903000,SUBMITTED,2024-02-08T00:00:00Z
T040,"Cold Storage Facility - Jaipur","AFCONS Infra Ltd",19374000,21962000,AWARDED,2024-05-07T00:00:00Z
T040,"Cold Storage Facility - Jaipur","Tamil Associates",23529000,21962000,SUBMITTED,2024-05-11T00:00:00Z
T041,"Rural Bridge Construction - Jodhpur","AFCONS Works",9610000,10541000,AWARDED,2024-04-06T00:00:00Z
T041,"Rural Bridge Construction - Jodhpur","Ramesh Builders",10847000,10541000,SUBMITTED,2024-04-10T00:00:00Z
T041,"Rural Bridge Construction - Jodhpur","Pratap Infra Pvt Ltd",11758000,10541000,SUBMITTED,2024-04-07T00:00:00Z
T042,"Skill Development Training Centre - Jodhpur","Sahyadri Group",5311000,6140000,AWARDED,2024-03-31T00:00:00Z
T042,"Skill Development Training Centre - Jodhpur","Krishna Developers",6460000,6140000,ACTIVE,2024-04-01T00:00:00Z
T042,"Skill Development Training Centre - Jodhpur","Marwar Construction Co",6385000,6140000,SUBMITTED,2024-04-04T00:00:00Z
T043,"Rainwater Harvesting Structure - Jodhpur","Durga Group",3992000,4459000,AWARDED,2024-04-16T00:00:00Z
T043,"Rainwater Harvesting Structure - Jodhpur","Royal Constructions Pvt Ltd",4322000,4459000,SUBMITTED,2024-04-17T00:00:00Z
T043,"Rainwater Harvesting Structure - Jodhpur","Pandian Engineering",4956000,4459000,SUBMITTED,2024-04-18T00:00:00Z
T044,"PMGSY Road Upgradation - Udaipur","Green Corporation",48207000,53916000,AWARDED,2024-04-22T00:00:00Z
T044,"PMGSY Road Upgradation - Udaipur","BrightSun Construction Co",56280000,53916000,SUBMITTED,2024-04-25T00:00:00Z
T044,"PMGSY Road Upgradation - Udaipur","PQR Constructions Pvt Ltd",57556000,53916000,ACTIVE,2024-04-23T00:00:00Z
T045,"Panchayat Community Hall - Udaipur","NCC Corporation",4756000,5187000,AWARDED,2024-06-12T00:00:00Z
T045,"Panchayat Community Hall - Udaipur","Om Constructions Pvt Ltd",5458000,5187000,ACTIVE,2024-06-16T00:00:00Z
T046,"PMGSY Road Upgradation - Udaipur","Ganesh Civil Works",42402000,44828000,AWARDED,2024-06-25T00:00:00Z
T046,"PMGSY Road Upgradation - Udaipur","Era Services",46543000,44828000,ACTIVE,2024-06-28T00:00:00Z
T047,"Government Primary School Renovation - Bikaner","Island Infra Ltd",1987000,2223000,AWARDED,2024-07-30T00:00:00Z
T047,"Government Primary School Renovation - Bikaner","Jai Contractors",2401000,2223000,SUBMITTED,2024-08-03T00:00:00Z
T048,"Government Primary School Renovation - Bikaner","Gujarat Developers",2727000,3170000,AWARDED,2024-07-13T00:00:00Z
T048,"Government Primary School Renovation - Bikaner","XYZ Infra Ltd",3240000,3170000,SUBMITTED,2024-07-16T00:00:00Z
T048,"Government Primary School Renovation - Bikaner","Megha Corporation",3543000,3170000,ACTIVE,2024-07-15T00:00:00Z
T049,"Primary Health Sub-Centre Construction - Bikaner","Ambika Enterprises",10192000,10901000,AWARDED,2024-07-15T00:00:00Z
T049,"Primary Health Sub-Centre Construction - Bikaner","Ramesh Services",11418000,10901000,SUBMITTED,2024-07-17T00:00:00Z
T050,"Rural Bridge Construction - Bikaner","Island Projects",17635000,20228000,AWARDED,2024-05-06T00:00:00Z
T050,"Rural Bridge Construction - Bikaner","Durga Infra Ltd",18269000,20228000,ACTIVE,2024-05-07T00:00:00Z
T050,"Rural Bridge Construction - Bikaner","J Kumar Enterprises",18565000,20228000,ACTIVE,2024-05-08T00:00:00Z
T051,"Drainage and Sanitation Works - Ajmer","Simplex Engineering Ltd",2680000,2838000,AWARDED,2024-06-14T00:00:00Z
T051,"Drainage and Sanitation Works - Ajmer","Blue Builders",2594000,2838000,SUBMITTED,2024-06-17T00:00:00Z
T051,"Drainage and Sanitation Works - Ajmer","Durga Infrastructure",2606000,2838000,ACTIVE,2024-06-15T00:00:00Z
T052,"Water Supply Pipeline Installation - Ajmer","Apex Corporation",9133000,9781000,AWARDED,2024-05-21T00:00:00Z
T052,"Water Supply Pipeline Installation - Ajmer","Krishna Works",9049000,9781000,ACTIVE,2024-05-24T00:00:00Z
T052,"Water Supply Pipeline Installation - Ajmer","Royal Engineering Ltd",9560000,9781000,SUBMITTED,2024-05-25T00:00:00Z
T053,"Borewell and Handpump Installation - Ajmer","Ganga Works",2140000,2453000,AWARDED,2024-04-08T00:00:00Z
T053,"Borewell and Handpump Installation - Ajmer","NCC Services",2179000,2453000,ACTIVE,2024-04-12T00:00:00Z
T054,"Check Dam Construction - Kota","Om Constructions",8611000,9712000,AWARDED,2024-01-27T00:00:00Z
T054,"Check Dam Construction - Kota","National Infra Pvt Ltd",10797000,9712000,SUBMITTED,2024-01-28T00:00:00Z
T055,"Public Toilet Block (SBMG) - Kota","Island Group",1959000,2130000,AWARDED,2024-05-20T00:00:00Z
T055,"Public Toilet Block (SBMG) - Kota","Larsen Builders",2219000,2130000,SUBMITTED,2024-05-21T00:00:00Z
T055,"Public Toilet Block (SBMG) - Kota","Megha Associates",2026000,2130000,ACTIVE,2024-05-21T00:00:00Z
T056,"Anganwadi Centre Construction - Kota","Tamil Engineering Ltd",3115000,3456000,AWARDED,2024-03-01T00:00:00Z
T056,"Anganwadi Centre Construction - Kota","Ram Construction Co",3300000,3456000,SUBMITTED,2024-03-05T00:00:00Z
T057,"Tribal Welfare Hostel Construction - Kota","Jai Projects",7457000,7893000,AWARDED,2024-06-23T00:00:00Z
T057,"Tribal Welfare Hostel Construction - Kota","Sai Infrastructure",7979000,7893000,ACTIVE,2024-06-24T00:00:00Z
T057,"Tribal Welfare Hostel Construction - Kota","Meenakshi Constructions",7500000,7893000,SUBMITTED,2024-06-25T00:00:00Z
T058,"Solar Street Lighting - Barmer","IRB Civil Works",1775000,1952000,AWARDED,2024-10-25T00:00:00Z
T058,"Solar Street Lighting - Barmer","Rajasthan Group",2018000,1952000,SUBMITTED,2024-10-26T00:00:00Z
T058,"Solar Street Lighting - Barmer","Royal Engineering Ltd",2107000,1952000,ACTIVE,2024-10-27T00:00:00Z
T059,"Tribal Welfare Hostel Construction - Barmer","Andhra Engineering Ltd",13462000,14676000,AWARDED,2024-01-23T00:00:00Z
T059,"Tribal Welfare Hostel Construction - Barmer","ABC Infrastructure",13889000,14676000,SUBMITTED,2024-01-26T00:00:00Z
T060,"Rural Road Construction - Barmer","KNR Civil Works",10296000,11111000,AWARDED,2024-01-22T00:00:00Z
T060,"Rural Road Construction - Barmer","Tamil Works",12346000,11111000,SUBMITTED,2024-01-24T00:00:00Z
T060,"Rural Road Construction - Barmer","Om Builders",10364000,11111000,SUBMITTED,2024-01-25T00:00:00Z
T061,"Cold Storage Facility - Sikar","PQR Engineering",20807000,21944000,AWARDED,2024-07-31T00:00:00Z
T061,"Cold Storage Facility - Sikar","Bengal Services",23623000,21944000,SUBMITTED,2024-08-04T00:00:00Z
T062,"Cold Storage Facility - Sikar","KNR Corporation",15921000,16794000,AWARDED,2024-07-19T00:00:00Z
T062,"Cold Storage Facility - Sikar","Apex Constructions Pvt Ltd",15495000,16794000,SUBMITTED,2024-07-21T00:00:00Z
T062,"Cold Storage Facility - Sikar","Gujarat Associates",15168000,16794000,SUBMITTED,2024-07-21T00:00:00Z
T063,"Public Toilet Block (SBMG) - Sikar","Ramesh Constructions Pvt Ltd",1915000,2025000,AWARDED,2024-07-28T00:00:00Z
T063,"Public Toilet Block (SBMG) - Sikar","Krishna Infrastructure",1931000,2025000,ACTIVE,2024-08-01T00:00:00Z
T064,"Panchayat Community Hall - Bharatpur","J Kumar Solutions",4844000,5340000,AWARDED,2024-03-24T00:00:00Z
T064,"Panchayat Community Hall - Bharatpur","Jai Projects",5412000,5340000,SUBMITTED,2024-03-25T00:00:00Z
T065,"Water Supply Pipeline Installation - Bharatpur","Bengal Enterprises",3864000,4379000,AWARDED,2024-04-16T00:00:00Z
T065,"Water Supply Pipeline Installation - Bharatpur","Sunrise Corporation",4203000,4379000,SUBMITTED,2024-04-18T00:00:00Z
T066,"Rural Electrification Works - Bharatpur","Simplex Solutions",7938000,8456000,AWARDED,2024-05-22T00:00:00Z
T066,"Rural Electrification Works - Bharatpur","Gujarat Projects",7899000,8456000,ACTIVE,2024-05-26T00:00:00Z
T067,"Rural Electrification Works - Bharatpur","Shree Contractors",2626000,2932000,AWARDED,2024-06-26T00:00:00Z
T067,"Rural Electrification Works - Bharatpur","Simplex Civil Works",3187000,2932000,ACTIVE,2024-06-28T00:00:00Z
T068,"Rural Electrification Works - Alwar","Era Contractors",8206000,8750000,AWARDED,2024-07-02T00:00:00Z
T068,"Rural Electrification Works - Alwar","XYZ Builders",7828000,8750000,SUBMITTED,2024-07-04T00:00:00Z
T069,"Irrigation Canal Construction - Alwar","Ambika Services",24247000,28481000,AWARDED,2024-06-27T00:00:00Z
T069,"Irrigation Canal Construction - Alwar","XYZ Builders",27167000,28481000,SUBMITTED,2024-06-30T00:00:00Z
T069,"Irrigation Canal Construction - Alwar","Jai Infra Pvt Ltd",28270000,28481000,SUBMITTED,2024-07-01T00:00:00Z
T070,"PMGSY Road Upgradation - Alwar","Island Contractors",50620000,56263000,AWARDED,2024-02-08T00:00:00Z
T070,"PMGSY Road Upgradation - Alwar","Andhra Infrastructure",57571000,56263000,ACTIVE,2024-02-10T00:00:00Z
T070,"PMGSY Road Upgradation - Alwar","Larsen Construction Co",50561000,56263000,SUBMITTED,2024-02-11T00:00:00Z
T071,"Panchayat Community Hall - Indore","Om Associates",8743000,10046000,AWARDED,2024-06-19T00:00:00Z
T071,"Panchayat Community Hall - Indore","KNR Enterprises",9103000,10046000,SUBMITTED,2024-06-20T00:00:00Z
T071,"Panchayat Community Hall - Indore","Krishna Infra Ltd",10473000,10046000,ACTIVE,2024-06-20T00:00:00Z
T072,"Borewell and Handpump Installation - Indore","Ganga Corporation",752000,868000,AWARDED,2024-06-16T00:00:00Z
T072,"Borewell and Handpump Installation - Indore","Ram Construction Co",785000,868000,ACTIVE,2024-06-20T00:00:00Z
T072,"Borewell and Handpump Installation - Indore","Sai Infra Pvt Ltd",879000,868000,ACTIVE,2024-06-19T00:00:00Z
T073,"Tribal Welfare Hostel Construction - Indore","Jai Constructions Pvt Ltd",10663000,11565000,AWARDED,2024-04-17T00:00:00Z
T073,"Tribal Welfare Hostel Construction - Indore","IRB Infra Ltd",11230000,11565000,SUBMITTED,2024-04-18T00:00:00Z
T073,"Tribal Welfare Hostel Construction - Indore","Ram Engineering Ltd",12750000,11565000,SUBMITTED,2024-04-20T00:00:00Z
T074,"Rural Road Construction - Indore","Gujarat Associates",21528000,22772000,AWARDED,2024-01-16T00:00:00Z
T074,"Rural Road Construction - Indore","NCC Infrastructure",22463000,22772000,ACTIVE,2024-01-18T00:00:00Z
T074,"Rural Road Construction - Indore","BrightSun Engineering Ltd",23633000,22772000,ACTIVE,2024-01-19T00:00:00Z
T075,"Community Pond Renovation - Bhopal","Elite Developers",2047000,2258000,AWARDED,2024-01-08T00:00:00Z
T075,"Community Pond Renovation - Bhopal","IRB Contractors",2521000,2258000,ACTIVE,2024-01-11T00:00:00Z
T075,"Community Pond Renovation - Bhopal","Rajasthan Solutions",2338000,2258000,SUBMITTED,2024-01-10T00:00:00Z
T076,"Community Pond Renovation - Bhopal","Jai Civil Works",1175000,1277000,AWARDED,2024-10-13T00:00:00Z
T076,"Community Pond Renovation - Bhopal","IRB Corporation",1157000,1277000,ACTIVE,2024-10-16T00:00:00Z
T076,"Community Pond Renovation - Bhopal","Pratap Contractors",1351000,1277000,SUBMITTED,2024-10-17T00:00:00Z
T077,"Irrigation Canal Construction - Bhopal","KNR Associates",9309000,9936000,AWARDED,2024-03-06T00:00:00Z
T077,"Irrigation Canal Construction - Bhopal","Maharashtra Engineering Ltd",10787000,9936000,SUBMITTED,2024-03-07T00:00:00Z
T077,"Irrigation Canal Construction - Bhopal","ABC Contractors",8967000,9936000,SUBMITTED,2024-03-09T00:00:00Z
T078,"Rural Road Construction - Gwalior","Ram Services",17111000,18940000,AWARDED,2024-08-12T00:00:00Z
T078,"Rural Road Construction - Gwalior","Elite Constructions Pvt Ltd",20611000,18940000,SUBMITTED,2024-08-16T00:00:00Z
T079,"Rainwater Harvesting Structure - Gwalior","Island Associates",3385000,3569000,AWARDED,2024-04-01T00:00:00Z
T079,"Rainwater Harvesting Structure - Gwalior","Krishna Constructions",3713000,3569000,SUBMITTED,2024-04-02T00:00:00Z
T079,"Rainwater Harvesting Structure - Gwalior","National Projects",3870000,3569000,ACTIVE,2024-04-02T00:00:00Z
T080,"Cold Storage Facility - Gwalior","Vimal Builders",6228000,6901000,AWARDED,2024-06-24T00:00:00Z
T080,"Cold Storage Facility - Gwalior","Era Infra Ltd",7571000,6901000,SUBMITTED,2024-06-26T00:00:00Z
T081,"Soil Conservation Works - Jabalpur","Om Infra Pvt Ltd",4612000,5310000,AWARDED,2024-10-02T00:00:00Z
T081,"Soil Conservation Works - Jabalpur","Sahyadri Associates",5234000,5310000,ACTIVE,2024-10-06T00:00:00Z
T082,"Tribal Welfare Hostel Construction - Jabalpur","Durga Enterprises",14362000,16882000,AWARDED,2024-07-15T00:00:00Z
T082,"Tribal Welfare Hostel Construction - Jabalpur","Vimal Developers",15621000,16882000,SUBMITTED,2024-07-17T00:00:00Z
T083,"Solid Waste Management System - Jabalpur","Ganga Works",7125000,8024000,AWARDED,2024-04-21T00:00:00Z
T083,"Solid Waste Management System - Jabalpur","Premier Corporation",8487000,8024000,SUBMITTED,2024-04-23T00:00:00Z
T084,"Borewell and Handpump Installation - Jabalpur","Durga Civil Works",511000,566000,AWARDED,2024-02-08T00:00:00Z
T084,"Borewell and Handpump Installation - Jabalpur","Island Enterprises",566000,566000,SUBMITTED,2024-02-11T00:00:00Z
T085,"Rural Electrification Works - Ujjain","Om Constructions Pvt Ltd",3711000,3962000,AWARDED,2024-07-29T00:00:00Z
T085,"Rural Electrification Works - Ujjain","Shiva Engineering Ltd",3653000,3962000,ACTIVE,2024-07-30T00:00:00Z
T085,"Rural Electrification Works - Ujjain","Vimal Developers",3738000,3962000,ACTIVE,2024-07-30T00:00:00Z
T086,"Irrigation Canal Construction - Ujjain","Vinayak Constructions",25811000,28194000,AWARDED,2024-06-21T00:00:00Z
T086,"Irrigation Canal Construction - Ujjain","Shree Corporation",29783000,28194000,ACTIVE,2024-06-25T00:00:00Z
T086,"Irrigation Canal Construction - Ujjain","NCC Corporation",30067000,28194000,SUBMITTED,2024-06-22T00:00:00Z
T087,"Rainwater Harvesting Structure - Ujjain","Elite Builders",5104000,5963000,AWARDED,2024-03-16T00:00:00Z
T087,"Rainwater Harvesting Structure - Ujjain","Pandian Corporation",5833000,5963000,ACTIVE,2024-03-17T00:00:00Z
T088,"Drainage and Sanitation Works - Ujjain","Ram Civil Works",4037000,4673000,AWARDED,2024-07-05T00:00:00Z
T088,"Drainage and Sanitation Works - Ujjain","Sunrise Engineering",5045000,4673000,SUBMITTED,2024-07-07T00:00:00Z
T088,"Drainage and Sanitation Works - Ujjain","Karnataka Constructions Pvt Ltd",4568000,4673000,SUBMITTED,2024-07-06T00:00:00Z
T089,"Check Dam Construction - Sagar","IRB Civil Works",7681000,8469000,AWARDED,2024-02-16T00:00:00Z
T089,"Check Dam Construction - Sagar","Pioneer Construction Co",8168000,8469000,SUBMITTED,2024-02-19T00:00:00Z
T090,"Cattle Shed and Veterinary Centre - Sagar","J Kumar Infra Ltd",4781000,5272000,AWARDED,2024-03-08T00:00:00Z
T090,"Cattle Shed and Veterinary Centre - Sagar","Sai Constructions Pvt Ltd",5341000,5272000,ACTIVE,2024-03-10T00:00:00Z
T090,"Cattle Shed and Veterinary Centre - Sagar","ABC Services",5148000,5272000,ACTIVE,2024-03-10T00:00:00Z
T091,"Anganwadi Centre Construction - Sagar","Rajasthan Constructions",3129000,3675000,AWARDED,2024-02-14T00:00:00Z
T091,"Anganwadi Centre Construction - Sagar","Pratap Projects",3303000,3675000,ACTIVE,2024-02-18T00:00:00Z
T091,"Anganwadi Centre Construction - Sagar","Ahluwalia Constructions Pvt Ltd",3915000,3675000,SUBMITTED,2024-02-16T00:00:00Z
T092,"Check Dam Construction - Sagar","Ramesh Infra Ltd",6457000,7230000,AWARDED,2024-10-25T00:00:00Z
T092,"Check Dam Construction - Sagar","Ganga Works",7601000,7230000,SUBMITTED,2024-10-26T00:00:00Z
T093,"Rural Road Construction - Ratlam","Durga Constructions",15481000,18031000,AWARDED,2024-07-10T00:00:00Z
T093,"Rural Road Construction - Ratlam","Vimal Infrastructure",16070000,18031000,ACTIVE,2024-07-14T00:00:00Z
T094,"Tribal Welfare Hostel Construction - Ratlam","Elite Infrastructure",13599000,15670000,AWARDED,2024-02-02T00:00:00Z
T094,"Tribal Welfare Hostel Construction - Ratlam","Apex Associates",15566000,15670000,SUBMITTED,2024-02-06T00:00:00Z
T095,"Rural Electrification Works - Ratlam","Bengal Contractors",7115000,7740000,AWARDED,2024-05-08T00:00:00Z
T095,"Rural Electrification Works - Ratlam","PQR Engineering Ltd",7031000,7740000,SUBMITTED,2024-05-12T00:00:00Z
T096,"Panchayat Community Hall - Ratlam","Rajasthan Engineering Ltd",6203000,6634000,AWARDED,2024-10-12T00:00:00Z
T096,"Panchayat Community Hall - Ratlam","Pandian Infra Ltd",7440000,6634000,SUBMITTED,2024-10-16T00:00:00Z
T097,"Irrigation Canal Construction - Satna","IRB Developers",15411000,16863000,AWARDED,2024-08-07T00:00:00Z
T097,"Irrigation Canal Construction - Satna","Apex Contractors",16667000,16863000,ACTIVE,2024-08-10T00:00:00Z
T098,"Gram Panchayat Office Renovation - Satna","Larsen Contractors",1123000,1307000,AWARDED,2024-05-16T00:00:00Z
T098,"Gram Panchayat Office Renovation - Satna","Ahluwalia Infra Pvt Ltd",1384000,1307000,SUBMITTED,2024-05-18T00:00:00Z
T099,"Rainwater Harvesting Structure - Satna","KNR Projects",4660000,5022000,AWARDED,2024-02-21T00:00:00Z
T099,"Rainwater Harvesting Structure - Satna","Green Construction Co",4846000,5022000,SUBMITTED,2024-02-22T00:00:00Z
T100,"Government Primary School Renovation - Satna","Saraswati Services",8277000,8951000,AWARDED,2024-04-08T00:00:00Z
T100,"Government Primary School Renovation - Satna","Vimal Contractors",9698000,8951000,SUBMITTED,2024-04-11T00:00:00Z
T101,"Tribal Welfare Hostel Construction - Rewa","Blue Constructions",13639000,16016000,AWARDED,2024-07-25T00:00:00Z
T101,"Tribal Welfare Hostel Construction - Rewa","Bengal Constructions",17753000,16016000,ACTIVE,2024-07-27T00:00:00Z
T102,"Cold Storage Facility - Rewa","Birla Infra Pvt Ltd",8365000,9351000,AWARDED,2024-10-09T00:00:00Z
T102,"Cold Storage Facility - Rewa","Era Infrastructure",9645000,9351000,SUBMITTED,2024-10-13T00:00:00Z
T102,"Cold Storage Facility - Rewa","Marwar Projects",10141000,9351000,SUBMITTED,2024-10-10T00:00:00Z
T103,"Borewell and Handpump Installation - Rewa","J Kumar Builders",1400000,1499000,AWARDED,2024-08-17T00:00:00Z
T103,"Borewell and Handpump Installation - Rewa","Shiva Works",1459000,1499000,SUBMITTED,2024-08-18T00:00:00Z
T104,"Fair Price Shop Construction - Rewa","Sai Civil Works",1076000,1158000,AWARDED,2024-08-19T00:00:00Z
T104,"Fair Price Shop Construction - Rewa","Era Constructions Pvt Ltd",1199000,1158000,ACTIVE,2024-08-22T00:00:00Z
T105,"Skill Development Training Centre - Chhindwara","AFCONS Engineering Ltd",10354000,11118000,AWARDED,2024-05-01T00:00:00Z
T105,"Skill Development Training Centre - Chhindwara","Meenakshi Constructions",10973000,11118000,SUBMITTED,2024-05-04T00:00:00Z
T106,"Solar Street Lighting - Chhindwara","Shree Builders",6424000,6803000,AWARDED,2024-01-09T00:00:00Z
T106,"Solar Street Lighting - Chhindwara","Saraswati Builders",6781000,6803000,ACTIVE,2024-01-11T00:00:00Z
T107,"Cold Storage Facility - Chhindwara","ABC Contractors",10372000,10946000,AWARDED,2024-06-17T00:00:00Z
T107,"Cold Storage Facility - Chhindwara","National Services",11965000,10946000,SUBMITTED,2024-06-19T00:00:00Z
T108,"Tribal Welfare Hostel Construction - Chhindwara","Gayatri Services",9652000,10306000,AWARDED,2024-10-25T00:00:00Z
T108,"Tribal Welfare Hostel Construction - Chhindwara","Sahyadri Solutions",9766000,10306000,ACTIVE,2024-10-26T00:00:00Z
T109,"Public Toilet Block (SBMG) - Bhubaneswar","Krishna Civil Works",711000,801000,AWARDED,2024-06-23T00:00:00Z
T109,"Public Toilet Block (SBMG) - Bhubaneswar","Elite Solutions",737000,801000,ACTIVE,2024-06-24T00:00:00Z
T109,"Public Toilet Block (SBMG) - Bhubaneswar","Shree Civil Works",886000,801000,ACTIVE,2024-06-26T00:00:00Z
T110,"Fair Price Shop Construction - Bhubaneswar","XYZ Works",1145000,1280000,AWARDED,2024-05-01T00:00:00Z
T110,"Fair Price Shop Construction - Bhubaneswar","Marwar Services",1273000,1280000,SUBMITTED,2024-05-03T00:00:00Z
T111,"Anganwadi Centre Construction - Bhubaneswar","Elite Corporation",3553000,4006000,AWARDED,2024-04-03T00:00:00Z
T111,"Anganwadi Centre Construction - Bhubaneswar","Ram Construction Co",4468000,4006000,ACTIVE,2024-04-06T00:00:00Z
T112,"Skill Development Training Centre - Bhubaneswar","Larsen Works",7071000,7455000,AWARDED,2024-08-17T00:00:00Z
T112,"Skill Development Training Centre - Bhubaneswar","NCC Enterprises",7264000,7455000,ACTIVE,2024-08-18T00:00:00Z
T112,"Skill Development Training Centre - Bhubaneswar","Simplex Enterprises",6877000,7455000,SUBMITTED,2024-08-21T00:00:00Z
T113,"Rural Bridge Construction - Cuttack","Blue Developers",15672000,18125000,AWARDED,2024-03-18T00:00:00Z
T113,"Rural Bridge Construction - Cuttack","Apex Engineering Ltd",17606000,18125000,ACTIVE,2024-03-19T00:00:00Z
T113,"Rural Bridge Construction - Cuttack","Sahyadri Construction Co",17413000,18125000,SUBMITTED,2024-03-21T00:00:00Z
T114,"Solar Street Lighting - Cuttack","Jai Infra Ltd",3390000,3816000,AWARDED,2024-02-11T00:00:00Z
T114,"Solar Street Lighting - Cuttack","Simplex Infrastructure",3583000,3816000,SUBMITTED,2024-02-12T00:00:00Z
T115,"Cattle Shed and Veterinary Centre - Cuttack","Megha Services",5041000,5495000,AWARDED,2024-10-14T00:00:00Z
T115,"Cattle Shed and Veterinary Centre - Cuttack","KNR Constructions",5290000,5495000,SUBMITTED,2024-10-18T00:00:00Z
T115,"Cattle Shed and Veterinary Centre - Cuttack","Ramesh Infrastructure",6107000,5495000,SUBMITTED,2024-10-15T00:00:00Z
T116,"Solar Street Lighting - Cuttack","Blue Projects",4864000,5257000,AWARDED,2024-01-08T00:00:00Z
T116,"Solar Street Lighting - Cuttack","Ram Group",5663000,5257000,ACTIVE,2024-01-10T00:00:00Z
T116,"Solar Street Lighting - Cuttack","PQR Solutions",5297000,5257000,SUBMITTED,2024-01-09T00:00:00Z
T117,"Rainwater Harvesting Structure - Rourkela","Blue Corporation",3840000,4165000,AWARDED,2024-01-03T00:00:00Z
T117,"Rainwater Harvesting Structure - Rourkela","Ramesh Infra Pvt Ltd",4566000,4165000,SUBMITTED,2024-01-04T00:00:00Z
T117,"Rainwater Harvesting Structure - Rourkela","Bengal Corporation",4514000,4165000,SUBMITTED,2024-01-04T00:00:00Z
T118,"Community Pond Renovation - Rourkela","Karnataka Works",4418000,4744000,AWARDED,2024-10-22T00:00:00Z
T118,"Community Pond Renovation - Rourkela","J Kumar Services",4385000,4744000,ACTIVE,2024-10-24T00:00:00Z
T118,"Community Pond Renovation - Rourkela","NCC Constructions",4382000,4744000,SUBMITTED,2024-10-24T00:00:00Z
T119,"Government Primary School Renovation - Rourkela","Ganga Infra Pvt Ltd",7411000,8373000,AWARDED,2024-07-25T00:00:00Z
T119,"Government Primary School Renovation - Rourkela","Tata Projects",8672000,8373000,SUBMITTED,2024-07-26T00:00:00Z
T120,"Skill Development Training Centre - Berhampur","Karnataka Solutions",4163000,4850000,AWARDED,2024-03-17T00:00:00Z
T120,"Skill Development Training Centre - Berhampur","Blue Projects",5276000,4850000,ACTIVE,2024-03-19T00:00:00Z
T120,"Skill Development Training Centre - Berhampur","AFCONS Enterprises",5318000,4850000,SUBMITTED,2024-03-21T00:00:00Z
T121,"Fair Price Shop Construction - Berhampur","Pioneer Civil Works",1115000,1286000,AWARDED,2024-01-19T00:00:00Z
T121,"Fair Price Shop Construction - Berhampur","Marwar Group",1240000,1286000,ACTIVE,2024-01-20T00:00:00Z
T122,"Solid Waste Management System - Berhampur","XYZ Solutions",4732000,5065000,AWARDED,2024-08-02T00:00:00Z
T122,"Solid Waste Management System - Berhampur","Ramesh Engineering",5691000,5065000,SUBMITTED,2024-08-04T00:00:00Z
T122,"Solid Waste Management System - Berhampur","BrightSun Constructions",5591000,5065000,SUBMITTED,2024-08-04T00:00:00Z
T123,"Check Dam Construction - Berhampur","Birla Infra Pvt Ltd",12244000,13597000,AWARDED,2024-09-14T00:00:00Z
T123,"Check Dam Construction - Berhampur","Larsen Constructions",15255000,13597000,SUBMITTED,2024-09-17T00:00:00Z
T124,"Primary Health Sub-Centre Construction - Sambalpur","Shree Solutions",5493000,6233000,AWARDED,2024-06-06T00:00:00Z
T124,"Primary Health Sub-Centre Construction - Sambalpur","Pandian Engineering",6799000,6233000,SUBMITTED,2024-06-08T00:00:00Z
T124,"Primary Health Sub-Centre Construction - Sambalpur","Marwar Civil Works",6905000,6233000,ACTIVE,2024-06-07T00:00:00Z
T125,"Rural Electrification Works - Sambalpur","Saraswati Contractors",8476000,9832000,AWARDED,2024-09-10T00:00:00Z
T125,"Rural Electrification Works - Sambalpur","Vinayak Group",9093000,9832000,SUBMITTED,2024-09-13T00:00:00Z
T126,"Fair Price Shop Construction - Sambalpur","Meenakshi Associates",686000,791000,AWARDED,2024-05-18T00:00:00Z
T126,"Fair Price Shop Construction - Sambalpur","Megha Corporation",715000,791000,SUBMITTED,2024-05-20T00:00:00Z
T127,"Gram Panchayat Office Renovation - Sambalpur","Ambika Developers",1943000,2194000,AWARDED,2024-01-07T00:00:00Z
T127,"Gram Panchayat Office Renovation - Sambalpur","BrightSun Engineering",2049000,2194000,ACTIVE,2024-01-09T00:00:00Z
T127,"Gram Panchayat Office Renovation - Sambalpur","J Kumar Infra Ltd",2186000,2194000,SUBMITTED,2024-01-08T00:00:00Z
T128,"Solid Waste Management System - Puri","Shiva Group",3877000,4134000,AWARDED,2024-05-23T00:00:00Z
T128,"Solid Waste Management System - Puri","Gujarat Engineering Ltd",3639000,4134000,SUBMITTED,2024-05-27T00:00:00Z
T128,"Solid Waste Management System - Puri","Shree Services",4305000,4134000,ACTIVE,2024-05-26T00:00:00Z
T129,"Check Dam Construction - Puri","Gujarat Solutions",10966000,11838000,AWARDED,2024-01-17T00:00:00Z
T129,"Check Dam Construction - Puri","Simplex Constructions",10427000,11838000,SUBMITTED,2024-01-19T00:00:00Z
T130,"Panchayat Community Hall - Puri","Apex Services",9298000,10457000,AWARDED,2024-10-07T00:00:00Z
T130,"Panchayat Community Hall - Puri","Jai Solutions",9239000,10457000,SUBMITTED,2024-10-11T00:00:00Z
T130,"Panchayat Community Hall - Puri","Andhra Constructions Pvt Ltd",9673000,10457000,SUBMITTED,2024-10-11T00:00:00Z
T131,"Cattle Shed and Veterinary Centre - Puri","Ramesh Builders",4846000,5668000,AWARDED,2024-05-11T00:00:00Z
T131,"Cattle Shed and Veterinary Centre - Puri","XYZ Builders",6390000,5668000,SUBMITTED,2024-05-14T00:00:00Z
T132,"Primary Health Sub-Centre Construction - Balasore","Meenakshi Corporation",4951000,5440000,AWARDED,2024-07-12T00:00:00Z
T132,"Primary Health Sub-Centre Construction - Balasore","Ganesh Solutions",5315000,5440000,SUBMITTED,2024-07-16T00:00:00Z
T132,"Primary Health Sub-Centre Construction - Balasore","Era Builders",4914000,5440000,SUBMITTED,2024-07-14T00:00:00Z
T133,"Government Primary School Renovation - Balasore","Island Corporation",2137000,2495000,AWARDED,2024-07-01T00:00:00Z
T133,"Government Primary School Renovation - Balasore","Bengal Constructions",2217000,2495000,ACTIVE,2024-07-04T00:00:00Z
T133,"Government Primary School Renovation - Balasore","Island Construction Co",2327000,2495000,ACTIVE,2024-07-04T00:00:00Z
T134,"Rural Bridge Construction - Balasore","Gayatri Constructions",20394000,22389000,AWARDED,2024-09-13T00:00:00Z
T134,"Rural Bridge Construction - Balasore","Elite Constructions Pvt Ltd",22372000,22389000,ACTIVE,2024-09-16T00:00:00Z
T135,"Rainwater Harvesting Structure - Baripada","Pratap Corporation",4956000,5331000,AWARDED,2024-08-13T00:00:00Z
T135,"Rainwater Harvesting Structure - Baripada","Rajasthan Engineering Ltd",5244000,5331000,SUBMITTED,2024-08-17T00:00:00Z
T136,"Irrigation Canal Construction - Baripada","Sahyadri Works",20181000,23259000,AWARDED,2024-08-02T00:00:00Z
T136,"Irrigation Canal Construction - Baripada","Simplex Civil Works",23762000,23259000,SUBMITTED,2024-08-05T00:00:00Z
T136,"Irrigation Canal Construction - Baripada","XYZ Projects",22236000,23259000,SUBMITTED,2024-08-05T00:00:00Z
T137,"Government Primary School Renovation - Baripada","Shapoorji Works",2718000,2926000,AWARDED,2024-01-12T00:00:00Z
T137,"Government Primary School Renovation - Baripada","National Works",2656000,2926000,ACTIVE,2024-01-16T00:00:00Z
T137,"Government Primary School Renovation - Baripada","NCC Works",3110000,2926000,SUBMITTED,2024-01-15T00:00:00Z
T138,"Cattle Shed and Veterinary Centre - Baripada","National Corporation",4678000,5313000,AWARDED,2024-02-14T00:00:00Z
T138,"Cattle Shed and Veterinary Centre - Baripada","Shapoorji Infra Pvt Ltd",5576000,5313000,ACTIVE,2024-02-15T00:00:00Z
T138,"Cattle Shed and Veterinary Centre - Baripada","Ganesh Enterprises",4809000,5313000,SUBMITTED,2024-02-17T00:00:00Z
T139,"Solar Street Lighting - Jeypore","Gujarat Contractors",5476000,6232000,AWARDED,2024-06-10T00:00:00Z
T139,"Solar Street Lighting - Jeypore","ABC Developers",6755000,6232000,SUBMITTED,2024-06-13T00:00:00Z
T139,"Solar Street Lighting - Jeypore","Shapoorji Developers",5909000,6232000,SUBMITTED,2024-06-12T00:00:00Z
T140,"Solid Waste Management System - Jeypore","ABC Infrastructure",6080000,7039000,AWARDED,2024-09-08T00:00:00Z
T140,"Solid Waste Management System - Jeypore","Sai Constructions",6746000,7039000,SUBMITTED,2024-09-09T00:00:00Z
T141,"Borewell and Handpump Installation - Jeypore","Premier Builders",967000,1126000,AWARDED,2024-02-24T00:00:00Z
T141,"Borewell and Handpump Installation - Jeypore","Era Infrastructure",1264000,1126000,SUBMITTED,2024-02-25T00:00:00Z
T141,"Borewell and Handpump Installation - Jeypore","PQR Infra Ltd",1046000,1126000,SUBMITTED,2024-02-26T00:00:00Z
T142,"Soil Conservation Works - Koraput","Blue Enterprises",2047000,2388000,AWARDED,2024-03-12T00:00:00Z
T142,"Soil Conservation Works - Koraput","Era Infra Pvt Ltd",2633000,2388000,SUBMITTED,2024-03-13T00:00:00Z
T142,"Soil Conservation Works - Koraput","Sunrise Constructions Pvt Ltd",2207000,2388000,SUBMITTED,2024-03-16T00:00:00Z
T143,"Skill Development Training Centre - Koraput","J Kumar Enterprises",8074000,8647000,AWARDED,2024-09-04T00:00:00Z
T143,"Skill Development Training Centre - Koraput","Krishna Constructions",9409000,8647000,SUBMITTED,2024-09-06T00:00:00Z
T143,"Skill Development Training Centre - Koraput","Saraswati Developers",9756000,8647000,SUBMITTED,2024-09-08T00:00:00Z
T144,"Public Toilet Block (SBMG) - Koraput","Pandian Infra Ltd",1176000,1279000,AWARDED,2024-07-17T00:00:00Z
T144,"Public Toilet Block (SBMG) - Koraput","AFCONS Engineering Ltd",1438000,1279000,ACTIVE,2024-07-21T00:00:00Z
T144,"Public Toilet Block (SBMG) - Koraput","Shiva Construction Co",1170000,1279000,SUBMITTED,2024-07-19T00:00:00Z
T145,"Primary Health Sub-Centre Construction - Madurai","BrightSun Engineering Ltd",9618000,10915000,AWARDED,2024-06-28T00:00:00Z
T145,"Primary Health Sub-Centre Construction - Madurai","NCC Services",10622000,10915000,ACTIVE,2024-07-01T00:00:00Z
T145,"Primary Health Sub-Centre Construction - Madurai","ABC Constructions Pvt Ltd",11730000,10915000,SUBMITTED,2024-06-29T00:00:00Z
T146,"Water Supply Pipeline Installation - Madurai","Shree Projects",14499000,16502000,AWARDED,2024-08-24T00:00:00Z
T146,"Water Supply Pipeline Installation - Madurai","Ramesh Constructions",15857000,16502000,ACTIVE,2024-08-28T00:00:00Z
T147,"Solid Waste Management System - Madurai","Kalinga Solutions",10358000,11912000,AWARDED,2024-01-09T00:00:00Z
T147,"Solid Waste Management System - Madurai","Bengal Engineering Ltd",11610000,11912000,SUBMITTED,2024-01-10T00:00:00Z
T148,"Fair Price Shop Construction - Madurai","Om Projects",1737000,1829000,AWARDED,2024-06-03T00:00:00Z
T148,"Fair Price Shop Construction - Madurai","NCC Projects",1834000,1829000,ACTIVE,2024-06-06T00:00:00Z
T149,"Panchayat Community Hall - Chennai","National Civil Works",7685000,8332000,AWARDED,2024-03-07T00:00:00Z
T149,"Panchayat Community Hall - Chennai","AFCONS Infrastructure",7461000,8332000,SUBMITTED,2024-03-10T00:00:00Z
T149,"Panchayat Community Hall - Chennai","Meenakshi Infra Pvt Ltd",8665000,8332000,SUBMITTED,2024-03-11T00:00:00Z
T150,"Soil Conservation Works - Chennai","Om Associates",4591000,5175000,AWARDED,2024-03-17T00:00:00Z
T150,"Soil Conservation Works - Chennai","Kalinga Builders",5785000,5175000,SUBMITTED,2024-03-20T00:00:00Z
T150,"Soil Conservation Works - Chennai","Jai Works",4697000,5175000,SUBMITTED,2024-03-20T00:00:00Z
T151,"Cold Storage Facility - Chennai","ABC Solutions",14785000,15837000,AWARDED,2024-02-18T00:00:00Z
T151,"Cold Storage Facility - Chennai","KNR Builders",15557000,15837000,SUBMITTED,2024-02-19T00:00:00Z
T151,"Cold Storage Facility - Chennai","Pioneer Engineering",15522000,15837000,SUBMITTED,2024-02-19T00:00:00Z
T152,"Community Pond Renovation - Chennai","Tata Builders",4317000,4896000,AWARDED,2024-02-03T00:00:00Z
T152,"Community Pond Renovation - Chennai","Marwar Developers",5108000,4896000,SUBMITTED,2024-02-04T00:00:00Z
T153,"Check Dam Construction - Coimbatore","J Kumar Builders",14403000,15997000,AWARDED,2024-02-26T00:00:00Z
T153,"Check Dam Construction - Coimbatore","Krishna Construction Co",17731000,15997000,ACTIVE,2024-03-01T00:00:00Z
T153,"Check Dam Construction - Coimbatore","Vimal Construction Co",17889000,15997000,SUBMITTED,2024-03-01T00:00:00Z
T154,"Gram Panchayat Office Renovation - Coimbatore","Maharashtra Constructions Pvt Ltd",1208000,1358000,AWARDED,2024-08-03T00:00:00Z
T154,"Gram Panchayat Office Renovation - Coimbatore","Sahyadri Constructions",1252000,1358000,SUBMITTED,2024-08-05T00:00:00Z
T155,"Rainwater Harvesting Structure - Coimbatore","Shiva Solutions",3098000,3541000,AWARDED,2024-03-09T00:00:00Z
T155,"Rainwater Harvesting Structure - Coimbatore","Premier Infra Pvt Ltd",3320000,3541000,SUBMITTED,2024-03-10T00:00:00Z
T155,"Rainwater Harvesting Structure - Coimbatore","Gujarat Constructions",3897000,3541000,ACTIVE,2024-03-11T00:00:00Z
T156,"Anganwadi Centre Construction - Coimbatore","Shree Builders",1249000,1349000,AWARDED,2024-01-12T00:00:00Z
T156,"Anganwadi Centre Construction - Coimbatore","Pioneer Infra Ltd",1305000,1349000,SUBMITTED,2024-01-13T00:00:00Z
T156,"Anganwadi Centre Construction - Coimbatore","Krishna Construction Co",1286000,1349000,SUBMITTED,2024-01-15T00:00:00Z
T157,"Community Pond Renovation - Tiruchirappalli","Krishna Projects",2884000,3254000,AWARDED,2024-02-25T00:00:00Z
T157,"Community Pond Renovation - Tiruchirappalli","Durga Projects",3175000,3254000,ACTIVE,2024-02-26T00:00:00Z
T158,"Soil Conservation Works - Tiruchirappalli","Sai Projects",6206000,6950000,AWARDED,2024-04-23T00:00:00Z
T158,"Soil Conservation Works - Tiruchirappalli","Sai Contractors",6414000,6950000,SUBMITTED,2024-04-26T00:00:00Z
T158,"Soil Conservation Works - Tiruchirappalli","Krishna Engineering",7692000,6950000,SUBMITTED,2024-04-25T00:00:00Z
T159,"Government Primary School Renovation - Tiruchirappalli","Jai Services",6645000,7590000,AWARDED,2024-03-29T00:00:00Z
T159,"Government Primary School Renovation - Tiruchirappalli","Tata Infrastructure",7613000,7590000,SUBMITTED,2024-04-02T00:00:00Z
T160,"Fair Price Shop Construction - Tiruchirappalli","Sahyadri Engineering Ltd",1268000,1366000,AWARDED,2024-01-08T00:00:00Z
T160,"Fair Price Shop Construction - Tiruchirappalli","Blue Projects",1321000,1366000,SUBMITTED,2024-01-12T00:00:00Z
T161,"Soil Conservation Works - Salem","Bengal Projects",5837000,6150000,AWARDED,2024-05-29T00:00:00Z
T161,"Soil Conservation Works - Salem","Om Enterprises",6830000,6150000,SUBMITTED,2024-05-31T00:00:00Z
T162,"Check Dam Construction - Salem","Shapoorji Infra Pvt Ltd",7375000,7899000,AWARDED,2024-09-26T00:00:00Z
T162,"Check Dam Construction - Salem","Krishna Engineering",7470000,7899000,SUBMITTED,2024-09-27T00:00:00Z
T163,"Water Supply Pipeline Installation - Salem","Durga Constructions Pvt Ltd",7227000,7667000,AWARDED,2024-07-23T00:00:00Z
T163,"Water Supply Pipeline Installation - Salem","Sunrise Engineering",6869000,7667000,SUBMITTED,2024-07-26T00:00:00Z
T164,"Borewell and Handpump Installation - Salem","Jai Works",1997000,2273000,AWARDED,2024-04-28T00:00:00Z
T164,"Borewell and Handpump Installation - Salem","Ganga Infra Pvt Ltd",2228000,2273000,SUBMITTED,2024-05-01T00:00:00Z
T164,"Borewell and Handpump Installation - Salem","Era Group",2038000,2273000,SUBMITTED,2024-04-30T00:00:00Z
T165,"Rural Electrification Works - Tirunelveli","Krishna Civil Works",8341000,9642000,AWARDED,2024-07-21T00:00:00Z
T165,"Rural Electrification Works - Tirunelveli","KNR Engineering",10056000,9642000,SUBMITTED,2024-07-25T00:00:00Z
T165,"Rural Electrification Works - Tirunelveli","Sahyadri Constructions Pvt Ltd",8558000,9642000,SUBMITTED,2024-07-23T00:00:00Z
T166,"Rural Road Construction - Tirunelveli","Saraswati Engineering Ltd",4150000,4594000,AWARDED,2024-01-26T00:00:00Z
T166,"Rural Road Construction - Tirunelveli","Ganga Constructions",4729000,4594000,SUBMITTED,2024-01-30T00:00:00Z
T166,"Rural Road Construction - Tirunelveli","Blue Group",4814000,4594000,SUBMITTED,2024-01-29T00:00:00Z
T167,"Rural Bridge Construction - Tirunelveli","Gujarat Builders",8331000,9232000,AWARDED,2024-06-27T00:00:00Z
T167,"Rural Bridge Construction - Tirunelveli","Kalinga Corporation",10066000,9232000,SUBMITTED,2024-06-30T00:00:00Z
T167,"Rural Bridge Construction - Tirunelveli","Ganesh Corporation",9289000,9232000,SUBMITTED,2024-07-01T00:00:00Z
T168,"Gram Panchayat Office Renovation - Vellore","Ganesh Corporation",1285000,1423000,AWARDED,2024-03-25T00:00:00Z
T168,"Gram Panchayat Office Renovation - Vellore","Pioneer Engineering Ltd",1602000,1423000,ACTIVE,2024-03-27T00:00:00Z
T168,"Gram Panchayat Office Renovation - Vellore","Ganga Builders",1426000,1423000,ACTIVE,2024-03-27T00:00:00Z
T169,"Fair Price Shop Construction - Vellore","Ganga Corporation",1663000,1848000,AWARDED,2024-08-01T00:00:00Z
T169,"Fair Price Shop Construction - Vellore","Pioneer Projects",1701000,1848000,SUBMITTED,2024-08-02T00:00:00Z
T169,"Fair Price Shop Construction - Vellore","Blue Infra Pvt Ltd",1642000,1848000,SUBMITTED,2024-08-05T00:00:00Z
T170,"Soil Conservation Works - Vellore","J Kumar Engineering Ltd",6181000,6614000,AWARDED,2024-01-19T00:00:00Z
T170,"Soil Conservation Works - Vellore","Andhra Infrastructure",6558000,6614000,SUBMITTED,2024-01-21T00:00:00Z
T171,"Rainwater Harvesting Structure - Erode","Krishna Projects",2360000,2497000,AWARDED,2024-01-20T00:00:00Z
T171,"Rainwater Harvesting Structure - Erode","Vimal Engineering",2785000,2497000,SUBMITTED,2024-01-22T00:00:00Z
T172,"Fair Price Shop Construction - Erode","Shiva Solutions",1477000,1632000,AWARDED,2024-06-03T00:00:00Z
T172,"Fair Price Shop Construction - Erode","Sai Infrastructure",1552000,1632000,ACTIVE,2024-06-05T00:00:00Z
T173,"Gram Panchayat Office Renovation - Erode","Vinayak Contractors",871000,928000,AWARDED,2024-02-12T00:00:00Z
T173,"Gram Panchayat Office Renovation - Erode","AFCONS Enterprises",950000,928000,SUBMITTED,2024-02-14T00:00:00Z
T173,"Gram Panchayat Office Renovation - Erode","Blue Solutions",880000,928000,ACTIVE,2024-02-13T00:00:00Z
T174,"Borewell and Handpump Installation - Dindigul","Sahyadri Contractors",779000,843000,AWARDED,2024-05-05T00:00:00Z
T174,"Borewell and Handpump Installation - Dindigul","Shapoorji Engineering",801000,843000,SUBMITTED,2024-05-07T00:00:00Z
T174,"Borewell and Handpump Installation - Dindigul","NCC Infra Ltd",805000,843000,SUBMITTED,2024-05-06T00:00:00Z
T175,"Panchayat Community Hall - Dindigul","Birla Group",5513000,5879000,AWARDED,2024-03-16T00:00:00Z
T175,"Panchayat Community Hall - Dindigul","Krishna Solutions",6205000,5879000,ACTIVE,2024-03-20T00:00:00Z
T175,"Panchayat Community Hall - Dindigul","NCC Constructions",5698000,5879000,ACTIVE,2024-03-19T00:00:00Z
T176,"Water Supply Pipeline Installation - Dindigul","PQR Builders",5839000,6355000,AWARDED,2024-08-20T00:00:00Z
T176,"Water Supply Pipeline Installation - Dindigul","Krishna Constructions Pvt Ltd",6788000,6355000,SUBMITTED,2024-08-24T00:00:00Z
T176,"Water Supply Pipeline Installation - Dindigul","Era Services",5967000,6355000,ACTIVE,2024-08-24T00:00:00Z
T177,"Rainwater Harvesting Structure - Thanjavur","Maharashtra Construction Co",4031000,4679000,AWARDED,2024-10-19T00:00:00Z
T177,"Rainwater Harvesting Structure - Thanjavur","Vinayak Contractors",4984000,4679000,SUBMITTED,2024-10-21T00:00:00Z
T177,"Rainwater Harvesting Structure - Thanjavur","Elite Construction Co",4585000,4679000,SUBMITTED,2024-10-21T00:00:00Z
T178,"Public Toilet Block (SBMG) - Thanjavur","Pandian Engineering Ltd",1822000,1973000,AWARDED,2024-02-24T00:00:00Z
T178,"Public Toilet Block (SBMG) - Thanjavur","Sai Construction Co",1753000,1973000,SUBMITTED,2024-02-25T00:00:00Z
T178,"Public Toilet Block (SBMG) - Thanjavur","Era Corporation",1837000,1973000,ACTIVE,2024-02-25T00:00:00Z
T179,"Panchayat Community Hall - Thanjavur","J Kumar Services",8404000,9477000,AWARDED,2024-03-30T00:00:00Z
T179,"Panchayat Community Hall - Thanjavur","Ganga Enterprises",10447000,9477000,SUBMITTED,2024-04-02T00:00:00Z
T179,"Panchayat Community Hall - Thanjavur","Karnataka Infra Pvt Ltd",9289000,9477000,SUBMITTED,2024-03-31T00:00:00Z
T180,"Panchayat Community Hall - Bengaluru","Andhra Contractors",7830000,8449000,AWARDED,2024-05-29T00:00:00Z
T180,"Panchayat Community Hall - Bengaluru","Simplex Associates",7792000,8449000,SUBMITTED,2024-05-30T00:00:00Z
T181,"Gram Panchayat Office Renovation - Bengaluru","Premier Engineering Ltd",3008000,3187000,AWARDED,2024-02-07T00:00:00Z
T181,"Gram Panchayat Office Renovation - Bengaluru","Ahluwalia Builders",3052000,3187000,SUBMITTED,2024-02-09T00:00:00Z
T181,"Gram Panchayat Office Renovation - Bengaluru","Rajasthan Projects",3011000,3187000,SUBMITTED,2024-02-10T00:00:00Z
T182,"Check Dam Construction - Bengaluru","ABC Constructions Pvt Ltd",6052000,6741000,AWARDED,2024-07-07T00:00:00Z
T182,"Check Dam Construction - Bengaluru","Megha Enterprises",6958000,6741000,SUBMITTED,2024-07-08T00:00:00Z
T183,"Government Primary School Renovation - Bengaluru","Ahluwalia Infra Pvt Ltd",5896000,6266000,AWARDED,2024-08-23T00:00:00Z
T183,"Government Primary School Renovation - Bengaluru","Pioneer Construction Co",6676000,6266000,SUBMITTED,2024-08-26T00:00:00Z
T183,"Government Primary School Renovation - Bengaluru","Gujarat Developers",7028000,6266000,SUBMITTED,2024-08-27T00:00:00Z
T184,"Rural Bridge Construction - Mysuru","BrightSun Civil Works",11003000,12787000,AWARDED,2024-07-23T00:00:00Z
T184,"Rural Bridge Construction - Mysuru","AFCONS Services",13560000,12787000,ACTIVE,2024-07-24T00:00:00Z
T184,"Rural Bridge Construction - Mysuru","Pioneer Services",11758000,12787000,ACTIVE,2024-07-25T00:00:00Z
T185,"Skill Development Training Centre - Mysuru","Birla Contractors",3699000,4260000,AWARDED,2024-08-11T00:00:00Z
T185,"Skill Development Training Centre - Mysuru","Ganga Engineering Ltd",4233000,4260000,ACTIVE,2024-08-15T00:00:00Z
T185,"Skill Development Training Centre - Mysuru","ABC Constructions Pvt Ltd",4200000,4260000,SUBMITTED,2024-08-15T00:00:00Z
T186,"Rainwater Harvesting Structure - Mysuru","Maharashtra Builders",5149000,5635000,AWARDED,2024-02-21T00:00:00Z
T186,"Rainwater Harvesting Structure - Mysuru","Sunrise Builders",5099000,5635000,SUBMITTED,2024-02-25T00:00:00Z
T186,"Rainwater Harvesting Structure - Mysuru","Ahluwalia Works",5023000,5635000,ACTIVE,2024-02-25T00:00:00Z
T187,"Water Supply Pipeline Installation - Mysuru","IRB Services",10725000,11919000,AWARDED,2024-08-23T00:00:00Z
T187,"Water Supply Pipeline Installation - Mysuru","Vinayak Civil Works",13271000,11919000,SUBMITTED,2024-08-25T00:00:00Z
T187,"Water Supply Pipeline Installation - Mysuru","Ram Civil Works",11028000,11919000,ACTIVE,2024-08-26T00:00:00Z
T188,"Rural Electrification Works - Hubballi","Durga Builders",7561000,8375000,AWARDED,2024-03-03T00:00:00Z
T188,"Rural Electrification Works - Hubballi","Krishna Constructions Pvt Ltd",8401000,8375000,ACTIVE,2024-03-07T00:00:00Z
T188,"Rural Electrification Works - Hubballi","Blue Contractors",7386000,8375000,SUBMITTED,2024-03-05T00:00:00Z
T189,"Public Toilet Block (SBMG) - Hubballi","Ramesh Projects",556000,617000,AWARDED,2024-09-25T00:00:00Z
T189,"Public Toilet Block (SBMG) - Hubballi","Om Corporation",619000,617000,SUBMITTED,2024-09-26T00:00:00Z
T189,"Public Toilet Block (SBMG) - Hubballi","Meenakshi Engineering",632000,617000,ACTIVE,2024-09-28T00:00:00Z
T190,"Anganwadi Centre Construction - Hubballi","Maharashtra Engineering Ltd",1572000,1815000,AWARDED,2024-06-02T00:00:00Z
T190,"Anganwadi Centre Construction - Hubballi","Larsen Builders",1765000,1815000,SUBMITTED,2024-06-06T00:00:00Z
T190,"Anganwadi Centre Construction - Hubballi","Marwar Civil Works",1794000,1815000,ACTIVE,2024-06-03T00:00:00Z
T191,"Primary Health Sub-Centre Construction - Hubballi","Royal Constructions Pvt Ltd",7109000,7492000,AWARDED,2024-07-08T00:00:00Z
T191,"Primary Health Sub-Centre Construction - Hubballi","Ram Services",8407000,7492000,ACTIVE,2024-07-12T00:00:00Z
T191,"Primary Health Sub-Centre Construction - Hubballi","Premier Constructions Pvt Ltd",6658000,7492000,SUBMITTED,2024-07-10T00:00:00Z
T192,"Primary Health Sub-Centre Construction - Mangaluru","Ganesh Projects",7162000,7963000,AWARDED,2024-10-03T00:00:00Z
T192,"Primary Health Sub-Centre Construction - Mangaluru","Meenakshi Builders",8650000,7963000,ACTIVE,2024-10-05T00:00:00Z
T193,"Rural Electrification Works - Mangaluru","Premier Group",8593000,9316000,AWARDED,2024-06-29T00:00:00Z
T193,"Rural Electrification Works - Mangaluru","Vinayak Infrastructure",9368000,9316000,ACTIVE,2024-07-01T00:00:00Z
T193,"Rural Electrification Works - Mangaluru","Pandian Associates",9208000,9316000,ACTIVE,2024-07-02T00:00:00Z
T194,"Rural Road Construction - Mangaluru","IRB Corporation",2622000,3008000,AWARDED,2024-08-20T00:00:00Z
T194,"Rural Road Construction - Mangaluru","Ganga Projects",2725000,3008000,SUBMITTED,2024-08-21T00:00:00Z
T194,"Rural Road Construction - Mangaluru","Ambika Engineering",2985000,3008000,SUBMITTED,2024-08-23T00:00:00Z
T195,"Check Dam Construction - Mangaluru","Pioneer Contractors",13092000,15189000,AWARDED,2024-05-23T00:00:00Z
T195,"Check Dam Construction - Mangaluru","Bengal Group",16472000,15189000,SUBMITTED,2024-05-27T00:00:00Z
T196,"Tribal Welfare Hostel Construction - Belagavi","Ambika Projects",14213000,15511000,AWARDED,2024-09-28T00:00:00Z
T196,"Tribal Welfare Hostel Construction - Belagavi","Vimal Works",17337000,15511000,SUBMITTED,2024-09-29T00:00:00Z
T197,"Gram Panchayat Office Renovation - Belagavi","Ganesh Engineering",2729000,2932000,AWARDED,2024-01-31T00:00:00Z
T197,"Gram Panchayat Office Renovation - Belagavi","Ahluwalia Infra Ltd",3110000,2932000,SUBMITTED,2024-02-03T00:00:00Z
T197,"Gram Panchayat Office Renovation - Belagavi","Karnataka Builders",2984000,2932000,SUBMITTED,2024-02-02T00:00:00Z
T198,"Solar Street Lighting - Belagavi","Krishna Builders",2620000,3052000,AWARDED,2024-06-17T00:00:00Z
T198,"Solar Street Lighting - Belagavi","Ganga Builders",3399000,3052000,ACTIVE,2024-06-21T00:00:00Z
T199,"Drainage and Sanitation Works - Belagavi","Meenakshi Infrastructure",5730000,6086000,AWARDED,2024-10-22T00:00:00Z
T199,"Drainage and Sanitation Works - Belagavi","Premier Projects",6078000,6086000,ACTIVE,2024-10-26T00:00:00Z
T199,"Drainage and Sanitation Works - Belagavi","Vimal Infra Pvt Ltd",6403000,6086000,SUBMITTED,2024-10-25T00:00:00Z
T200,"Rural Electrification Works - Kalaburagi","Ganga Solutions",7754000,8845000,AWARDED,2024-02-12T00:00:00Z
T200,"Rural Electrification Works - Kalaburagi","Kalinga Solutions",8272000,8845000,SUBMITTED,2024-02-16T00:00:00Z
T201,"Borewell and Handpump Installation - Kalaburagi","National Enterprises",537000,577000,AWARDED,2024-07-13T00:00:00Z
T201,"Borewell and Handpump Installation - Kalaburagi","Ahluwalia Corporation",564000,577000,SUBMITTED,2024-07-14T00:00:00Z
T201,"Borewell and Handpump Installation - Kalaburagi","Birla Group",632000,577000,SUBMITTED,2024-07-16T00:00:00Z
T202,"Government Primary School Renovation - Kalaburagi","Shiva Engineering Ltd",5988000,7004000,AWARDED,2024-07-24T00:00:00Z
T202,"Government Primary School Renovation - Kalaburagi","KNR Builders",7259000,7004000,SUBMITTED,2024-07-27T00:00:00Z
T202,"Government Primary School Renovation - Kalaburagi","Sunrise Engineering Ltd",6244000,7004000,ACTIVE,2024-07-28T00:00:00Z
T203,"Irrigation Canal Construction - Davanagere","KNR Engineering Ltd",11948000,12840000,AWARDED,2024-08-13T00:00:00Z
T203,"Irrigation Canal Construction - Davanagere","Marwar Works",13161000,12840000,ACTIVE,2024-08-16T00:00:00Z
T204,"Check Dam Construction - Davanagere","Royal Developers",6992000,7796000,AWARDED,2024-09-28T00:00:00Z
T204,"Check Dam Construction - Davanagere","Shree Civil Works",8549000,7796000,ACTIVE,2024-10-01T00:00:00Z
T204,"Check Dam Construction - Davanagere","Rajasthan Services",7407000,7796000,SUBMITTED,2024-10-01T00:00:00Z
T205,"Anganwadi Centre Construction - Davanagere","Island Works",2216000,2379000,AWARDED,2024-07-07T00:00:00Z
T205,"Anganwadi Centre Construction - Davanagere","PQR Civil Works",2160000,2379000,SUBMITTED,2024-07-09T00:00:00Z
T205,"Anganwadi Centre Construction - Davanagere","Andhra Projects",2591000,2379000,SUBMITTED,2024-07-11T00:00:00Z
T206,"Irrigation Canal Construction - Davanagere","J Kumar Construction Co",16297000,18785000,AWARDED,2024-08-01T00:00:00Z
T206,"Irrigation Canal Construction - Davanagere","Shree Corporation",20144000,18785000,SUBMITTED,2024-08-03T00:00:00Z
T206,"Irrigation Canal Construction - Davanagere","Tata Projects",20494000,18785000,ACTIVE,2024-08-04T00:00:00Z
T207,"Tribal Welfare Hostel Construction - Ballari","Durga Corporation",12916000,13903000,AWARDED,2024-06-15T00:00:00Z
T207,"Tribal Welfare Hostel Construction - Ballari","Elite Infrastructure",13190000,13903000,SUBMITTED,2024-06-16T00:00:00Z
T208,"Primary Health Sub-Centre Construction - Ballari","J Kumar Enterprises",6218000,6612000,AWARDED,2024-04-09T00:00:00Z
T208,"Primary Health Sub-Centre Construction - Ballari","Simplex Engineering Ltd",6062000,6612000,SUBMITTED,2024-04-13T00:00:00Z
T209,"Drainage and Sanitation Works - Ballari","Megha Developers",6347000,7025000,AWARDED,2024-01-14T00:00:00Z
T209,"Drainage and Sanitation Works - Ballari","Rajasthan Civil Works",6449000,7025000,SUBMITTED,2024-01-18T00:00:00Z
T210,"Soil Conservation Works - Shivamogga","Ram Civil Works",2883000,3373000,AWARDED,2024-04-29T00:00:00Z
T210,"Soil Conservation Works - Shivamogga","Ahluwalia Services",3299000,3373000,SUBMITTED,2024-05-01T00:00:00Z
T211,"Fair Price Shop Construction - Shivamogga","Royal Solutions",642000,726000,AWARDED,2024-04-21T00:00:00Z
T211,"Fair Price Shop Construction - Shivamogga","Jai Infra Pvt Ltd",780000,726000,SUBMITTED,2024-04-22T00:00:00Z
T212,"Skill Development Training Centre - Shivamogga","Island Services",7576000,8434000,AWARDED,2024-10-24T00:00:00Z
T212,"Skill Development Training Centre - Shivamogga","Pratap Civil Works",7771000,8434000,ACTIVE,2024-10-28T00:00:00Z
T212,"Skill Development Training Centre - Shivamogga","Sunrise Works",7518000,8434000,SUBMITTED,2024-10-26T00:00:00Z
T213,"Rural Electrification Works - Shivamogga","Sunrise Corporation",4065000,4425000,AWARDED,2024-01-04T00:00:00Z
T213,"Rural Electrification Works - Shivamogga","Apex Projects",4961000,4425000,SUBMITTED,2024-01-08T00:00:00Z
T214,"Rural Bridge Construction - Tumakuru","Blue Enterprises",35050000,38841000,AWARDED,2024-06-28T00:00:00Z
T214,"Rural Bridge Construction - Tumakuru","Simplex Civil Works",39866000,38841000,SUBMITTED,2024-07-02T00:00:00Z
T214,"Rural Bridge Construction - Tumakuru","Jai Services",34534000,38841000,ACTIVE,2024-07-01T00:00:00Z
T215,"Skill Development Training Centre - Tumakuru","Royal Builders",5127000,5485000,AWARDED,2024-10-25T00:00:00Z
T215,"Skill Development Training Centre - Tumakuru","Ramesh Works",5304000,5485000,SUBMITTED,2024-10-27T00:00:00Z
T216,"Tribal Welfare Hostel Construction - Tumakuru","Om Infra Pvt Ltd",13445000,14427000,AWARDED,2024-10-15T00:00:00Z
T216,"Tribal Welfare Hostel Construction - Tumakuru","Bengal Infra Pvt Ltd",15026000,14427000,ACTIVE,2024-10-18T00:00:00Z
T216,"Tribal Welfare Hostel Construction - Tumakuru","Ganga Group",12930000,14427000,SUBMITTED,2024-10-18T00:00:00Z
T217,"Solid Waste Management System - Tumakuru","Andhra Engineering",10709000,11327000,AWARDED,2024-01-05T00:00:00Z
T217,"Solid Waste Management System - Tumakuru","Krishna Engineering",12597000,11327000,SUBMITTED,2024-01-06T00:00:00Z
T218,"Water Supply Pipeline Installation - Ahmedabad","Megha Engineering",14180000,15325000,AWARDED,2024-10-26T00:00:00Z
T218,"Water Supply Pipeline Installation - Ahmedabad","Maharashtra Projects",14770000,15325000,SUBMITTED,2024-10-30T00:00:00Z
T218,"Water Supply Pipeline Installation - Ahmedabad","XYZ Associates",14673000,15325000,SUBMITTED,2024-10-29T00:00:00Z
T219,"Cattle Shed and Veterinary Centre - Ahmedabad","Jai Infra Ltd",5426000,5934000,AWARDED,2024-09-25T00:00:00Z
T219,"Cattle Shed and Veterinary Centre - Ahmedabad","Karnataka Associates",5396000,5934000,ACTIVE,2024-09-27T00:00:00Z
T220,"Check Dam Construction - Ahmedabad","Karnataka Constructions",12946000,13695000,AWARDED,2024-07-29T00:00:00Z
T220,"Check Dam Construction - Ahmedabad","PQR Associates",12706000,13695000,SUBMITTED,2024-07-31T00:00:00Z
T221,"Check Dam Construction - Ahmedabad","Ahluwalia Civil Works",12870000,14080000,AWARDED,2024-03-16T00:00:00Z
T221,"Check Dam Construction - Ahmedabad","Gayatri Corporation",13562000,14080000,SUBMITTED,2024-03-20T00:00:00Z
T221,"Check Dam Construction - Ahmedabad","Sahyadri Constructions Pvt Ltd",13422000,14080000,ACTIVE,2024-03-17T00:00:00Z
T222,"PMGSY Road Upgradation - Surat","Shapoorji Solutions",17834000,19681000,AWARDED,2024-04-11T00:00:00Z
T222,"PMGSY Road Upgradation - Surat","Lakshmi Engineering Ltd",19113000,19681000,SUBMITTED,2024-04-13T00:00:00Z
T222,"PMGSY Road Upgradation - Surat","Sai Construction Co",20411000,19681000,SUBMITTED,2024-04-15T00:00:00Z
T223,"Irrigation Canal Construction - Surat","Marwar Infra Ltd",6756000,7426000,AWARDED,2024-01-10T00:00:00Z
T223,"Irrigation Canal Construction - Surat","Megha Infra Ltd",6562000,7426000,ACTIVE,2024-01-11T00:00:00Z
T224,"Government Primary School Renovation - Surat","Jai Group",2841000,3254000,AWARDED,2024-06-03T00:00:00Z
T224,"Government Primary School Renovation - Surat","Elite Civil Works",3052000,3254000,ACTIVE,2024-06-06T00:00:00Z
T224,"Government Primary School Renovation - Surat","Saraswati Associates",2937000,3254000,ACTIVE,2024-06-04T00:00:00Z
T225,"Water Supply Pipeline Installation - Surat","Vinayak Contractors",14098000,15189000,AWARDED,2024-02-13T00:00:00Z
T225,"Water Supply Pipeline Installation - Surat","Om Constructions Pvt Ltd",14072000,15189000,SUBMITTED,2024-02-16T00:00:00Z
T226,"Borewell and Handpump Installation - Vadodara","J Kumar Projects",808000,902000,AWARDED,2024-06-07T00:00:00Z
T226,"Borewell and Handpump Installation - Vadodara","Sai Infrastructure",987000,902000,ACTIVE,2024-06-11T00:00:00Z
T227,"Drainage and Sanitation Works - Vadodara","Andhra Group",5402000,5882000,AWARDED,2024-03-26T00:00:00Z
T227,"Drainage and Sanitation Works - Vadodara","Marwar Contractors",6183000,5882000,SUBMITTED,2024-03-28T00:00:00Z
T228,"Drainage and Sanitation Works - Vadodara","BrightSun Infrastructure",6637000,7411000,AWARDED,2024-09-16T00:00:00Z
T228,"Drainage and Sanitation Works - Vadodara","Tamil Works",8275000,7411000,SUBMITTED,2024-09-19T00:00:00Z
T229,"Government Primary School Renovation - Vadodara","XYZ Builders",7204000,7634000,AWARDED,2024-08-08T00:00:00Z
T229,"Government Primary School Renovation - Vadodara","Tamil Developers",8396000,7634000,SUBMITTED,2024-08-09T00:00:00Z
T230,"Rural Road Construction - Rajkot","KNR Builders",11239000,13000000,AWARDED,2024-07-19T00:00:00Z
T230,"Rural Road Construction - Rajkot","Vinayak Group",12936000,13000000,SUBMITTED,2024-07-23T00:00:00Z
T231,"Cold Storage Facility - Rajkot","Rajasthan Works",9219000,10534000,AWARDED,2024-01-14T00:00:00Z
T231,"Cold Storage Facility - Rajkot","Durga Infrastructure",10994000,10534000,SUBMITTED,2024-01-18T00:00:00Z
T231,"Cold Storage Facility - Rajkot","Ram Civil Works",11343000,10534000,SUBMITTED,2024-01-16T00:00:00Z
T232,"Borewell and Handpump Installation - Rajkot","Simplex Projects",2094000,2397000,AWARDED,2024-03-15T00:00:00Z
T232,"Borewell and Handpump Installation - Rajkot","Sai Contractors",2281000,2397000,SUBMITTED,2024-03-18T00:00:00Z
T233,"Rural Bridge Construction - Rajkot","Pandian Works",28797000,32888000,AWARDED,2024-01-15T00:00:00Z
T233,"Rural Bridge Construction - Rajkot","PQR Developers",29237000,32888000,ACTIVE,2024-01-17T00:00:00Z
T233,"Rural Bridge Construction - Rajkot","NCC Corporation",36683000,32888000,SUBMITTED,2024-01-17T00:00:00Z
T234,"Solid Waste Management System - Bhavnagar","Pioneer Constructions",5870000,6443000,AWARDED,2024-09-09T00:00:00Z
T234,"Solid Waste Management System - Bhavnagar","Ram Developers",5723000,6443000,SUBMITTED,2024-09-12T00:00:00Z
T234,"Solid Waste Management System - Bhavnagar","AFCONS Projects",6891000,6443000,SUBMITTED,2024-09-11T00:00:00Z
T235,"Rural Bridge Construction - Bhavnagar","Pandian Group",36949000,42476000,AWARDED,2024-08-06T00:00:00Z
T235,"Rural Bridge Construction - Bhavnagar","Sahyadri Corporation",40015000,42476000,ACTIVE,2024-08-09T00:00:00Z
T236,"Solid Waste Management System - Bhavnagar","Vimal Solutions",5313000,6060000,AWARDED,2024-03-04T00:00:00Z
T236,"Solid Waste Management System - Bhavnagar","Shapoorji Infra Ltd",5579000,6060000,SUBMITTED,2024-03-08T00:00:00Z
T237,"Borewell and Handpump Installation - Jamnagar","Durga Constructions",549000,629000,AWARDED,2024-08-01T00:00:00Z
T237,"Borewell and Handpump Installation - Jamnagar","Ramesh Group",560000,629000,ACTIVE,2024-08-02T00:00:00Z
T237,"Borewell and Handpump Installation - Jamnagar","J Kumar Infrastructure",683000,629000,SUBMITTED,2024-08-03T00:00:00Z
T238,"Drainage and Sanitation Works - Jamnagar","J Kumar Services",8427000,9497000,AWARDED,2024-02-01T00:00:00Z
T238,"Drainage and Sanitation Works - Jamnagar","Kalinga Constructions",8519000,9497000,SUBMITTED,2024-02-02T00:00:00Z
T239,"PMGSY Road Upgradation - Jamnagar","Apex Engineering Ltd",41758000,45034000,AWARDED,2024-06-16T00:00:00Z
T239,"PMGSY Road Upgradation - Jamnagar","Island Engineering",41155000,45034000,ACTIVE,2024-06-18T00:00:00Z
T239,"PMGSY Road Upgradation - Jamnagar","Ganesh Engineering Ltd",43257000,45034000,ACTIVE,2024-06-19T00:00:00Z
T240,"Solid Waste Management System - Jamnagar","Ram Group",8090000,9319000,AWARDED,2024-08-06T00:00:00Z
T240,"Solid Waste Management System - Jamnagar","Apex Contractors",9172000,9319000,SUBMITTED,2024-08-08T00:00:00Z
T240,"Solid Waste Management System - Jamnagar","Marwar Constructions Pvt Ltd",10529000,9319000,ACTIVE,2024-08-07T00:00:00Z
T241,"Water Supply Pipeline Installation - Gandhinagar","Era Civil Works",2782000,3115000,AWARDED,2024-02-08T00:00:00Z
T241,"Water Supply Pipeline Installation - Gandhinagar","Bengal Civil Works",3106000,3115000,ACTIVE,2024-02-09T00:00:00Z
T242,"Water Supply Pipeline Installation - Gandhinagar","Vinayak Builders",8012000,9407000,AWARDED,2024-09-03T00:00:00Z
T242,"Water Supply Pipeline Installation - Gandhinagar","Gujarat Infrastructure",10356000,9407000,ACTIVE,2024-09-06T00:00:00Z
T243,"Cattle Shed and Veterinary Centre - Gandhinagar","Karnataka Corporation",3833000,4181000,AWARDED,2024-08-03T00:00:00Z
T243,"Cattle Shed and Veterinary Centre - Gandhinagar","Ganesh Corporation",4548000,4181000,ACTIVE,2024-08-04T00:00:00Z
T243,"Cattle Shed and Veterinary Centre - Gandhinagar","Saraswati Works",4585000,4181000,ACTIVE,2024-08-07T00:00:00Z
T244,"Anganwadi Centre Construction - Junagadh","Era Solutions",2029000,2138000,AWARDED,2024-02-27T00:00:00Z
T244,"Anganwadi Centre Construction - Junagadh","Birla Engineering",2405000,2138000,SUBMITTED,2024-02-28T00:00:00Z
T245,"Skill Development Training Centre - Junagadh","Kalinga Corporation",5672000,6410000,AWARDED,2024-06-19T00:00:00Z
T245,"Skill Development Training Centre - Junagadh","Ganesh Builders",6654000,6410000,SUBMITTED,2024-06-23T00:00:00Z
T245,"Skill Development Training Centre - Junagadh","Vimal Projects",5886000,6410000,SUBMITTED,2024-06-22T00:00:00Z
T246,"Soil Conservation Works - Junagadh","Larsen Group",4177000,4502000,AWARDED,2024-07-30T00:00:00Z
T246,"Soil Conservation Works - Junagadh","Sai Builders",5035000,4502000,SUBMITTED,2024-08-01T00:00:00Z
T247,"Water Supply Pipeline Installation - Anand","IRB Group",12068000,13423000,AWARDED,2024-10-25T00:00:00Z
T247,"Water Supply Pipeline Installation - Anand","IRB Engineering Ltd",14897000,13423000,ACTIVE,2024-10-26T00:00:00Z
T248,"Soil Conservation Works - Anand","Larsen Contractors",2464000,2676000,AWARDED,2024-08-02T00:00:00Z
T248,"Soil Conservation Works - Anand","Kalinga Constructions Pvt Ltd",2819000,2676000,ACTIVE,2024-08-05T00:00:00Z
T249,"Cold Storage Facility - Anand","Birla Works",22397000,24643000,AWARDED,2024-01-15T00:00:00Z
T249,"Cold Storage Facility - Anand","Ahluwalia Builders",21778000,24643000,ACTIVE,2024-01-19T00:00:00Z
T249,"Cold Storage Facility - Anand","Gayatri Construction Co",21977000,24643000,SUBMITTED,2024-01-16T00:00:00Z
T250,"Soil Conservation Works - Mehsana","Tata Developers",6819000,7343000,AWARDED,2024-10-25T00:00:00Z
T250,"Soil Conservation Works - Mehsana","Tamil Corporation",7776000,7343000,ACTIVE,2024-10-27T00:00:00Z
T251,"Solar Street Lighting - Mehsana","Ganga Civil Works",6833000,7443000,AWARDED,2024-04-07T00:00:00Z
T251,"Solar Street Lighting - Mehsana","J Kumar Developers",8080000,7443000,SUBMITTED,2024-04-09T00:00:00Z
T251,"Solar Street Lighting - Mehsana","Kalinga Contractors",8387000,7443000,ACTIVE,2024-04-11T00:00:00Z
T252,"Anganwadi Centre Construction - Mehsana","Shiva Infra Pvt Ltd",1948000,2173000,AWARDED,2024-10-01T00:00:00Z
T252,"Anganwadi Centre Construction - Mehsana","Ambika Infrastructure",1926000,2173000,SUBMITTED,2024-10-05T00:00:00Z
T252,"Anganwadi Centre Construction - Mehsana","Krishna Construction Co",2022000,2173000,SUBMITTED,2024-10-03T00:00:00Z
T253,"Rural Electrification Works - Lucknow","Blue Engineering",6636000,7182000,AWARDED,2024-06-05T00:00:00Z
T253,"Rural Electrification Works - Lucknow","NCC Solutions",7060000,7182000,SUBMITTED,2024-06-07T00:00:00Z
T253,"Rural Electrification Works - Lucknow","Shapoorji Works",8012000,7182000,ACTIVE,2024-06-06T00:00:00Z
T254,"Panchayat Community Hall - Lucknow","Maharashtra Constructions Pvt Ltd",6011000,6997000,AWARDED,2024-07-15T00:00:00Z
T254,"Panchayat Community Hall - Lucknow","XYZ Infrastructure",6977000,6997000,SUBMITTED,2024-07-16T00:00:00Z
T254,"Panchayat Community Hall - Lucknow","Rajasthan Developers",7856000,6997000,SUBMITTED,2024-07-19T00:00:00Z
T255,"Tribal Welfare Hostel Construction - Lucknow","ABC Corporation",10849000,12350000,AWARDED,2024-09-20T00:00:00Z
T255,"Tribal Welfare Hostel Construction - Lucknow","Simplex Enterprises",12707000,12350000,ACTIVE,2024-09-21T00:00:00Z
T256,"Check Dam Construction - Lucknow","Larsen Services",3803000,4439000,AWARDED,2024-06-09T00:00:00Z
T256,"Check Dam Construction - Lucknow","Meenakshi Engineering Ltd",4059000,4439000,SUBMITTED,2024-06-11T00:00:00Z
T257,"Solar Street Lighting - Kanpur","Andhra Developers",2462000,2885000,AWARDED,2024-04-08T00:00:00Z
T257,"Solar Street Lighting - Kanpur","Om Engineering",3175000,2885000,SUBMITTED,2024-04-11T00:00:00Z
T258,"Soil Conservation Works - Kanpur","KNR Infra Pvt Ltd",7356000,7804000,AWARDED,2024-09-18T00:00:00Z
T258,"Soil Conservation Works - Kanpur","Bengal Infrastructure",7171000,7804000,SUBMITTED,2024-09-20T00:00:00Z
T258,"Soil Conservation Works - Kanpur","Sunrise Works",7582000,7804000,ACTIVE,2024-09-19T00:00:00Z
T259,"Anganwadi Centre Construction - Kanpur","Shiva Developers",2171000,2415000,AWARDED,2024-06-08T00:00:00Z
T259,"Anganwadi Centre Construction - Kanpur","Jai Engineering",2349000,2415000,SUBMITTED,2024-06-11T00:00:00Z
T260,"Rural Road Construction - Agra","Shree Civil Works",8499000,9281000,AWARDED,2024-06-29T00:00:00Z
T260,"Rural Road Construction - Agra","Royal Associates",9391000,9281000,SUBMITTED,2024-07-02T00:00:00Z
T260,"Rural Road Construction - Agra","Birla Constructions",9513000,9281000,ACTIVE,2024-07-02T00:00:00Z
T261,"Soil Conservation Works - Agra","Ganesh Works",2214000,2373000,AWARDED,2024-07-30T00:00:00Z
T261,"Soil Conservation Works - Agra","Ganga Constructions",2329000,2373000,SUBMITTED,2024-08-01T00:00:00Z
T262,"Tribal Welfare Hostel Construction - Agra","ABC Engineering",13244000,14784000,AWARDED,2024-02-01T00:00:00Z
T262,"Tribal Welfare Hostel Construction - Agra","Megha Constructions Pvt Ltd",15165000,14784000,ACTIVE,2024-02-03T00:00:00Z
T263,"Water Supply Pipeline Installation - Agra","Apex Infra Ltd",4164000,4499000,AWARDED,2024-10-07T00:00:00Z
T263,"Water Supply Pipeline Installation - Agra","Lakshmi Developers",4477000,4499000,SUBMITTED,2024-10-11T00:00:00Z
T263,"Water Supply Pipeline Installation - Agra","Ambika Infra Pvt Ltd",4454000,4499000,ACTIVE,2024-10-08T00:00:00Z
T264,"Soil Conservation Works - Varanasi","AFCONS Projects",2339000,2480000,AWARDED,2024-04-12T00:00:00Z
T264,"Soil Conservation Works - Varanasi","Tamil Infra Pvt Ltd",2766000,2480000,SUBMITTED,2024-04-16T00:00:00Z
T265,"Soil Conservation Works - Varanasi","Pandian Engineering Ltd",3835000,4068000,AWARDED,2024-09-15T00:00:00Z
T265,"Soil Conservation Works - Varanasi","Tamil Constructions Pvt Ltd",4438000,4068000,SUBMITTED,2024-09-19T00:00:00Z
T265,"Soil Conservation Works - Varanasi","Meenakshi Associates",4096000,4068000,ACTIVE,2024-09-17T00:00:00Z
T266,"Government Primary School Renovation - Varanasi","Bengal Constructions Pvt Ltd",7044000,7503000,AWARDED,2024-10-02T00:00:00Z
T266,"Government Primary School Renovation - Varanasi","Kalinga Civil Works",8169000,7503000,SUBMITTED,2024-10-03T00:00:00Z
T267,"PMGSY Road Upgradation - Varanasi","Tamil Developers",9792000,10629000,AWARDED,2024-04-29T00:00:00Z
T267,"PMGSY Road Upgradation - Varanasi","Jai Infra Ltd",11527000,10629000,ACTIVE,2024-05-01T00:00:00Z
T267,"PMGSY Road Upgradation - Varanasi","Ganesh Group",9680000,10629000,ACTIVE,2024-04-30T00:00:00Z
T268,"PMGSY Road Upgradation - Prayagraj","Vimal Group",17903000,19377000,AWARDED,2024-01-15T00:00:00Z
T268,"PMGSY Road Upgradation - Prayagraj","Kalinga Constructions",20116000,19377000,ACTIVE,2024-01-18T00:00:00Z
T268,"PMGSY Road Upgradation - Prayagraj","Lakshmi Group",19653000,19377000,ACTIVE,2024-01-18T00:00:00Z
T269,"Rural Road Construction - Prayagraj","Karnataka Works",13006000,14134000,AWARDED,2024-10-11T00:00:00Z
T269,"Rural Road Construction - Prayagraj","PQR Associates",13885000,14134000,SUBMITTED,2024-10-13T00:00:00Z
T269,"Rural Road Construction - Prayagraj","Gayatri Constructions",12620000,14134000,ACTIVE,2024-10-15T00:00:00Z
T270,"Borewell and Handpump Installation - Prayagraj","Tamil Associates",1266000,1462000,AWARDED,2024-06-03T00:00:00Z
T270,"Borewell and Handpump Installation - Prayagraj","Elite Contractors",1618000,1462000,ACTIVE,2024-06-04T00:00:00Z
T270,"Borewell and Handpump Installation - Prayagraj","Royal Engineering Ltd",1340000,1462000,SUBMITTED,2024-06-04T00:00:00Z
T271,"Water Supply Pipeline Installation - Prayagraj","Meenakshi Corporation",12236000,12922000,AWARDED,2024-03-18T00:00:00Z
T271,"Water Supply Pipeline Installation - Prayagraj","Shapoorji Group",12065000,12922000,SUBMITTED,2024-03-22T00:00:00Z
T271,"Water Supply Pipeline Installation - Prayagraj","AFCONS Contractors",14095000,12922000,ACTIVE,2024-03-21T00:00:00Z
T272,"Rural Road Construction - Meerut","Krishna Enterprises",6143000,6883000,AWARDED,2024-10-25T00:00:00Z
T272,"Rural Road Construction - Meerut","Gayatri Construction Co",6772000,6883000,SUBMITTED,2024-10-27T00:00:00Z
T272,"Rural Road Construction - Meerut","Om Associates",6649000,6883000,SUBMITTED,2024-10-27T00:00:00Z
T273,"Irrigation Canal Construction - Meerut","Tata Projects",9235000,10472000,AWARDED,2024-07-07T00:00:00Z
T273,"Irrigation Canal Construction - Meerut","Sunrise Infrastructure",10740000,10472000,SUBMITTED,2024-07-08T00:00:00Z
T274,"Tribal Welfare Hostel Construction - Meerut","Green Infra Ltd",11962000,13271000,AWARDED,2024-03-28T00:00:00Z
T274,"Tribal Welfare Hostel Construction - Meerut","Krishna Developers",12080000,13271000,SUBMITTED,2024-03-31T00:00:00Z
T274,"Tribal Welfare Hostel Construction - Meerut","Royal Developers",13845000,13271000,SUBMITTED,2024-03-29T00:00:00Z
T275,"Rainwater Harvesting Structure - Meerut","Shiva Engineering Ltd",2583000,2951000,AWARDED,2024-08-13T00:00:00Z
T275,"Rainwater Harvesting Structure - Meerut","Apex Engineering Ltd",2791000,2951000,ACTIVE,2024-08-14T00:00:00Z
T276,"Cold Storage Facility - Bareilly","Era Constructions Pvt Ltd",21727000,23938000,AWARDED,2024-08-19T00:00:00Z
T276,"Cold Storage Facility - Bareilly","Maharashtra Engineering",21206000,23938000,SUBMITTED,2024-08-23T00:00:00Z
T277,"Tribal Welfare Hostel Construction - Bareilly","J Kumar Constructions",11488000,12930000,AWARDED,2024-06-30T00:00:00Z
T277,"Tribal Welfare Hostel Construction - Bareilly","Ahluwalia Engineering",14497000,12930000,ACTIVE,2024-07-01T00:00:00Z
T277,"Tribal Welfare Hostel Construction - Bareilly","Shiva Developers",13681000,12930000,ACTIVE,2024-07-01T00:00:00Z
T278,"Panchayat Community Hall - Bareilly","Simplex Engineering",6599000,7451000,AWARDED,2024-03-20T00:00:00Z
T278,"Panchayat Community Hall - Bareilly","Jai Constructions",7866000,7451000,SUBMITTED,2024-03-21T00:00:00Z
T279,"Borewell and Handpump Installation - Bareilly","Karnataka Solutions",1025000,1093000,AWARDED,2024-06-29T00:00:00Z
T279,"Borewell and Handpump Installation - Bareilly","AFCONS Solutions",1174000,1093000,SUBMITTED,2024-07-01T00:00:00Z
T280,"Tribal Welfare Hostel Construction - Aligarh","Vimal Engineering Ltd",14766000,17352000,AWARDED,2024-07-25T00:00:00Z
T280,"Tribal Welfare Hostel Construction - Aligarh","J Kumar Infra Pvt Ltd",16601000,17352000,SUBMITTED,2024-07-27T00:00:00Z
T281,"Rural Road Construction - Aligarh","Shree Associates",5481000,5825000,AWARDED,2024-04-08T00:00:00Z
T281,"Rural Road Construction - Aligarh","Andhra Solutions",5935000,5825000,SUBMITTED,2024-04-12T00:00:00Z
T281,"Rural Road Construction - Aligarh","XYZ Infrastructure",5290000,5825000,SUBMITTED,2024-04-11T00:00:00Z
T282,"Rural Electrification Works - Aligarh","Ganga Associates",8047000,9345000,AWARDED,2024-09-07T00:00:00Z
T282,"Rural Electrification Works - Aligarh","KNR Infrastructure",9777000,9345000,SUBMITTED,2024-09-11T00:00:00Z
T283,"Rural Electrification Works - Aligarh","Jai Constructions Pvt Ltd",9209000,9929000,AWARDED,2024-06-08T00:00:00Z
T283,"Rural Electrification Works - Aligarh","Gujarat Infrastructure",9597000,9929000,ACTIVE,2024-06-09T00:00:00Z
T283,"Rural Electrification Works - Aligarh","Sunrise Solutions",10539000,9929000,ACTIVE,2024-06-09T00:00:00Z
T284,"Public Toilet Block (SBMG) - Moradabad","Shapoorji Solutions",715000,815000,AWARDED,2024-02-26T00:00:00Z
T284,"Public Toilet Block (SBMG) - Moradabad","AFCONS Contractors",790000,815000,SUBMITTED,2024-03-01T00:00:00Z
T285,"Drainage and Sanitation Works - Moradabad","Pioneer Projects",6799000,7231000,AWARDED,2024-06-26T00:00:00Z
T285,"Drainage and Sanitation Works - Moradabad","Vimal Group",7350000,7231000,SUBMITTED,2024-06-30T00:00:00Z
T286,"Solid Waste Management System - Moradabad","Ganga Engineering Ltd",4526000,4889000,AWARDED,2024-09-23T00:00:00Z
T286,"Solid Waste Management System - Moradabad","Larsen Construction Co",4494000,4889000,SUBMITTED,2024-09-25T00:00:00Z
T287,"Community Pond Renovation - Moradabad","National Projects",1252000,1472000,AWARDED,2024-08-21T00:00:00Z
T287,"Community Pond Renovation - Moradabad","IRB Builders",1518000,1472000,SUBMITTED,2024-08-22T00:00:00Z
T288,"Public Toilet Block (SBMG) - Gorakhpur","Blue Contractors",1093000,1267000,AWARDED,2024-04-05T00:00:00Z
T288,"Public Toilet Block (SBMG) - Gorakhpur","Tata Enterprises",1221000,1267000,SUBMITTED,2024-04-09T00:00:00Z
T289,"Public Toilet Block (SBMG) - Gorakhpur","Tamil Constructions",964000,1034000,AWARDED,2024-07-17T00:00:00Z
T289,"Public Toilet Block (SBMG) - Gorakhpur","IRB Group",1072000,1034000,ACTIVE,2024-07-19T00:00:00Z
T290,"Rural Bridge Construction - Gorakhpur","Era Corporation",9576000,10222000,AWARDED,2024-06-10T00:00:00Z
T290,"Rural Bridge Construction - Gorakhpur","Simplex Services",10575000,10222000,SUBMITTED,2024-06-11T00:00:00Z
T291,"Solid Waste Management System - Gorakhpur","Gujarat Contractors",10446000,11622000,AWARDED,2024-02-15T00:00:00Z
T291,"Solid Waste Management System - Gorakhpur","Apex Infrastructure",10234000,11622000,SUBMITTED,2024-02-17T00:00:00Z
T291,"Solid Waste Management System - Gorakhpur","Andhra Civil Works",10413000,11622000,SUBMITTED,2024-02-19T00:00:00Z
T292,"Public Toilet Block (SBMG) - Patna","Jai Engineering Ltd",493000,569000,AWARDED,2024-09-01T00:00:00Z
T292,"Public Toilet Block (SBMG) - Patna","Marwar Constructions",591000,569000,SUBMITTED,2024-09-05T00:00:00Z
T292,"Public Toilet Block (SBMG) - Patna","Shiva Civil Works",614000,569000,SUBMITTED,2024-09-02T00:00:00Z
T293,"PMGSY Road Upgradation - Patna","IRB Infrastructure",48662000,56802000,AWARDED,2024-09-24T00:00:00Z
T293,"PMGSY Road Upgradation - Patna","Green Works",51869000,56802000,SUBMITTED,2024-09-26T00:00:00Z
T294,"Soil Conservation Works - Patna","Vimal Constructions",5739000,6350000,AWARDED,2024-07-31T00:00:00Z
T294,"Soil Conservation Works - Patna","Maharashtra Works",7001000,6350000,SUBMITTED,2024-08-02T00:00:00Z
T295,"Water Supply Pipeline Installation - Patna","Gayatri Builders",10373000,10982000,AWARDED,2024-01-20T00:00:00Z
T295,"Water Supply Pipeline Installation - Patna","Megha Contractors",10710000,10982000,ACTIVE,2024-01-24T00:00:00Z
T295,"Water Supply Pipeline Installation - Patna","Vimal Developers",12128000,10982000,ACTIVE,2024-01-22T00:00:00Z
T296,"Drainage and Sanitation Works - Gaya","Sunrise Developers",3960000,4585000,AWARDED,2024-02-04T00:00:00Z
T296,"Drainage and Sanitation Works - Gaya","IRB Engineering",4949000,4585000,ACTIVE,2024-02-07T00:00:00Z
T296,"Drainage and Sanitation Works - Gaya","Premier Constructions Pvt Ltd",4181000,4585000,SUBMITTED,2024-02-06T00:00:00Z
T297,"Panchayat Community Hall - Gaya","Sahyadri Infra Ltd",6054000,6965000,AWARDED,2024-07-22T00:00:00Z
T297,"Panchayat Community Hall - Gaya","BrightSun Corporation",7160000,6965000,SUBMITTED,2024-07-26T00:00:00Z
T298,"Irrigation Canal Construction - Gaya","Simplex Projects",25545000,27044000,AWARDED,2024-04-07T00:00:00Z
T298,"Irrigation Canal Construction - Gaya","Ganga Civil Works",26918000,27044000,SUBMITTED,2024-04-08T00:00:00Z
T299,"Rural Electrification Works - Gaya","Om Corporation",6779000,7458000,AWARDED,2024-01-28T00:00:00Z
T299,"Rural Electrification Works - Gaya","Shree Infra Pvt Ltd",7376000,7458000,ACTIVE,2024-01-31T00:00:00Z
T300,"Soil Conservation Works - Muzaffarpur","Durga Engineering Ltd",5227000,5925000,AWARDED,2024-10-07T00:00:00Z
T300,"Soil Conservation Works - Muzaffarpur","Sunrise Associates",5954000,5925000,SUBMITTED,2024-10-08T00:00:00Z
T300,"Soil Conservation Works - Muzaffarpur","Pratap Associates",6200000,5925000,SUBMITTED,2024-10-10T00:00:00Z
T301,"Check Dam Construction - Muzaffarpur","Bengal Works",4238000,4953000,AWARDED,2024-05-19T00:00:00Z
T301,"Check Dam Construction - Muzaffarpur","Andhra Builders",4923000,4953000,ACTIVE,2024-05-20T00:00:00Z
T302,"Rural Road Construction - Muzaffarpur","Krishna Associates",6458000,7184000,AWARDED,2024-01-23T00:00:00Z
T302,"Rural Road Construction - Muzaffarpur","XYZ Construction Co",6833000,7184000,SUBMITTED,2024-01-26T00:00:00Z
T302,"Rural Road Construction - Muzaffarpur","Ganesh Contractors",6511000,7184000,SUBMITTED,2024-01-27T00:00:00Z
T303,"Rural Electrification Works - Bhagalpur","Vimal Services",5275000,5689000,AWARDED,2024-06-18T00:00:00Z
T303,"Rural Electrification Works - Bhagalpur","Ganesh Construction Co",5048000,5689000,ACTIVE,2024-06-20T00:00:00Z
T303,"Rural Electrification Works - Bhagalpur","Karnataka Constructions Pvt Ltd",5769000,5689000,ACTIVE,2024-06-19T00:00:00Z
T304,"Borewell and Handpump Installation - Bhagalpur","Shree Corporation",761000,825000,AWARDED,2024-07-25T00:00:00Z
T304,"Borewell and Handpump Installation - Bhagalpur","Andhra Infra Ltd",828000,825000,SUBMITTED,2024-07-28T00:00:00Z
T304,"Borewell and Handpump Installation - Bhagalpur","Bengal Enterprises",805000,825000,SUBMITTED,2024-07-28T00:00:00Z
T305,"Skill Development Training Centre - Bhagalpur","Saraswati Construction Co",9930000,11365000,AWARDED,2024-08-15T00:00:00Z
T305,"Skill Development Training Centre - Bhagalpur","Pioneer Engineering",10272000,11365000,ACTIVE,2024-08-16T00:00:00Z
T306,"Anganwadi Centre Construction - Darbhanga","Island Infra Pvt Ltd",1362000,1484000,AWARDED,2024-02-29T00:00:00Z
T306,"Anganwadi Centre Construction - Darbhanga","AFCONS Constructions",1318000,1484000,SUBMITTED,2024-03-04T00:00:00Z
T307,"Panchayat Community Hall - Darbhanga","BrightSun Group",10404000,12111000,AWARDED,2024-02-02T00:00:00Z
T307,"Panchayat Community Hall - Darbhanga","Krishna Group",12164000,12111000,ACTIVE,2024-02-05T00:00:00Z
T308,"Drainage and Sanitation Works - Darbhanga","Megha Constructions Pvt Ltd",8051000,8644000,AWARDED,2024-01-10T00:00:00Z
T308,"Drainage and Sanitation Works - Darbhanga","Apex Construction Co",8812000,8644000,ACTIVE,2024-01-14T00:00:00Z
T309,"Rainwater Harvesting Structure - Darbhanga","Era Engineering",1599000,1880000,AWARDED,2024-08-01T00:00:00Z
T309,"Rainwater Harvesting Structure - Darbhanga","Apex Works",2094000,1880000,SUBMITTED,2024-08-05T00:00:00Z
T309,"Rainwater Harvesting Structure - Darbhanga","Royal Engineering",1696000,1880000,ACTIVE,2024-08-04T00:00:00Z
T310,"Rainwater Harvesting Structure - Arrah","Gujarat Projects",3543000,4076000,AWARDED,2024-06-10T00:00:00Z
T310,"Rainwater Harvesting Structure - Arrah","Ganesh Infra Pvt Ltd",3904000,4076000,SUBMITTED,2024-06-13T00:00:00Z
T310,"Rainwater Harvesting Structure - Arrah","Sahyadri Projects",4348000,4076000,ACTIVE,2024-06-13T00:00:00Z
T311,"Skill Development Training Centre - Arrah","Sunrise Associates",6246000,7230000,AWARDED,2024-02-14T00:00:00Z
T311,"Skill Development Training Centre - Arrah","Meenakshi Enterprises",6508000,7230000,ACTIVE,2024-02-15T00:00:00Z
T311,"Skill Development Training Centre - Arrah","AFCONS Infrastructure",7840000,7230000,ACTIVE,2024-02-17T00:00:00Z
T312,"Government Primary School Renovation - Arrah","Krishna Works",5415000,5928000,AWARDED,2024-01-14T00:00:00Z
T312,"Government Primary School Renovation - Arrah","Tata Solutions",5356000,5928000,SUBMITTED,2024-01-18T00:00:00Z
T313,"Tribal Welfare Hostel Construction - Begusarai","Gayatri Constructions",6291000,7271000,AWARDED,2024-05-07T00:00:00Z
T313,"Tribal Welfare Hostel Construction - Begusarai","Vimal Contractors",7782000,7271000,SUBMITTED,2024-05-10T00:00:00Z
T313,"Tribal Welfare Hostel Construction - Begusarai","Krishna Builders",6450000,7271000,SUBMITTED,2024-05-09T00:00:00Z
T314,"Fair Price Shop Construction - Begusarai","Green Associates",697000,761000,AWARDED,2024-02-11T00:00:00Z
T314,"Fair Price Shop Construction - Begusarai","Apex Solutions",692000,761000,SUBMITTED,2024-02-14T00:00:00Z
T315,"Drainage and Sanitation Works - Begusarai","Andhra Civil Works",7377000,7843000,AWARDED,2024-09-19T00:00:00Z
T315,"Drainage and Sanitation Works - Begusarai","Larsen Developers",8796000,7843000,SUBMITTED,2024-09-21T00:00:00Z
T316,"Borewell and Handpump Installation - Katihar","Sai Constructions",1097000,1237000,AWARDED,2024-05-14T00:00:00Z
T316,"Borewell and Handpump Installation - Katihar","Gayatri Projects",1232000,1237000,SUBMITTED,2024-05-18T00:00:00Z
T316,"Borewell and Handpump Installation - Katihar","Ramesh Enterprises",1339000,1237000,ACTIVE,2024-05-16T00:00:00Z
T317,"Check Dam Construction - Katihar","Tamil Projects",9686000,11282000,AWARDED,2024-07-06T00:00:00Z
T317,"Check Dam Construction - Katihar","Birla Group",11502000,11282000,SUBMITTED,2024-07-08T00:00:00Z
T317,"Check Dam Construction - Katihar","Era Services",10038000,11282000,SUBMITTED,2024-07-08T00:00:00Z
T318,"Soil Conservation Works - Katihar","Megha Engineering",4941000,5799000,AWARDED,2024-09-02T00:00:00Z
T318,"Soil Conservation Works - Katihar","Vimal Solutions",6046000,5799000,SUBMITTED,2024-09-06T00:00:00Z
T318,"Soil Conservation Works - Katihar","AFCONS Solutions",6492000,5799000,SUBMITTED,2024-09-06T00:00:00Z
T319,"Drainage and Sanitation Works - Munger","Vinayak Infra Ltd",3054000,3562000,AWARDED,2024-10-21T00:00:00Z
T319,"Drainage and Sanitation Works - Munger","Kalinga Group",3620000,3562000,ACTIVE,2024-10-25T00:00:00Z
T319,"Drainage and Sanitation Works - Munger","Ganga Enterprises",3240000,3562000,SUBMITTED,2024-10-23T00:00:00Z
T320,"Anganwadi Centre Construction - Munger","Shree Solutions",2633000,2982000,AWARDED,2024-06-10T00:00:00Z
T320,"Anganwadi Centre Construction - Munger","Andhra Constructions Pvt Ltd",2935000,2982000,ACTIVE,2024-06-12T00:00:00Z
T321,"Cold Storage Facility - Munger","Megha Engineering",13092000,15220000,AWARDED,2024-03-21T00:00:00Z
T321,"Cold Storage Facility - Munger","Ram Works",14231000,15220000,SUBMITTED,2024-03-24T00:00:00Z
T322,"Fair Price Shop Construction - Samastipur","Elite Group",1488000,1568000,AWARDED,2024-08-28T00:00:00Z
T322,"Fair Price Shop Construction - Samastipur","Pioneer Developers",1657000,1568000,ACTIVE,2024-08-29T00:00:00Z
T322,"Fair Price Shop Construction - Samastipur","Vinayak Group",1652000,1568000,SUBMITTED,2024-09-01T00:00:00Z
T323,"Rural Road Construction - Samastipur","Rajasthan Civil Works",19023000,20224000,AWARDED,2024-01-20T00:00:00Z
T323,"Rural Road Construction - Samastipur","Pandian Constructions",22164000,20224000,ACTIVE,2024-01-24T00:00:00Z
T323,"Rural Road Construction - Samastipur","Kalinga Services",18993000,20224000,ACTIVE,2024-01-24T00:00:00Z
T324,"Government Primary School Renovation - Samastipur","J Kumar Builders",6598000,7111000,AWARDED,2024-03-08T00:00:00Z
T324,"Government Primary School Renovation - Samastipur","Blue Developers",6368000,7111000,SUBMITTED,2024-03-09T00:00:00Z
T324,"Government Primary School Renovation - Samastipur","Maharashtra Constructions Pvt Ltd",7793000,7111000,SUBMITTED,2024-03-12T00:00:00Z
T325,"Government Primary School Renovation - Kolkata","AFCONS Associates",6346000,7102000,AWARDED,2024-02-24T00:00:00Z
T325,"Government Primary School Renovation - Kolkata","ABC Corporation",7520000,7102000,ACTIVE,2024-02-25T00:00:00Z
T326,"Primary Health Sub-Centre Construction - Kolkata","Karnataka Corporation",7876000,8836000,AWARDED,2024-10-22T00:00:00Z
T326,"Primary Health Sub-Centre Construction - Kolkata","Gayatri Engineering",9559000,8836000,SUBMITTED,2024-10-26T00:00:00Z
T326,"Primary Health Sub-Centre Construction - Kolkata","AFCONS Associates",7918000,8836000,ACTIVE,2024-10-25T00:00:00Z
T327,"Rural Bridge Construction - Kolkata","Ganga Enterprises",10606000,11616000,AWARDED,2024-10-09T00:00:00Z
T327,"Rural Bridge Construction - Kolkata","Ambika Engineering",12896000,11616000,SUBMITTED,2024-10-13T00:00:00Z
T327,"Rural Bridge Construction - Kolkata","Lakshmi Infra Ltd",12397000,11616000,SUBMITTED,2024-10-11T00:00:00Z
T328,"Public Toilet Block (SBMG) - Howrah","Marwar Infra Ltd",2085000,2327000,AWARDED,2024-01-30T00:00:00Z
T328,"Public Toilet Block (SBMG) - Howrah","BrightSun Solutions",2245000,2327000,SUBMITTED,2024-01-31T00:00:00Z
T329,"Drainage and Sanitation Works - Howrah","Ambika Builders",8080000,9230000,AWARDED,2024-02-03T00:00:00Z
T329,"Drainage and Sanitation Works - Howrah","J Kumar Builders",9461000,9230000,ACTIVE,2024-02-04T00:00:00Z
T329,"Drainage and Sanitation Works - Howrah","Premier Associates",9033000,9230000,SUBMITTED,2024-02-05T00:00:00Z
T330,"Tribal Welfare Hostel Construction - Howrah","Shapoorji Associates",10560000,11616000,AWARDED,2024-07-05T00:00:00Z
T330,"Tribal Welfare Hostel Construction - Howrah","Krishna Developers",12430000,11616000,ACTIVE,2024-07-06T00:00:00Z
T330,"Tribal Welfare Hostel Construction - Howrah","Green Solutions",12654000,11616000,SUBMITTED,2024-07-09T00:00:00Z
T331,"Tribal Welfare Hostel Construction - Howrah","AFCONS Projects",8360000,9406000,AWARDED,2024-03-04T00:00:00Z
T331,"Tribal Welfare Hostel Construction - Howrah","Gujarat Works",8761000,9406000,ACTIVE,2024-03-06T00:00:00Z
T332,"Primary Health Sub-Centre Construction - Durgapur","Ganesh Infra Pvt Ltd",8141000,8807000,AWARDED,2024-08-18T00:00:00Z
T332,"Primary Health Sub-Centre Construction - Durgapur","Ambika Constructions",9038000,8807000,SUBMITTED,2024-08-19T00:00:00Z
T332,"Primary Health Sub-Centre Construction - Durgapur","NCC Corporation",8403000,8807000,SUBMITTED,2024-08-22T00:00:00Z
T333,"Rural Electrification Works - Durgapur","Ahluwalia Construction Co",3736000,4385000,AWARDED,2024-09-13T00:00:00Z
T333,"Rural Electrification Works - Durgapur","Pandian Corporation",4521000,4385000,ACTIVE,2024-09-14T00:00:00Z
T333,"Rural Electrification Works - Durgapur","Kalinga Constructions",4563000,4385000,ACTIVE,2024-09-17T00:00:00Z
T334,"Irrigation Canal Construction - Durgapur","Krishna Associates",22726000,24054000,AWARDED,2024-01-21T00:00:00Z
T334,"Irrigation Canal Construction - Durgapur","Gujarat Engineering Ltd",24754000,24054000,ACTIVE,2024-01-24T00:00:00Z
T334,"Irrigation Canal Construction - Durgapur","Tamil Projects",23985000,24054000,SUBMITTED,2024-01-23T00:00:00Z
T335,"Soil Conservation Works - Asansol","Ahluwalia Civil Works",6658000,7384000,AWARDED,2024-08-29T00:00:00Z
T335,"Soil Conservation Works - Asansol","PQR Corporation",8165000,7384000,SUBMITTED,2024-08-31T00:00:00Z
T336,"Cattle Shed and Veterinary Centre - Asansol","Lakshmi Infrastructure",2459000,2663000,AWARDED,2024-05-09T00:00:00Z
T336,"Cattle Shed and Veterinary Centre - Asansol","Maharashtra Developers",2408000,2663000,SUBMITTED,2024-05-11T00:00:00Z
T337,"Rural Bridge Construction - Asansol","Sunrise Solutions",27909000,29945000,AWARDED,2024-06-14T00:00:00Z
T337,"Rural Bridge Construction - Asansol","Vinayak Associates",32269000,29945000,SUBMITTED,2024-06-16T00:00:00Z
T337,"Rural Bridge Construction - Asansol","Larsen Civil Works",27766000,29945000,SUBMITTED,2024-06-18T00:00:00Z
T338,"Drainage and Sanitation Works - Asansol","Karnataka Projects",1733000,1838000,AWARDED,2024-08-08T00:00:00Z
T338,"Drainage and Sanitation Works - Asansol","Ahluwalia Builders",1910000,1838000,ACTIVE,2024-08-11T00:00:00Z
T338,"Drainage and Sanitation Works - Asansol","National Contractors",1705000,1838000,SUBMITTED,2024-08-10T00:00:00Z
T339,"Rainwater Harvesting Structure - Siliguri","IRB Contractors",4557000,5339000,AWARDED,2024-09-10T00:00:00Z
T339,"Rainwater Harvesting Structure - Siliguri","Vimal Constructions",5972000,5339000,ACTIVE,2024-09-11T00:00:00Z
T339,"Rainwater Harvesting Structure - Siliguri","Karnataka Construction Co",4736000,5339000,SUBMITTED,2024-09-13T00:00:00Z
T340,"Government Primary School Renovation - Siliguri","Pioneer Civil Works",4175000,4647000,AWARDED,2024-09-26T00:00:00Z
T340,"Government Primary School Renovation - Siliguri","Larsen Corporation",4828000,4647000,SUBMITTED,2024-09-28T00:00:00Z
T341,"Rural Road Construction - Siliguri","National Contractors",5859000,6203000,AWARDED,2024-02-07T00:00:00Z
T341,"Rural Road Construction - Siliguri","Shapoorji Corporation",6905000,6203000,ACTIVE,2024-02-08T00:00:00Z
T341,"Rural Road Construction - Siliguri","Tata Constructions",6085000,6203000,SUBMITTED,2024-02-10T00:00:00Z
T342,"Drainage and Sanitation Works - Siliguri","Saraswati Constructions",8486000,9340000,AWARDED,2024-01-20T00:00:00Z
T342,"Drainage and Sanitation Works - Siliguri","Om Engineering",9108000,9340000,SUBMITTED,2024-01-21T00:00:00Z
T343,"Borewell and Handpump Installation - Malda","Krishna Construction Co",1981000,2168000,AWARDED,2024-04-17T00:00:00Z
T343,"Borewell and Handpump Installation - Malda","Island Services",2108000,2168000,SUBMITTED,2024-04-19T00:00:00Z
T343,"Borewell and Handpump Installation - Malda","Tata Infrastructure",2230000,2168000,ACTIVE,2024-04-21T00:00:00Z
T344,"Skill Development Training Centre - Malda","Gayatri Engineering Ltd",6778000,7407000,AWARDED,2024-03-02T00:00:00Z
T344,"Skill Development Training Centre - Malda","IRB Civil Works",8099000,7407000,SUBMITTED,2024-03-04T00:00:00Z
T344,"Skill Development Training Centre - Malda","Jai Constructions",7705000,7407000,SUBMITTED,2024-03-03T00:00:00Z
T345,"Panchayat Community Hall - Malda","Elite Associates",8001000,8658000,AWARDED,2024-10-25T00:00:00Z
T345,"Panchayat Community Hall - Malda","Elite Constructions Pvt Ltd",8909000,8658000,SUBMITTED,2024-10-26T00:00:00Z
T346,"Gram Panchayat Office Renovation - Murshidabad","Shree Infra Ltd",1140000,1295000,AWARDED,2024-02-10T00:00:00Z
T346,"Gram Panchayat Office Renovation - Murshidabad","ABC Works",1250000,1295000,SUBMITTED,2024-02-12T00:00:00Z
T346,"Gram Panchayat Office Renovation - Murshidabad","Rajasthan Infra Ltd",1190000,1295000,SUBMITTED,2024-02-13T00:00:00Z
T347,"Drainage and Sanitation Works - Murshidabad","Krishna Works",6049000,6548000,AWARDED,2024-06-11T00:00:00Z
T347,"Drainage and Sanitation Works - Murshidabad","Saraswati Services",7156000,6548000,SUBMITTED,2024-06-13T00:00:00Z
T348,"Solar Street Lighting - Murshidabad","IRB Group",1477000,1591000,AWARDED,2024-05-28T00:00:00Z
T348,"Solar Street Lighting - Murshidabad","Saraswati Enterprises",1654000,1591000,SUBMITTED,2024-05-29T00:00:00Z
T349,"Solid Waste Management System - Burdwan","Shree Works",7297000,8431000,AWARDED,2024-03-21T00:00:00Z
T349,"Solid Waste Management System - Burdwan","Apex Civil Works",7556000,8431000,SUBMITTED,2024-03-22T00:00:00Z
T350,"Skill Development Training Centre - Burdwan","Jai Engineering",5010000,5678000,AWARDED,2024-02-10T00:00:00Z
T350,"Skill Development Training Centre - Burdwan","IRB Construction Co",5235000,5678000,ACTIVE,2024-02-14T00:00:00Z
T350,"Skill Development Training Centre - Burdwan","Vinayak Services",6415000,5678000,SUBMITTED,2024-02-13T00:00:00Z
T351,"Solar Street Lighting - Burdwan","Island Contractors",1953000,2239000,AWARDED,2024-05-11T00:00:00Z
T351,"Solar Street Lighting - Burdwan","Rajasthan Civil Works",2479000,2239000,SUBMITTED,2024-05-12T00:00:00Z
T352,"Check Dam Construction - Jalpaiguri","Green Infra Pvt Ltd",12676000,13668000,AWARDED,2024-03-16T00:00:00Z
T352,"Check Dam Construction - Jalpaiguri","Bengal Group",12106000,13668000,SUBMITTED,2024-03-19T00:00:00Z
T352,"Check Dam Construction - Jalpaiguri","Sunrise Constructions Pvt Ltd",13417000,13668000,ACTIVE,2024-03-18T00:00:00Z
T353,"Public Toilet Block (SBMG) - Jalpaiguri","Larsen Works",1190000,1380000,AWARDED,2024-04-21T00:00:00Z
T353,"Public Toilet Block (SBMG) - Jalpaiguri","Saraswati Constructions Pvt Ltd",1344000,1380000,ACTIVE,2024-04-23T00:00:00Z
T353,"Public Toilet Block (SBMG) - Jalpaiguri","Royal Developers",1258000,1380000,ACTIVE,2024-04-22T00:00:00Z
T354,"Primary Health Sub-Centre Construction - Jalpaiguri","Sunrise Services",4022000,4692000,AWARDED,2024-08-11T00:00:00Z
T354,"Primary Health Sub-Centre Construction - Jalpaiguri","Ramesh Corporation",5044000,4692000,SUBMITTED,2024-08-13T00:00:00Z
T354,"Primary Health Sub-Centre Construction - Jalpaiguri","ABC Civil Works",4592000,4692000,SUBMITTED,2024-08-12T00:00:00Z
T355,"Panchayat Community Hall - Bankura","Pioneer Builders",12931000,14742000,AWARDED,2024-05-07T00:00:00Z
T355,"Panchayat Community Hall - Bankura","Sai Contractors",16039000,14742000,ACTIVE,2024-05-10T00:00:00Z
T356,"Water Supply Pipeline Installation - Bankura","AFCONS Infra Ltd",18804000,19979000,AWARDED,2024-07-06T00:00:00Z
T356,"Water Supply Pipeline Installation - Bankura","NCC Infrastructure",18473000,19979000,SUBMITTED,2024-07-07T00:00:00Z
T357,"Public Toilet Block (SBMG) - Bankura","Durga Infrastructure",1386000,1631000,AWARDED,2024-05-10T00:00:00Z
T357,"Public Toilet Block (SBMG) - Bankura","Jai Engineering Ltd",1797000,1631000,SUBMITTED,2024-05-11T00:00:00Z
T358,"Solar Street Lighting - Bankura","Vimal Engineering Ltd",6327000,7051000,AWARDED,2024-10-20T00:00:00Z
T358,"Solar Street Lighting - Bankura","Gujarat Corporation",6974000,7051000,ACTIVE,2024-10-24T00:00:00Z
T359,"Water Supply Pipeline Installation - Visakhapatnam","Shiva Constructions Pvt Ltd",12045000,13102000,AWARDED,2024-02-29T00:00:00Z
T359,"Water Supply Pipeline Installation - Visakhapatnam","XYZ Enterprises",13697000,13102000,SUBMITTED,2024-03-03T00:00:00Z
T360,"Rural Road Construction - Visakhapatnam","Era Associates",22610000,24290000,AWARDED,2024-07-12T00:00:00Z
T360,"Rural Road Construction - Visakhapatnam","J Kumar Civil Works",23870000,24290000,ACTIVE,2024-07-13T00:00:00Z
T360,"Rural Road Construction - Visakhapatnam","Era Group",26960000,24290000,SUBMITTED,2024-07-16T00:00:00Z
T361,"Primary Health Sub-Centre Construction - Visakhapatnam","Andhra Developers",3925000,4357000,AWARDED,2024-06-27T00:00:00Z
T361,"Primary Health Sub-Centre Construction - Visakhapatnam","Andhra Infrastructure",4369000,4357000,ACTIVE,2024-06-29T00:00:00Z
T362,"Solid Waste Management System - Vijayawada","Bengal Associates",3977000,4398000,AWARDED,2024-02-04T00:00:00Z
T362,"Solid Waste Management System - Vijayawada","Apex Constructions Pvt Ltd",4071000,4398000,SUBMITTED,2024-02-05T00:00:00Z
T362,"Solid Waste Management System - Vijayawada","Shapoorji Solutions",4777000,4398000,ACTIVE,2024-02-05T00:00:00Z
T363,"Soil Conservation Works - Vijayawada","Rajasthan Group",2593000,2877000,AWARDED,2024-02-22T00:00:00Z
T363,"Soil Conservation Works - Vijayawada","National Services",3227000,2877000,ACTIVE,2024-02-26T00:00:00Z
T364,"Rural Road Construction - Vijayawada","Ganga Developers",11206000,13087000,AWARDED,2024-06-22T00:00:00Z
T364,"Rural Road Construction - Vijayawada","Krishna Infrastructure",12520000,13087000,SUBMITTED,2024-06-24T00:00:00Z
T364,"Rural Road Construction - Vijayawada","J Kumar Projects",13464000,13087000,SUBMITTED,2024-06-26T00:00:00Z
T365,"Rural Road Construction - Guntur","Marwar Enterprises",20069000,21656000,AWARDED,2024-07-06T00:00:00Z
T365,"Rural Road Construction - Guntur","NCC Services",20287000,21656000,ACTIVE,2024-07-10T00:00:00Z
T366,"Cattle Shed and Veterinary Centre - Guntur","Jai Contractors",4720000,4981000,AWARDED,2024-06-28T00:00:00Z
T366,"Cattle Shed and Veterinary Centre - Guntur","Era Projects",5335000,4981000,SUBMITTED,2024-06-29T00:00:00Z
T366,"Cattle Shed and Veterinary Centre - Guntur","Tata Builders",5447000,4981000,SUBMITTED,2024-07-01T00:00:00Z
T367,"Public Toilet Block (SBMG) - Guntur","Saraswati Works",787000,914000,AWARDED,2024-07-13T00:00:00Z
T367,"Public Toilet Block (SBMG) - Guntur","Ambika Group",944000,914000,ACTIVE,2024-07-17T00:00:00Z
T367,"Public Toilet Block (SBMG) - Guntur","Larsen Projects",979000,914000,SUBMITTED,2024-07-15T00:00:00Z
T368,"Rainwater Harvesting Structure - Guntur","Premier Infra Pvt Ltd",5109000,5834000,AWARDED,2024-01-31T00:00:00Z
T368,"Rainwater Harvesting Structure - Guntur","PQR Projects",6362000,5834000,SUBMITTED,2024-02-04T00:00:00Z
T368,"Rainwater Harvesting Structure - Guntur","AFCONS Works",6413000,5834000,SUBMITTED,2024-02-04T00:00:00Z
T369,"Water Supply Pipeline Installation - Nellore","Lakshmi Associates",9665000,10577000,AWARDED,2024-03-26T00:00:00Z
T369,"Water Supply Pipeline Installation - Nellore","Green Corporation",10821000,10577000,SUBMITTED,2024-03-27T00:00:00Z
T370,"Rural Bridge Construction - Nellore","Kalinga Infrastructure",36209000,41958000,AWARDED,2024-01-04T00:00:00Z
T370,"Rural Bridge Construction - Nellore","Sahyadri Infra Pvt Ltd",44101000,41958000,ACTIVE,2024-01-08T00:00:00Z
T370,"Rural Bridge Construction - Nellore","Jai Infrastructure",45458000,41958000,ACTIVE,2024-01-07T00:00:00Z
T371,"Cold Storage Facility - Nellore","XYZ Enterprises",20830000,23589000,AWARDED,2024-05-23T00:00:00Z
T371,"Cold Storage Facility - Nellore","Ahluwalia Constructions Pvt Ltd",23291000,23589000,SUBMITTED,2024-05-27T00:00:00Z
T372,"Skill Development Training Centre - Kurnool","Pratap Group",10760000,12033000,AWARDED,2024-10-05T00:00:00Z
T372,"Skill Development Training Centre - Kurnool","Andhra Engineering Ltd",11710000,12033000,SUBMITTED,2024-10-08T00:00:00Z
T373,"Skill Development Training Centre - Kurnool","AFCONS Engineering",6907000,7364000,AWARDED,2024-03-31T00:00:00Z
T373,"Skill Development Training Centre - Kurnool","Andhra Civil Works",7392000,7364000,SUBMITTED,2024-04-04T00:00:00Z
T374,"Fair Price Shop Construction - Kurnool","National Enterprises",1626000,1783000,AWARDED,2024-08-22T00:00:00Z
T374,"Fair Price Shop Construction - Kurnool","Ramesh Civil Works",1581000,1783000,ACTIVE,2024-08-23T00:00:00Z
T374,"Fair Price Shop Construction - Kurnool","Pioneer Contractors",1702000,1783000,ACTIVE,2024-08-25T00:00:00Z
T375,"Rural Bridge Construction - Kurnool","Krishna Builders",21150000,23575000,AWARDED,2024-04-15T00:00:00Z
T375,"Rural Bridge Construction - Kurnool","NCC Enterprises",25107000,23575000,SUBMITTED,2024-04-17T00:00:00Z
T376,"PMGSY Road Upgradation - Tirupati","Simplex Engineering Ltd",25268000,28434000,AWARDED,2024-06-29T00:00:00Z
T376,"PMGSY Road Upgradation - Tirupati","Shiva Infra Ltd",30307000,28434000,ACTIVE,2024-07-02T00:00:00Z
T376,"PMGSY Road Upgradation - Tirupati","ABC Engineering Ltd",30471000,28434000,SUBMITTED,2024-06-30T00:00:00Z
T377,"Borewell and Handpump Installation - Tirupati","Royal Associates",1624000,1883000,AWARDED,2024-09-06T00:00:00Z
T377,"Borewell and Handpump Installation - Tirupati","Om Infra Pvt Ltd",2064000,1883000,SUBMITTED,2024-09-07T00:00:00Z
T377,"Borewell and Handpump Installation - Tirupati","Premier Associates",1882000,1883000,SUBMITTED,2024-09-10T00:00:00Z
T378,"Anganwadi Centre Construction - Tirupati","Pioneer Constructions Pvt Ltd",2087000,2409000,AWARDED,2024-04-30T00:00:00Z
T378,"Anganwadi Centre Construction - Tirupati","Bengal Constructions",2161000,2409000,SUBMITTED,2024-05-04T00:00:00Z
T379,"Community Pond Renovation - Rajahmundry","Sunrise Enterprises",3155000,3323000,AWARDED,2024-06-28T00:00:00Z
T379,"Community Pond Renovation - Rajahmundry","Maharashtra Solutions",3164000,3323000,SUBMITTED,2024-06-30T00:00:00Z
T380,"Public Toilet Block (SBMG) - Rajahmundry","Simplex Engineering",742000,837000,AWARDED,2024-02-05T00:00:00Z
T380,"Public Toilet Block (SBMG) - Rajahmundry","Marwar Constructions Pvt Ltd",774000,837000,SUBMITTED,2024-02-09T00:00:00Z
T380,"Public Toilet Block (SBMG) - Rajahmundry","Tamil Engineering",899000,837000,SUBMITTED,2024-02-08T00:00:00Z
T381,"Community Pond Renovation - Rajahmundry","Ramesh Enterprises",3470000,3809000,AWARDED,2024-10-08T00:00:00Z
T381,"Community Pond Renovation - Rajahmundry","Apex Civil Works",3622000,3809000,SUBMITTED,2024-10-10T00:00:00Z
T382,"Panchayat Community Hall - Kakinada","AFCONS Infra Pvt Ltd",5636000,6621000,AWARDED,2024-09-06T00:00:00Z
T382,"Panchayat Community Hall - Kakinada","Larsen Infra Ltd",6483000,6621000,SUBMITTED,2024-09-09T00:00:00Z
T382,"Panchayat Community Hall - Kakinada","Shapoorji Corporation",6982000,6621000,ACTIVE,2024-09-09T00:00:00Z
T383,"Cold Storage Facility - Kakinada","Megha Group",9514000,10947000,AWARDED,2024-04-07T00:00:00Z
T383,"Cold Storage Facility - Kakinada","Vinayak Civil Works",11832000,10947000,SUBMITTED,2024-04-11T00:00:00Z
T384,"Irrigation Canal Construction - Kakinada","Andhra Infra Ltd",25670000,27584000,AWARDED,2024-03-28T00:00:00Z
T384,"Irrigation Canal Construction - Kakinada","Krishna Solutions",25039000,27584000,ACTIVE,2024-04-01T00:00:00Z
T384,"Irrigation Canal Construction - Kakinada","Rajasthan Civil Works",28630000,27584000,SUBMITTED,2024-03-30T00:00:00Z
T385,"Rural Bridge Construction - Ongole","Kalinga Infrastructure",13636000,15439000,AWARDED,2024-03-06T00:00:00Z
T385,"Rural Bridge Construction - Ongole","Meenakshi Civil Works",16265000,15439000,SUBMITTED,2024-03-08T00:00:00Z
T386,"Rural Electrification Works - Ongole","Vinayak Works",6521000,7596000,AWARDED,2024-08-24T00:00:00Z
T386,"Rural Electrification Works - Ongole","AFCONS Construction Co",7442000,7596000,SUBMITTED,2024-08-27T00:00:00Z
T387,"Panchayat Community Hall - Ongole","Tata Engineering Ltd",4513000,5015000,AWARDED,2024-04-22T00:00:00Z
T387,"Panchayat Community Hall - Ongole","Krishna Constructions",4451000,5015000,SUBMITTED,2024-04-23T00:00:00Z
T388,"Rural Electrification Works - Anantapur","Maharashtra Constructions",3627000,4248000,AWARDED,2024-08-10T00:00:00Z
T388,"Rural Electrification Works - Anantapur","Kalinga Enterprises",4219000,4248000,SUBMITTED,2024-08-11T00:00:00Z
T388,"Rural Electrification Works - Anantapur","ABC Constructions Pvt Ltd",4009000,4248000,ACTIVE,2024-08-11T00:00:00Z
T389,"Public Toilet Block (SBMG) - Anantapur","Meenakshi Engineering Ltd",630000,702000,AWARDED,2024-03-03T00:00:00Z
T389,"Public Toilet Block (SBMG) - Anantapur","Megha Solutions",759000,702000,SUBMITTED,2024-03-04T00:00:00Z
T390,"Rainwater Harvesting Structure - Anantapur","Vinayak Civil Works",1563000,1669000,AWARDED,2024-06-14T00:00:00Z
T390,"Rainwater Harvesting Structure - Anantapur","Ganesh Infra Pvt Ltd",1713000,1669000,SUBMITTED,2024-06-16T00:00:00Z
T391,"Gram Panchayat Office Renovation - Anantapur","Pandian Engineering",2463000,2700000,AWARDED,2024-01-29T00:00:00Z
T391,"Gram Panchayat Office Renovation - Anantapur","Meenakshi Constructions Pvt Ltd",2848000,2700000,ACTIVE,2024-01-30T00:00:00Z
T391,"Gram Panchayat Office Renovation - Anantapur","Bengal Infra Ltd",3015000,2700000,SUBMITTED,2024-01-31T00:00:00Z
T392,"Cattle Shed and Veterinary Centre - Hyderabad","NCC Civil Works",4174000,4459000,AWARDED,2024-05-26T00:00:00Z
T392,"Cattle Shed and Veterinary Centre - Hyderabad","National Builders",4071000,4459000,SUBMITTED,2024-05-30T00:00:00Z
T392,"Cattle Shed and Veterinary Centre - Hyderabad","Tamil Civil Works",5007000,4459000,SUBMITTED,2024-05-27T00:00:00Z
T393,"Solar Street Lighting - Hyderabad","Andhra Constructions Pvt Ltd",5525000,6091000,AWARDED,2024-09-23T00:00:00Z
T393,"Solar Street Lighting - Hyderabad","Marwar Group",6361000,6091000,ACTIVE,2024-09-25T00:00:00Z
T394,"Soil Conservation Works - Hyderabad","Larsen Services",5649000,6411000,AWARDED,2024-04-06T00:00:00Z
T394,"Soil Conservation Works - Hyderabad","Om Works",7008000,6411000,SUBMITTED,2024-04-09T00:00:00Z
T395,"Soil Conservation Works - Hyderabad","NCC Constructions Pvt Ltd",4394000,5138000,AWARDED,2024-02-03T00:00:00Z
T395,"Soil Conservation Works - Hyderabad","Krishna Group",5403000,5138000,SUBMITTED,2024-02-04T00:00:00Z
T396,"Anganwadi Centre Construction - Warangal","Andhra Associates",1625000,1819000,AWARDED,2024-05-24T00:00:00Z
T396,"Anganwadi Centre Construction - Warangal","Island Projects",1922000,1819000,SUBMITTED,2024-05-27T00:00:00Z
T397,"Skill Development Training Centre - Warangal","Sunrise Corporation",6616000,7052000,AWARDED,2024-05-16T00:00:00Z
T397,"Skill Development Training Centre - Warangal","Shree Corporation",6831000,7052000,SUBMITTED,2024-05-20T00:00:00Z
T398,"Rural Bridge Construction - Warangal","Bengal Contractors",22135000,25405000,AWARDED,2024-09-25T00:00:00Z
T398,"Rural Bridge Construction - Warangal","Ganga Infra Pvt Ltd",27913000,25405000,SUBMITTED,2024-09-26T00:00:00Z
T398,"Rural Bridge Construction - Warangal","Krishna Engineering",26447000,25405000,SUBMITTED,2024-09-26T00:00:00Z
T399,"Rural Road Construction - Nizamabad","Gayatri Services",19246000,20862000,AWARDED,2024-06-06T00:00:00Z
T399,"Rural Road Construction - Nizamabad","Om Group",19698000,20862000,ACTIVE,2024-06-07T00:00:00Z
T399,"Rural Road Construction - Nizamabad","Larsen Engineering",18530000,20862000,SUBMITTED,2024-06-07T00:00:00Z
T400,"Solar Street Lighting - Nizamabad","Shapoorji Developers",4950000,5684000,AWARDED,2024-03-30T00:00:00Z
T400,"Solar Street Lighting - Nizamabad","Meenakshi Corporation",5581000,5684000,SUBMITTED,2024-03-31T00:00:00Z
T400,"Solar Street Lighting - Nizamabad","Ramesh Engineering Ltd",5099000,5684000,SUBMITTED,2024-03-31T00:00:00Z
T401,"Water Supply Pipeline Installation - Nizamabad","Megha Works",8463000,8933000,AWARDED,2024-07-07T00:00:00Z
T401,"Water Supply Pipeline Installation - Nizamabad","Marwar Infrastructure",9190000,8933000,SUBMITTED,2024-07-09T00:00:00Z
T402,"Solid Waste Management System - Karimnagar","Rajasthan Contractors",9767000,10675000,AWARDED,2024-10-21T00:00:00Z
T402,"Solid Waste Management System - Karimnagar","Vimal Solutions",10710000,10675000,ACTIVE,2024-10-22T00:00:00Z
T402,"Solid Waste Management System - Karimnagar","Meenakshi Infrastructure",11096000,10675000,ACTIVE,2024-10-24T00:00:00Z
T403,"Solar Street Lighting - Karimnagar","Lakshmi Engineering Ltd",5087000,5900000,AWARDED,2024-05-04T00:00:00Z
T403,"Solar Street Lighting - Karimnagar","Green Construction Co",6238000,5900000,SUBMITTED,2024-05-05T00:00:00Z
T404,"Cattle Shed and Veterinary Centre - Karimnagar","Sahyadri Infra Ltd",2712000,3017000,AWARDED,2024-02-15T00:00:00Z
T404,"Cattle Shed and Veterinary Centre - Karimnagar","Sunrise Infra Ltd",3360000,3017000,SUBMITTED,2024-02-17T00:00:00Z
T404,"Cattle Shed and Veterinary Centre - Karimnagar","Maharashtra Projects",3401000,3017000,SUBMITTED,2024-02-18T00:00:00Z
T405,"Solar Street Lighting - Khammam","Royal Constructions Pvt Ltd",1666000,1821000,AWARDED,2024-10-25T00:00:00Z
T405,"Solar Street Lighting - Khammam","KNR Engineering Ltd",1967000,1821000,SUBMITTED,2024-10-27T00:00:00Z
T406,"Drainage and Sanitation Works - Khammam","PQR Works",2324000,2665000,AWARDED,2024-10-17T00:00:00Z
T406,"Drainage and Sanitation Works - Khammam","Sai Engineering Ltd",2545000,2665000,SUBMITTED,2024-10-19T00:00:00Z
T407,"Primary Health Sub-Centre Construction - Khammam","Blue Construction Co",7121000,7788000,AWARDED,2024-06-28T00:00:00Z
T407,"Primary Health Sub-Centre Construction - Khammam","Pioneer Constructions Pvt Ltd",6863000,7788000,SUBMITTED,2024-06-30T00:00:00Z
T408,"Primary Health Sub-Centre Construction - Khammam","Krishna Developers",7226000,7923000,AWARDED,2024-09-12T00:00:00Z
T408,"Primary Health Sub-Centre Construction - Khammam","Apex Engineering",8224000,7923000,ACTIVE,2024-09-16T00:00:00Z
T409,"Rural Electrification Works - Nalgonda","XYZ Infra Pvt Ltd",7776000,8293000,AWARDED,2024-03-04T00:00:00Z
T409,"Rural Electrification Works - Nalgonda","Sai Constructions Pvt Ltd",8990000,8293000,ACTIVE,2024-03-07T00:00:00Z
T409,"Rural Electrification Works - Nalgonda","Pratap Projects",9268000,8293000,SUBMITTED,2024-03-05T00:00:00Z
T410,"Rural Road Construction - Nalgonda","Royal Solutions",7837000,8850000,AWARDED,2024-10-13T00:00:00Z
T410,"Rural Road Construction - Nalgonda","Rajasthan Builders",9727000,8850000,SUBMITTED,2024-10-16T00:00:00Z
T410,"Rural Road Construction - Nalgonda","Birla Engineering",9306000,8850000,SUBMITTED,2024-10-16T00:00:00Z
T411,"Skill Development Training Centre - Nalgonda","IRB Group",8842000,9685000,AWARDED,2024-10-13T00:00:00Z
T411,"Skill Development Training Centre - Nalgonda","KNR Construction Co",10861000,9685000,SUBMITTED,2024-10-15T00:00:00Z
T411,"Skill Development Training Centre - Nalgonda","Pandian Projects",10573000,9685000,SUBMITTED,2024-10-15T00:00:00Z
T412,"Public Toilet Block (SBMG) - Mahabubnagar","Gayatri Works",2100000,2264000,AWARDED,2024-09-05T00:00:00Z
T412,"Public Toilet Block (SBMG) - Mahabubnagar","Pioneer Group",2334000,2264000,SUBMITTED,2024-09-09T00:00:00Z
T413,"Gram Panchayat Office Renovation - Mahabubnagar","Saraswati Solutions",2782000,3242000,AWARDED,2024-01-03T00:00:00Z
T413,"Gram Panchayat Office Renovation - Mahabubnagar","Sahyadri Infrastructure",3019000,3242000,ACTIVE,2024-01-04T00:00:00Z
T413,"Gram Panchayat Office Renovation - Mahabubnagar","NCC Developers",3584000,3242000,ACTIVE,2024-01-07T00:00:00Z
T414,"PMGSY Road Upgradation - Mahabubnagar","Larsen Constructions Pvt Ltd",15081000,16011000,AWARDED,2024-07-17T00:00:00Z
T414,"PMGSY Road Upgradation - Mahabubnagar","Apex Engineering",17226000,16011000,ACTIVE,2024-07-18T00:00:00Z
T415,"Community Pond Renovation - Ranga Reddy","Ambika Builders",2110000,2260000,AWARDED,2024-10-19T00:00:00Z
T415,"Community Pond Renovation - Ranga Reddy","Sai Builders",2365000,2260000,ACTIVE,2024-10-22T00:00:00Z
T416,"Cold Storage Facility - Ranga Reddy","Shapoorji Constructions Pvt Ltd",18987000,21606000,AWARDED,2024-07-31T00:00:00Z
T416,"Cold Storage Facility - Ranga Reddy","Green Builders",22450000,21606000,SUBMITTED,2024-08-02T00:00:00Z
T416,"Cold Storage Facility - Ranga Reddy","Lakshmi Services",22968000,21606000,SUBMITTED,2024-08-01T00:00:00Z
T417,"Tribal Welfare Hostel Construction - Ranga Reddy","National Services",7025000,7655000,AWARDED,2024-02-10T00:00:00Z
T417,"Tribal Welfare Hostel Construction - Ranga Reddy","Pandian Infra Ltd",8577000,7655000,ACTIVE,2024-02-11T00:00:00Z
T417,"Tribal Welfare Hostel Construction - Ranga Reddy","Premier Solutions",7518000,7655000,SUBMITTED,2024-02-14T00:00:00Z
T418,"Community Pond Renovation - Medak","Green Corporation",2933000,3333000,AWARDED,2024-02-21T00:00:00Z
T418,"Community Pond Renovation - Medak","Shree Infra Pvt Ltd",3536000,3333000,SUBMITTED,2024-02-22T00:00:00Z
T418,"Community Pond Renovation - Medak","Om Contractors",3089000,3333000,ACTIVE,2024-02-23T00:00:00Z
T419,"Gram Panchayat Office Renovation - Medak","Green Solutions",1253000,1367000,AWARDED,2024-02-18T00:00:00Z
T419,"Gram Panchayat Office Renovation - Medak","Kalinga Builders",1438000,1367000,SUBMITTED,2024-02-19T00:00:00Z
T420,"Soil Conservation Works - Medak","IRB Constructions Pvt Ltd",6375000,6786000,AWARDED,2024-10-25T00:00:00Z
T420,"Soil Conservation Works - Medak","Rajasthan Contractors",6988000,6786000,SUBMITTED,2024-10-28T00:00:00Z
T421,"Solid Waste Management System - Adilabad","Bengal Projects",3472000,3789000,AWARDED,2024-03-18T00:00:00Z
T421,"Solid Waste Management System - Adilabad","Shree Group",3521000,3789000,SUBMITTED,2024-03-22T00:00:00Z
T422,"Solar Street Lighting - Adilabad","Tamil Infrastructure",4390000,4627000,AWARDED,2024-01-29T00:00:00Z
T422,"Solar Street Lighting - Adilabad","Green Infra Ltd",4698000,4627000,SUBMITTED,2024-01-30T00:00:00Z
T422,"Solar Street Lighting - Adilabad","ABC Engineering Ltd",4972000,4627000,SUBMITTED,2024-01-30T00:00:00Z
T423,"Gram Panchayat Office Renovation - Adilabad","Marwar Builders",2047000,2261000,AWARDED,2024-05-02T00:00:00Z
T423,"Gram Panchayat Office Renovation - Adilabad","Om Constructions",2438000,2261000,ACTIVE,2024-05-06T00:00:00Z
T424,"Tribal Welfare Hostel Construction - Thiruvananthapuram","Lakshmi Construction Co",12020000,13687000,AWARDED,2024-06-20T00:00:00Z
T424,"Tribal Welfare Hostel Construction - Thiruvananthapuram","Krishna Group",13860000,13687000,SUBMITTED,2024-06-21T00:00:00Z
T424,"Tribal Welfare Hostel Construction - Thiruvananthapuram","ABC Contractors",13742000,13687000,SUBMITTED,2024-06-21T00:00:00Z
T425,"Irrigation Canal Construction - Thiruvananthapuram","Ram Enterprises",25170000,26757000,AWARDED,2024-01-06T00:00:00Z
T425,"Irrigation Canal Construction - Thiruvananthapuram","Vimal Works",29223000,26757000,SUBMITTED,2024-01-07T00:00:00Z
T426,"PMGSY Road Upgradation - Thiruvananthapuram","Bengal Infra Pvt Ltd",21846000,23171000,AWARDED,2024-07-29T00:00:00Z
T426,"PMGSY Road Upgradation - Thiruvananthapuram","Saraswati Civil Works",24256000,23171000,SUBMITTED,2024-07-30T00:00:00Z
T426,"PMGSY Road Upgradation - Thiruvananthapuram","Bengal Civil Works",23656000,23171000,SUBMITTED,2024-08-01T00:00:00Z
T427,"Rainwater Harvesting Structure - Kochi","KNR Solutions",3881000,4484000,AWARDED,2024-10-20T00:00:00Z
T427,"Rainwater Harvesting Structure - Kochi","Pratap Solutions",4990000,4484000,SUBMITTED,2024-10-23T00:00:00Z
T428,"Solar Street Lighting - Kochi","Jai Construction Co",2495000,2640000,AWARDED,2024-03-12T00:00:00Z
T428,"Solar Street Lighting - Kochi","Vimal Infra Ltd",2882000,2640000,SUBMITTED,2024-03-16T00:00:00Z
T428,"Solar Street Lighting - Kochi","Elite Infra Ltd",2719000,2640000,SUBMITTED,2024-03-15T00:00:00Z
T429,"Government Primary School Renovation - Kochi","Sahyadri Projects",4747000,5420000,AWARDED,2024-08-21T00:00:00Z
T429,"Government Primary School Renovation - Kochi","Ramesh Engineering",4993000,5420000,ACTIVE,2024-08-23T00:00:00Z
T430,"Check Dam Construction - Kochi","Ram Services",10294000,11592000,AWARDED,2024-03-09T00:00:00Z
T430,"Check Dam Construction - Kochi","Krishna Construction Co",12834000,11592000,ACTIVE,2024-03-12T00:00:00Z
T431,"Solid Waste Management System - Kozhikode","Shiva Associates",8568000,9933000,AWARDED,2024-05-08T00:00:00Z
T431,"Solid Waste Management System - Kozhikode","Saraswati Developers",10011000,9933000,ACTIVE,2024-05-12T00:00:00Z
T432,"Solar Street Lighting - Kozhikode","Pandian Civil Works",4481000,4768000,AWARDED,2024-08-08T00:00:00Z
T432,"Solar Street Lighting - Kozhikode","Andhra Builders",4333000,4768000,ACTIVE,2024-08-09T00:00:00Z
T432,"Solar Street Lighting - Kozhikode","Ramesh Engineering Ltd",5273000,4768000,SUBMITTED,2024-08-10T00:00:00Z
T433,"Tribal Welfare Hostel Construction - Kozhikode","Pandian Enterprises",6864000,7558000,AWARDED,2024-08-16T00:00:00Z
T433,"Tribal Welfare Hostel Construction - Kozhikode","Apex Constructions Pvt Ltd",7368000,7558000,SUBMITTED,2024-08-20T00:00:00Z
T433,"Tribal Welfare Hostel Construction - Kozhikode","Ganesh Corporation",6732000,7558000,SUBMITTED,2024-08-18T00:00:00Z
T434,"Irrigation Canal Construction - Kozhikode","Simplex Solutions",17434000,18720000,AWARDED,2024-03-11T00:00:00Z
T434,"Irrigation Canal Construction - Kozhikode","Ganesh Infra Ltd",20999000,18720000,SUBMITTED,2024-03-15T00:00:00Z
T434,"Irrigation Canal Construction - Kozhikode","Pratap Group",19585000,18720000,SUBMITTED,2024-03-12T00:00:00Z
T435,"Cold Storage Facility - Thrissur","Kalinga Projects",5848000,6388000,AWARDED,2024-07-30T00:00:00Z
T435,"Cold Storage Facility - Thrissur","Krishna Constructions",6086000,6388000,ACTIVE,2024-08-03T00:00:00Z
T435,"Cold Storage Facility - Thrissur","Rajasthan Engineering Ltd",6400000,6388000,ACTIVE,2024-07-31T00:00:00Z
T436,"Borewell and Handpump Installation - Thrissur","Krishna Contractors",2138000,2447000,AWARDED,2024-01-02T00:00:00Z
T436,"Borewell and Handpump Installation - Thrissur","Ahluwalia Corporation",2587000,2447000,SUBMITTED,2024-01-06T00:00:00Z
T437,"Fair Price Shop Construction - Thrissur","Elite Contractors",1088000,1221000,AWARDED,2024-03-30T00:00:00Z
T437,"Fair Price Shop Construction - Thrissur","Kalinga Infra Ltd",1187000,1221000,SUBMITTED,2024-04-02T00:00:00Z
T438,"Borewell and Handpump Installation - Kollam","Megha Services",1002000,1066000,AWARDED,2024-09-04T00:00:00Z
T438,"Borewell and Handpump Installation - Kollam","Lakshmi Associates",1130000,1066000,SUBMITTED,2024-09-05T00:00:00Z
T438,"Borewell and Handpump Installation - Kollam","Royal Associates",1048000,1066000,SUBMITTED,2024-09-06T00:00:00Z
T439,"Cattle Shed and Veterinary Centre - Kollam","Krishna Works",4263000,4630000,AWARDED,2024-05-05T00:00:00Z
T439,"Cattle Shed and Veterinary Centre - Kollam","AFCONS Contractors",4410000,4630000,SUBMITTED,2024-05-06T00:00:00Z
T439,"Cattle Shed and Veterinary Centre - Kollam","Shiva Works",4651000,4630000,ACTIVE,2024-05-06T00:00:00Z
T440,"Rural Road Construction - Kollam","Pandian Engineering Ltd",14194000,15632000,AWARDED,2024-09-25T00:00:00Z
T440,"Rural Road Construction - Kollam","Lakshmi Services",17642000,15632000,SUBMITTED,2024-09-28T00:00:00Z
T440,"Rural Road Construction - Kollam","Vimal Infrastructure",16378000,15632000,SUBMITTED,2024-09-29T00:00:00Z
T441,"PMGSY Road Upgradation - Kollam","Ganesh Associates",18815000,21727000,AWARDED,2024-07-23T00:00:00Z
T441,"PMGSY Road Upgradation - Kollam","Pioneer Constructions Pvt Ltd",20755000,21727000,SUBMITTED,2024-07-27T00:00:00Z
T441,"PMGSY Road Upgradation - Kollam","Green Works",21467000,21727000,SUBMITTED,2024-07-24T00:00:00Z
T442,"Water Supply Pipeline Installation - Alappuzha","Bengal Constructions",16123000,17068000,AWARDED,2024-07-01T00:00:00Z
T442,"Water Supply Pipeline Installation - Alappuzha","IRB Projects",16599000,17068000,SUBMITTED,2024-07-02T00:00:00Z
T443,"Borewell and Handpump Installation - Alappuzha","Meenakshi Civil Works",2340000,2483000,AWARDED,2024-07-06T00:00:00Z
T443,"Borewell and Handpump Installation - Alappuzha","Rajasthan Construction Co",2667000,2483000,SUBMITTED,2024-07-10T00:00:00Z
T443,"Borewell and Handpump Installation - Alappuzha","PQR Works",2621000,2483000,ACTIVE,2024-07-07T00:00:00Z
T444,"Water Supply Pipeline Installation - Alappuzha","Om Solutions",12533000,13655000,AWARDED,2024-09-17T00:00:00Z
T444,"Water Supply Pipeline Installation - Alappuzha","Sai Builders",13711000,13655000,SUBMITTED,2024-09-19T00:00:00Z
T444,"Water Supply Pipeline Installation - Alappuzha","Simplex Enterprises",14028000,13655000,SUBMITTED,2024-09-20T00:00:00Z
T445,"Cold Storage Facility - Alappuzha","Sahyadri Civil Works",5640000,6151000,AWARDED,2024-07-24T00:00:00Z
T445,"Cold Storage Facility - Alappuzha","National Projects",6703000,6151000,SUBMITTED,2024-07-27T00:00:00Z
T446,"Primary Health Sub-Centre Construction - Palakkad","Ambika Services",5195000,6077000,AWARDED,2024-06-10T00:00:00Z
T446,"Primary Health Sub-Centre Construction - Palakkad","Gayatri Engineering Ltd",6574000,6077000,ACTIVE,2024-06-14T00:00:00Z
T446,"Primary Health Sub-Centre Construction - Palakkad","Ganga Constructions Pvt Ltd",6729000,6077000,ACTIVE,2024-06-12T00:00:00Z
T447,"Cold Storage Facility - Palakkad","XYZ Corporation",11367000,12589000,AWARDED,2024-02-19T00:00:00Z
T447,"Cold Storage Facility - Palakkad","Larsen Engineering",12269000,12589000,SUBMITTED,2024-02-23T00:00:00Z
T448,"Primary Health Sub-Centre Construction - Palakkad","Kalinga Works",9396000,10402000,AWARDED,2024-05-15T00:00:00Z
T448,"Primary Health Sub-Centre Construction - Palakkad","Marwar Developers",10493000,10402000,SUBMITTED,2024-05-19T00:00:00Z
T448,"Primary Health Sub-Centre Construction - Palakkad","Maharashtra Engineering",11195000,10402000,ACTIVE,2024-05-18T00:00:00Z
T449,"Cold Storage Facility - Malappuram","Green Works",9159000,9996000,AWARDED,2024-09-19T00:00:00Z
T449,"Cold Storage Facility - Malappuram","Maharashtra Services",10175000,9996000,ACTIVE,2024-09-23T00:00:00Z
T449,"Cold Storage Facility - Malappuram","Meenakshi Engineering Ltd",10698000,9996000,SUBMITTED,2024-09-20T00:00:00Z
T450,"Cattle Shed and Veterinary Centre - Malappuram","J Kumar Infra Pvt Ltd",3796000,4105000,AWARDED,2024-07-06T00:00:00Z
T450,"Cattle Shed and Veterinary Centre - Malappuram","Om Developers",4285000,4105000,SUBMITTED,2024-07-09T00:00:00Z
T450,"Cattle Shed and Veterinary Centre - Malappuram","Marwar Enterprises",3656000,4105000,SUBMITTED,2024-07-07T00:00:00Z
T451,"Soil Conservation Works - Malappuram","National Infra Pvt Ltd",6744000,7656000,AWARDED,2024-07-01T00:00:00Z
T451,"Soil Conservation Works - Malappuram","Larsen Works",8171000,7656000,SUBMITTED,2024-07-05T00:00:00Z
T452,"Solid Waste Management System - Malappuram","IRB Corporation",4681000,5192000,AWARDED,2024-04-30T00:00:00Z
T452,"Solid Waste Management System - Malappuram","Blue Infra Ltd",5146000,5192000,ACTIVE,2024-05-04T00:00:00Z
T452,"Solid Waste Management System - Malappuram","Megha Associates",5273000,5192000,ACTIVE,2024-05-03T00:00:00Z
T453,"Irrigation Canal Construction - Kottayam","Birla Contractors",5618000,6595000,AWARDED,2024-02-06T00:00:00Z
T453,"Irrigation Canal Construction - Kottayam","Andhra Group",5869000,6595000,SUBMITTED,2024-02-08T00:00:00Z
T453,"Irrigation Canal Construction - Kottayam","Green Solutions",7047000,6595000,SUBMITTED,2024-02-09T00:00:00Z
T454,"Soil Conservation Works - Kottayam","Shree Engineering Ltd",6191000,7188000,AWARDED,2024-08-22T00:00:00Z
T454,"Soil Conservation Works - Kottayam","ABC Enterprises",8056000,7188000,ACTIVE,2024-08-26T00:00:00Z
T454,"Soil Conservation Works - Kottayam","Royal Civil Works",6893000,7188000,SUBMITTED,2024-08-24T00:00:00Z
T455,"Tribal Welfare Hostel Construction - Kottayam","Royal Infra Ltd",8625000,10114000,AWARDED,2024-06-21T00:00:00Z
T455,"Tribal Welfare Hostel Construction - Kottayam","Island Projects",10249000,10114000,ACTIVE,2024-06-22T00:00:00Z
T456,"Drainage and Sanitation Works - Kottayam","Pratap Constructions Pvt Ltd",6572000,6930000,AWARDED,2024-07-31T00:00:00Z
T456,"Drainage and Sanitation Works - Kottayam","Jai Solutions",6397000,6930000,SUBMITTED,2024-08-04T00:00:00Z
T456,"Drainage and Sanitation Works - Kottayam","Elite Contractors",7655000,6930000,SUBMITTED,2024-08-02T00:00:00Z
T457,"Drainage and Sanitation Works - Kannur","Island Civil Works",3696000,4018000,AWARDED,2024-01-20T00:00:00Z
T457,"Drainage and Sanitation Works - Kannur","IRB Corporation",4377000,4018000,ACTIVE,2024-01-21T00:00:00Z
T457,"Drainage and Sanitation Works - Kannur","Maharashtra Constructions Pvt Ltd",4134000,4018000,SUBMITTED,2024-01-22T00:00:00Z
T458,"Check Dam Construction - Kannur","Rajasthan Developers",4367000,4909000,AWARDED,2024-10-21T00:00:00Z
T458,"Check Dam Construction - Kannur","Sai Enterprises",4731000,4909000,SUBMITTED,2024-10-25T00:00:00Z
T458,"Check Dam Construction - Kannur","Vinayak Solutions",4353000,4909000,SUBMITTED,2024-10-23T00:00:00Z
T459,"Gram Panchayat Office Renovation - Kannur","Pandian Construction Co",2582000,2977000,AWARDED,2024-05-16T00:00:00Z
T459,"Gram Panchayat Office Renovation - Kannur","Royal Corporation",3012000,2977000,ACTIVE,2024-05-19T00:00:00Z
T460,"Gram Panchayat Office Renovation - Kannur","Bengal Corporation",2943000,3152000,AWARDED,2024-09-14T00:00:00Z
T460,"Gram Panchayat Office Renovation - Kannur","Vimal Developers",3032000,3152000,SUBMITTED,2024-09-16T00:00:00Z
T460,"Gram Panchayat Office Renovation - Kannur","Sahyadri Civil Works",3298000,3152000,ACTIVE,2024-09-18T00:00:00Z
T461,"Community Pond Renovation - Ludhiana","Shree Engineering",1075000,1149000,AWARDED,2024-09-22T00:00:00Z
T461,"Community Pond Renovation - Ludhiana","Kalinga Infrastructure",1121000,1149000,ACTIVE,2024-09-24T00:00:00Z
T462,"Solid Waste Management System - Ludhiana","Andhra Services",7014000,7507000,AWARDED,2024-02-03T00:00:00Z
T462,"Solid Waste Management System - Ludhiana","Ahluwalia Services",8371000,7507000,SUBMITTED,2024-02-06T00:00:00Z
T463,"Cold Storage Facility - Ludhiana","Andhra Engineering Ltd",7955000,8987000,AWARDED,2024-10-26T00:00:00Z
T463,"Cold Storage Facility - Ludhiana","XYZ Projects",8107000,8987000,SUBMITTED,2024-10-27T00:00:00Z
T464,"Solar Street Lighting - Ludhiana","Larsen Infrastructure",5974000,6395000,AWARDED,2024-08-13T00:00:00Z
T464,"Solar Street Lighting - Ludhiana","Tamil Infrastructure",6932000,6395000,SUBMITTED,2024-08-16T00:00:00Z
T465,"Primary Health Sub-Centre Construction - Amritsar","Lakshmi Engineering",9709000,10531000,AWARDED,2024-03-10T00:00:00Z
T465,"Primary Health Sub-Centre Construction - Amritsar","NCC Developers",11418000,10531000,SUBMITTED,2024-03-13T00:00:00Z
T465,"Primary Health Sub-Centre Construction - Amritsar","Ramesh Builders",10371000,10531000,ACTIVE,2024-03-12T00:00:00Z
T466,"Anganwadi Centre Construction - Amritsar","Meenakshi Civil Works",2035000,2291000,AWARDED,2024-06-30T00:00:00Z
T466,"Anganwadi Centre Construction - Amritsar","Elite Contractors",2043000,2291000,SUBMITTED,2024-07-04T00:00:00Z
T467,"Skill Development Training Centre - Amritsar","Sunrise Infra Ltd",8316000,9573000,AWARDED,2024-03-27T00:00:00Z
T467,"Skill Development Training Centre - Amritsar","Tata Services",9417000,9573000,SUBMITTED,2024-03-31T00:00:00Z
T468,"Gram Panchayat Office Renovation - Amritsar","Blue Engineering",1558000,1771000,AWARDED,2024-07-02T00:00:00Z
T468,"Gram Panchayat Office Renovation - Amritsar","Om Builders",1619000,1771000,SUBMITTED,2024-07-03T00:00:00Z
T469,"Primary Health Sub-Centre Construction - Jalandhar","Premier Services",9546000,11175000,AWARDED,2024-07-14T00:00:00Z
T469,"Primary Health Sub-Centre Construction - Jalandhar","AFCONS Developers",11884000,11175000,ACTIVE,2024-07-16T00:00:00Z
T470,"Solar Street Lighting - Jalandhar","Birla Infra Pvt Ltd",5775000,6175000,AWARDED,2024-03-31T00:00:00Z
T470,"Solar Street Lighting - Jalandhar","Shapoorji Civil Works",5965000,6175000,ACTIVE,2024-04-03T00:00:00Z
T471,"Rural Bridge Construction - Jalandhar","Ramesh Civil Works",16775000,18303000,AWARDED,2024-04-26T00:00:00Z
T471,"Rural Bridge Construction - Jalandhar","Om Enterprises",20010000,18303000,ACTIVE,2024-04-27T00:00:00Z
T472,"Skill Development Training Centre - Jalandhar","Larsen Constructions",6218000,6958000,AWARDED,2024-08-29T00:00:00Z
T472,"Skill Development Training Centre - Jalandhar","Simplex Constructions Pvt Ltd",6233000,6958000,SUBMITTED,2024-09-01T00:00:00Z
T472,"Skill Development Training Centre - Jalandhar","Ganesh Solutions",7477000,6958000,SUBMITTED,2024-08-30T00:00:00Z
T473,"Borewell and Handpump Installation - Patiala","AFCONS Construction Co",1632000,1740000,AWARDED,2024-08-16T00:00:00Z
T473,"Borewell and Handpump Installation - Patiala","Larsen Infra Pvt Ltd",1821000,1740000,ACTIVE,2024-08-19T00:00:00Z
T473,"Borewell and Handpump Installation - Patiala","Simplex Works",1588000,1740000,ACTIVE,2024-08-18T00:00:00Z
T474,"Irrigation Canal Construction - Patiala","Tamil Services",5031000,5486000,AWARDED,2024-04-25T00:00:00Z
T474,"Irrigation Canal Construction - Patiala","Ganesh Engineering Ltd",5244000,5486000,SUBMITTED,2024-04-29T00:00:00Z
T474,"Irrigation Canal Construction - Patiala","J Kumar Projects",6058000,5486000,SUBMITTED,2024-04-29T00:00:00Z
T475,"Primary Health Sub-Centre Construction - Patiala","Krishna Builders",10370000,11617000,AWARDED,2024-03-24T00:00:00Z
T475,"Primary Health Sub-Centre Construction - Patiala","Saraswati Engineering",10240000,11617000,SUBMITTED,2024-03-26T00:00:00Z
T476,"Community Pond Renovation - Patiala","Shree Corporation",4026000,4591000,AWARDED,2024-01-04T00:00:00Z
T476,"Community Pond Renovation - Patiala","Gayatri Constructions",5054000,4591000,SUBMITTED,2024-01-05T00:00:00Z
T476,"Community Pond Renovation - Patiala","Maharashtra Engineering Ltd",4687000,4591000,ACTIVE,2024-01-08T00:00:00Z
T477,"Water Supply Pipeline Installation - Bathinda","Durga Works",3854000,4455000,AWARDED,2024-06-18T00:00:00Z
T477,"Water Supply Pipeline Installation - Bathinda","Apex Constructions Pvt Ltd",4667000,4455000,ACTIVE,2024-06-20T00:00:00Z
T477,"Water Supply Pipeline Installation - Bathinda","PQR Corporation",4577000,4455000,ACTIVE,2024-06-19T00:00:00Z
T478,"Skill Development Training Centre - Bathinda","Ramesh Contractors",3678000,4305000,AWARDED,2024-05-04T00:00:00Z
T478,"Skill Development Training Centre - Bathinda","ABC Works",4417000,4305000,ACTIVE,2024-05-06T00:00:00Z
T478,"Skill Development Training Centre - Bathinda","ABC Construction Co",4823000,4305000,ACTIVE,2024-05-08T00:00:00Z
T479,"Borewell and Handpump Installation - Bathinda","Krishna Construction Co",1929000,2103000,AWARDED,2024-02-22T00:00:00Z
T479,"Borewell and Handpump Installation - Bathinda","Ramesh Projects",2355000,2103000,SUBMITTED,2024-02-24T00:00:00Z
T480,"Cold Storage Facility - Bathinda","Pandian Constructions Pvt Ltd",6271000,7217000,AWARDED,2024-01-14T00:00:00Z
T480,"Cold Storage Facility - Bathinda","Karnataka Associates",8005000,7217000,SUBMITTED,2024-01-17T00:00:00Z
T480,"Cold Storage Facility - Bathinda","Simplex Builders",7090000,7217000,SUBMITTED,2024-01-15T00:00:00Z
T481,"Skill Development Training Centre - Mohali","Jai Associates",8049000,8588000,AWARDED,2024-06-08T00:00:00Z
T481,"Skill Development Training Centre - Mohali","Megha Works",8408000,8588000,ACTIVE,2024-06-12T00:00:00Z
T482,"Solar Street Lighting - Mohali","Krishna Enterprises",3225000,3744000,AWARDED,2024-08-28T00:00:00Z
T482,"Solar Street Lighting - Mohali","Krishna Infra Ltd",3732000,3744000,ACTIVE,2024-08-29T00:00:00Z
T482,"Solar Street Lighting - Mohali","Megha Services",3472000,3744000,SUBMITTED,2024-08-31T00:00:00Z
T483,"Primary Health Sub-Centre Construction - Mohali","Royal Associates",10505000,11453000,AWARDED,2024-08-29T00:00:00Z
T483,"Primary Health Sub-Centre Construction - Mohali","BrightSun Infrastructure",12783000,11453000,ACTIVE,2024-08-31T00:00:00Z
T484,"PMGSY Road Upgradation - Hoshiarpur","Shiva Infra Ltd",41790000,48913000,AWARDED,2024-01-11T00:00:00Z
T484,"PMGSY Road Upgradation - Hoshiarpur","Sunrise Solutions",51334000,48913000,ACTIVE,2024-01-14T00:00:00Z
T485,"Anganwadi Centre Construction - Hoshiarpur","Royal Solutions",1884000,2174000,AWARDED,2024-08-25T00:00:00Z
T485,"Anganwadi Centre Construction - Hoshiarpur","J Kumar Developers",2421000,2174000,SUBMITTED,2024-08-27T00:00:00Z
T485,"Anganwadi Centre Construction - Hoshiarpur","Rajasthan Infrastructure",2111000,2174000,SUBMITTED,2024-08-27T00:00:00Z
T486,"Cold Storage Facility - Hoshiarpur","XYZ Projects",16781000,18505000,AWARDED,2024-01-25T00:00:00Z
T486,"Cold Storage Facility - Hoshiarpur","National Solutions",16317000,18505000,SUBMITTED,2024-01-27T00:00:00Z
T487,"Soil Conservation Works - Gurdaspur","Ganesh Infra Pvt Ltd",1990000,2148000,AWARDED,2024-01-01T00:00:00Z
T487,"Soil Conservation Works - Gurdaspur","Gujarat Infra Ltd",2142000,2148000,ACTIVE,2024-01-05T00:00:00Z
T488,"Solid Waste Management System - Gurdaspur","Apex Engineering",7295000,7908000,AWARDED,2024-07-02T00:00:00Z
T488,"Solid Waste Management System - Gurdaspur","IRB Constructions Pvt Ltd",8066000,7908000,SUBMITTED,2024-07-03T00:00:00Z
T489,"Rainwater Harvesting Structure - Gurdaspur","Pioneer Corporation",5632000,5947000,AWARDED,2024-04-28T00:00:00Z
T489,"Rainwater Harvesting Structure - Gurdaspur","Vinayak Corporation",6068000,5947000,SUBMITTED,2024-04-29T00:00:00Z
T490,"Skill Development Training Centre - Pathankot","XYZ Group",10946000,12064000,AWARDED,2024-01-18T00:00:00Z
T490,"Skill Development Training Centre - Pathankot","KNR Solutions",13522000,12064000,SUBMITTED,2024-01-22T00:00:00Z
T490,"Skill Development Training Centre - Pathankot","Marwar Enterprises",12299000,12064000,ACTIVE,2024-01-21T00:00:00Z
T491,"Government Primary School Renovation - Pathankot","Kalinga Civil Works",3048000,3260000,AWARDED,2024-08-01T00:00:00Z
T491,"Government Primary School Renovation - Pathankot","Ramesh Contractors",3001000,3260000,SUBMITTED,2024-08-02T00:00:00Z
T492,"Anganwadi Centre Construction - Pathankot","Sahyadri Engineering",3264000,3633000,AWARDED,2024-01-08T00:00:00Z
T492,"Anganwadi Centre Construction - Pathankot","Pratap Infra Ltd",3580000,3633000,SUBMITTED,2024-01-09T00:00:00Z
T493,"Community Pond Renovation - Moga","Blue Engineering",973000,1037000,AWARDED,2024-03-25T00:00:00Z
T493,"Community Pond Renovation - Moga","Sai Group",1004000,1037000,SUBMITTED,2024-03-27T00:00:00Z
T494,"Public Toilet Block (SBMG) - Moga","Durga Contractors",1321000,1437000,AWARDED,2024-07-09T00:00:00Z
T494,"Public Toilet Block (SBMG) - Moga","AFCONS Developers",1420000,1437000,SUBMITTED,2024-07-12T00:00:00Z
T495,"Anganwadi Centre Construction - Moga","ABC Group",1950000,2092000,AWARDED,2024-09-26T00:00:00Z
T495,"Anganwadi Centre Construction - Moga","KNR Group",2260000,2092000,SUBMITTED,2024-09-29T00:00:00Z
T495,"Anganwadi Centre Construction - Moga","Ramesh Associates",1930000,2092000,ACTIVE,2024-09-28T00:00:00Z
T496,"Government Primary School Renovation - Moga","Island Enterprises",5844000,6583000,AWARDED,2024-06-17T00:00:00Z
T496,"Government Primary School Renovation - Moga","National Services",6560000,6583000,SUBMITTED,2024-06-20T00:00:00Z
T497,"Gram Panchayat Office Renovation - Gurgaon","Maharashtra Construction Co",1759000,2047000,AWARDED,2024-03-14T00:00:00Z
T497,"Gram Panchayat Office Renovation - Gurgaon","Sunrise Projects",2046000,2047000,SUBMITTED,2024-03-16T00:00:00Z
T498,"Cold Storage Facility - Gurgaon","Om Enterprises",16346000,17957000,AWARDED,2024-07-06T00:00:00Z
T498,"Cold Storage Facility - Gurgaon","ABC Solutions",19997000,17957000,SUBMITTED,2024-07-08T00:00:00Z
T499,"Cold Storage Facility - Gurgaon","Durga Infra Pvt Ltd",21426000,23841000,AWARDED,2024-09-27T00:00:00Z
T499,"Cold Storage Facility - Gurgaon","Ram Enterprises",26467000,23841000,ACTIVE,2024-09-29T00:00:00Z
T500,"Gram Panchayat Office Renovation - Faridabad","Vinayak Infra Pvt Ltd",2471000,2642000,AWARDED,2024-05-19T00:00:00Z
T500,"Gram Panchayat Office Renovation - Faridabad","Karnataka Infra Pvt Ltd",2520000,2642000,SUBMITTED,2024-05-23T00:00:00Z
T501,"Cold Storage Facility - Faridabad","Apex Civil Works",9655000,11114000,AWARDED,2024-06-17T00:00:00Z
T501,"Cold Storage Facility - Faridabad","Tata Projects",10848000,11114000,ACTIVE,2024-06-18T00:00:00Z
T502,"Solid Waste Management System - Faridabad","KNR Solutions",6847000,7566000,AWARDED,2024-08-26T00:00:00Z
T502,"Solid Waste Management System - Faridabad","Shapoorji Constructions Pvt Ltd",8164000,7566000,ACTIVE,2024-08-30T00:00:00Z
T503,"Solid Waste Management System - Ambala","Era Engineering Ltd",10834000,11769000,AWARDED,2024-02-19T00:00:00Z
T503,"Solid Waste Management System - Ambala","Krishna Solutions",12774000,11769000,ACTIVE,2024-02-23T00:00:00Z
T503,"Solid Waste Management System - Ambala","Karnataka Developers",12521000,11769000,SUBMITTED,2024-02-21T00:00:00Z
T504,"Public Toilet Block (SBMG) - Ambala","Pratap Group",2004000,2197000,AWARDED,2024-07-13T00:00:00Z
T504,"Public Toilet Block (SBMG) - Ambala","Megha Developers",2200000,2197000,ACTIVE,2024-07-15T00:00:00Z
T505,"PMGSY Road Upgradation - Ambala","PQR Contractors",11978000,13073000,AWARDED,2024-02-04T00:00:00Z
T505,"PMGSY Road Upgradation - Ambala","XYZ Corporation",11784000,13073000,ACTIVE,2024-02-05T00:00:00Z
T505,"PMGSY Road Upgradation - Ambala","Vimal Engineering Ltd",13284000,13073000,ACTIVE,2024-02-08T00:00:00Z
T506,"Drainage and Sanitation Works - Ambala","Sai Group",7392000,8579000,AWARDED,2024-04-05T00:00:00Z
T506,"Drainage and Sanitation Works - Ambala","Tata Constructions Pvt Ltd",8376000,8579000,SUBMITTED,2024-04-07T00:00:00Z
T506,"Drainage and Sanitation Works - Ambala","Kalinga Civil Works",7904000,8579000,SUBMITTED,2024-04-07T00:00:00Z
T507,"Cold Storage Facility - Hisar","Karnataka Infra Pvt Ltd",11140000,11937000,AWARDED,2024-08-25T00:00:00Z
T507,"Cold Storage Facility - Hisar","Karnataka Group",13180000,11937000,SUBMITTED,2024-08-27T00:00:00Z
T508,"Public Toilet Block (SBMG) - Hisar","Kalinga Infra Pvt Ltd",2121000,2251000,AWARDED,2024-02-06T00:00:00Z
T508,"Public Toilet Block (SBMG) - Hisar","Ganesh Services",2369000,2251000,SUBMITTED,2024-02-09T00:00:00Z
T509,"Fair Price Shop Construction - Hisar","IRB Solutions",1360000,1533000,AWARDED,2024-07-23T00:00:00Z
T509,"Fair Price Shop Construction - Hisar","Apex Corporation",1679000,1533000,ACTIVE,2024-07-25T00:00:00Z
T510,"Primary Health Sub-Centre Construction - Rohtak","Premier Solutions",10174000,10989000,AWARDED,2024-05-05T00:00:00Z
T510,"Primary Health Sub-Centre Construction - Rohtak","Ahluwalia Group",11011000,10989000,SUBMITTED,2024-05-08T00:00:00Z
T510,"Primary Health Sub-Centre Construction - Rohtak","NCC Works",9857000,10989000,SUBMITTED,2024-05-09T00:00:00Z
T511,"Skill Development Training Centre - Rohtak","Jai Projects",10446000,11063000,AWARDED,2024-06-23T00:00:00Z
T511,"Skill Development Training Centre - Rohtak","AFCONS Corporation",12224000,11063000,ACTIVE,2024-06-24T00:00:00Z
T512,"Public Toilet Block (SBMG) - Rohtak","Sahyadri Engineering Ltd",1199000,1305000,AWARDED,2024-05-20T00:00:00Z
T512,"Public Toilet Block (SBMG) - Rohtak","Elite Infra Ltd",1260000,1305000,SUBMITTED,2024-05-22T00:00:00Z
T512,"Public Toilet Block (SBMG) - Rohtak","Krishna Engineering",1360000,1305000,SUBMITTED,2024-05-24T00:00:00Z
T513,"Skill Development Training Centre - Panipat","Island Infra Pvt Ltd",9804000,11009000,AWARDED,2024-09-14T00:00:00Z
T513,"Skill Development Training Centre - Panipat","Meenakshi Builders",10501000,11009000,ACTIVE,2024-09-17T00:00:00Z
T514,"Water Supply Pipeline Installation - Panipat","PQR Works",5961000,6709000,AWARDED,2024-05-16T00:00:00Z
T514,"Water Supply Pipeline Installation - Panipat","Ram Infrastructure",6642000,6709000,SUBMITTED,2024-05-18T00:00:00Z
T515,"Solar Street Lighting - Panipat","Blue Developers",6253000,7092000,AWARDED,2024-05-12T00:00:00Z
T515,"Solar Street Lighting - Panipat","IRB Infra Pvt Ltd",7847000,7092000,ACTIVE,2024-05-15T00:00:00Z
T516,"Soil Conservation Works - Karnal","IRB Infra Ltd",5148000,5897000,AWARDED,2024-04-21T00:00:00Z
T516,"Soil Conservation Works - Karnal","Durga Engineering",5716000,5897000,ACTIVE,2024-04-22T00:00:00Z
T517,"Borewell and Handpump Installation - Karnal","Ramesh Infra Ltd",1728000,2011000,AWARDED,2024-02-03T00:00:00Z
T517,"Borewell and Handpump Installation - Karnal","NCC Engineering Ltd",2116000,2011000,ACTIVE,2024-02-04T00:00:00Z
T518,"Irrigation Canal Construction - Karnal","Sai Engineering Ltd",18797000,20032000,AWARDED,2024-01-19T00:00:00Z
T518,"Irrigation Canal Construction - Karnal","Tata Contractors",22047000,20032000,SUBMITTED,2024-01-23T00:00:00Z
T518,"Irrigation Canal Construction - Karnal","Simplex Infrastructure",18311000,20032000,SUBMITTED,2024-01-22T00:00:00Z
T519,"Rainwater Harvesting Structure - Karnal","Megha Builders",4260000,4765000,AWARDED,2024-06-25T00:00:00Z
T519,"Rainwater Harvesting Structure - Karnal","ABC Developers",5314000,4765000,SUBMITTED,2024-06-26T00:00:00Z
T519,"Rainwater Harvesting Structure - Karnal","Pioneer Works",5304000,4765000,SUBMITTED,2024-06-27T00:00:00Z
T520,"Panchayat Community Hall - Sonipat","Maharashtra Enterprises",7769000,8483000,AWARDED,2024-04-28T00:00:00Z
T520,"Panchayat Community Hall - Sonipat","Ram Services",9017000,8483000,ACTIVE,2024-05-01T00:00:00Z
T521,"Check Dam Construction - Sonipat","Ganesh Contractors",10301000,11160000,AWARDED,2024-01-08T00:00:00Z
T521,"Check Dam Construction - Sonipat","Gayatri Engineering Ltd",10921000,11160000,SUBMITTED,2024-01-12T00:00:00Z
T521,"Check Dam Construction - Sonipat","Shiva Constructions Pvt Ltd",10086000,11160000,SUBMITTED,2024-01-09T00:00:00Z
T522,"Water Supply Pipeline Installation - Sonipat","Elite Solutions",5547000,6397000,AWARDED,2024-09-18T00:00:00Z
T522,"Water Supply Pipeline Installation - Sonipat","Larsen Construction Co",5797000,6397000,SUBMITTED,2024-09-19T00:00:00Z
T522,"Water Supply Pipeline Installation - Sonipat","Megha Group",5795000,6397000,ACTIVE,2024-09-20T00:00:00Z
T523,"Rainwater Harvesting Structure - Yamunanagar","PQR Civil Works",4031000,4699000,AWARDED,2024-06-19T00:00:00Z
T523,"Rainwater Harvesting Structure - Yamunanagar","Pratap Constructions",5005000,4699000,SUBMITTED,2024-06-22T00:00:00Z
T523,"Rainwater Harvesting Structure - Yamunanagar","Pandian Engineering",4509000,4699000,ACTIVE,2024-06-23T00:00:00Z
T524,"PMGSY Road Upgradation - Yamunanagar","Elite Solutions",40804000,45256000,AWARDED,2024-10-01T00:00:00Z
T524,"PMGSY Road Upgradation - Yamunanagar","AFCONS Group",46562000,45256000,ACTIVE,2024-10-04T00:00:00Z
T525,"Rural Road Construction - Yamunanagar","NCC Constructions Pvt Ltd",2919000,3156000,AWARDED,2024-01-26T00:00:00Z
T525,"Rural Road Construction - Yamunanagar","Megha Works",3533000,3156000,ACTIVE,2024-01-30T00:00:00Z
T525,"Rural Road Construction - Yamunanagar","Tamil Infrastructure",3254000,3156000,SUBMITTED,2024-01-27T00:00:00Z
T526,"Solid Waste Management System - Yamunanagar","Krishna Services",4291000,5024000,AWARDED,2024-09-19T00:00:00Z
T526,"Solid Waste Management System - Yamunanagar","Lakshmi Enterprises",4640000,5024000,ACTIVE,2024-09-21T00:00:00Z
T526,"Solid Waste Management System - Yamunanagar","Birla Construction Co",4481000,5024000,SUBMITTED,2024-09-23T00:00:00Z
T527,"Solid Waste Management System - Bhiwani","Tamil Associates",5352000,6143000,AWARDED,2024-04-24T00:00:00Z
T527,"Solid Waste Management System - Bhiwani","J Kumar Developers",5516000,6143000,ACTIVE,2024-04-26T00:00:00Z
T527,"Solid Waste Management System - Bhiwani","Tata Corporation",6800000,6143000,SUBMITTED,2024-04-26T00:00:00Z
T528,"Anganwadi Centre Construction - Bhiwani","Vimal Civil Works",1380000,1455000,AWARDED,2024-02-03T00:00:00Z
T528,"Anganwadi Centre Construction - Bhiwani","Rajasthan Constructions Pvt Ltd",1524000,1455000,SUBMITTED,2024-02-05T00:00:00Z
T529,"Cold Storage Facility - Bhiwani","Sai Corporation",20034000,23186000,AWARDED,2024-02-29T00:00:00Z
T529,"Cold Storage Facility - Bhiwani","Tamil Enterprises",25273000,23186000,SUBMITTED,2024-03-03T00:00:00Z
T530,"Panchayat Community Hall - Ranchi","Sai Enterprises",9786000,10612000,AWARDED,2024-10-16T00:00:00Z
T530,"Panchayat Community Hall - Ranchi","BrightSun Builders",11064000,10612000,ACTIVE,2024-10-19T00:00:00Z
T531,"Government Primary School Renovation - Ranchi","Gujarat Engineering Ltd",2687000,3059000,AWARDED,2024-10-21T00:00:00Z
T531,"Government Primary School Renovation - Ranchi","Era Construction Co",2884000,3059000,ACTIVE,2024-10-24T00:00:00Z
T532,"Soil Conservation Works - Ranchi","Maharashtra Enterprises",2407000,2581000,AWARDED,2024-03-17T00:00:00Z
T532,"Soil Conservation Works - Ranchi","Shapoorji Corporation",2543000,2581000,ACTIVE,2024-03-19T00:00:00Z
T533,"Water Supply Pipeline Installation - Ranchi","Vinayak Civil Works",14739000,16955000,AWARDED,2024-05-11T00:00:00Z
T533,"Water Supply Pipeline Installation - Ranchi","Pandian Engineering Ltd",17075000,16955000,SUBMITTED,2024-05-12T00:00:00Z
T533,"Water Supply Pipeline Installation - Ranchi","Apex Construction Co",15885000,16955000,ACTIVE,2024-05-13T00:00:00Z
T534,"PMGSY Road Upgradation - Jamshedpur","Ganga Services",48804000,56880000,AWARDED,2024-04-10T00:00:00Z
T534,"PMGSY Road Upgradation - Jamshedpur","Shapoorji Engineering Ltd",58116000,56880000,SUBMITTED,2024-04-13T00:00:00Z
T535,"Soil Conservation Works - Jamshedpur","Tamil Corporation",3550000,3922000,AWARDED,2024-06-20T00:00:00Z
T535,"Soil Conservation Works - Jamshedpur","Simplex Infra Ltd",4400000,3922000,ACTIVE,2024-06-23T00:00:00Z
T536,"Rainwater Harvesting Structure - Jamshedpur","Sunrise Engineering",4044000,4263000,AWARDED,2024-08-22T00:00:00Z
T536,"Rainwater Harvesting Structure - Jamshedpur","Premier Works",4322000,4263000,SUBMITTED,2024-08-23T00:00:00Z
T537,"Water Supply Pipeline Installation - Dhanbad","Tamil Enterprises",6703000,7670000,AWARDED,2024-08-16T00:00:00Z
T537,"Water Supply Pipeline Installation - Dhanbad","Karnataka Infra Pvt Ltd",7289000,7670000,SUBMITTED,2024-08-20T00:00:00Z
T538,"Rural Bridge Construction - Dhanbad","National Infrastructure",8064000,9234000,AWARDED,2024-04-14T00:00:00Z
T538,"Rural Bridge Construction - Dhanbad","J Kumar Corporation",8625000,9234000,ACTIVE,2024-04-18T00:00:00Z
T539,"Community Pond Renovation - Dhanbad","Karnataka Infra Ltd",4096000,4625000,AWARDED,2024-03-16T00:00:00Z
T539,"Community Pond Renovation - Dhanbad","Krishna Projects",4377000,4625000,SUBMITTED,2024-03-19T00:00:00Z
T539,"Community Pond Renovation - Dhanbad","Pratap Civil Works",4780000,4625000,SUBMITTED,2024-03-19T00:00:00Z
T540,"Solid Waste Management System - Bokaro","BrightSun Works",5241000,5658000,AWARDED,2024-08-16T00:00:00Z
T540,"Solid Waste Management System - Bokaro","NCC Infrastructure",5592000,5658000,ACTIVE,2024-08-19T00:00:00Z
T541,"Solar Street Lighting - Bokaro","Om Constructions",2125000,2414000,AWARDED,2024-07-03T00:00:00Z
T541,"Solar Street Lighting - Bokaro","Vinayak Constructions",2598000,2414000,SUBMITTED,2024-07-05T00:00:00Z
T541,"Solar Street Lighting - Bokaro","Royal Engineering",2526000,2414000,SUBMITTED,2024-07-07T00:00:00Z
T542,"Government Primary School Renovation - Bokaro","Green Constructions Pvt Ltd",2534000,2855000,AWARDED,2024-08-24T00:00:00Z
T542,"Government Primary School Renovation - Bokaro","Blue Contractors",2623000,2855000,ACTIVE,2024-08-25T00:00:00Z
T543,"Rural Road Construction - Bokaro","Apex Infra Ltd",2907000,3332000,AWARDED,2024-10-26T00:00:00Z
T543,"Rural Road Construction - Bokaro","J Kumar Constructions",3192000,3332000,ACTIVE,2024-10-30T00:00:00Z
T544,"Rural Electrification Works - Deoghar","Karnataka Group",3410000,3916000,AWARDED,2024-03-29T00:00:00Z
T544,"Rural Electrification Works - Deoghar","Ramesh Enterprises",4083000,3916000,SUBMITTED,2024-03-30T00:00:00Z
T544,"Rural Electrification Works - Deoghar","BrightSun Engineering Ltd",3797000,3916000,SUBMITTED,2024-03-30T00:00:00Z
T545,"Solid Waste Management System - Deoghar","Gujarat Contractors",9887000,10634000,AWARDED,2024-01-23T00:00:00Z
T545,"Solid Waste Management System - Deoghar","Sunrise Engineering Ltd",11034000,10634000,SUBMITTED,2024-01-24T00:00:00Z
T546,"Tribal Welfare Hostel Construction - Deoghar","Elite Solutions",7438000,8370000,AWARDED,2024-05-23T00:00:00Z
T546,"Tribal Welfare Hostel Construction - Deoghar","Era Builders",8833000,8370000,SUBMITTED,2024-05-27T00:00:00Z
T546,"Tribal Welfare Hostel Construction - Deoghar","Tamil Civil Works",7670000,8370000,ACTIVE,2024-05-24T00:00:00Z
T547,"Community Pond Renovation - Deoghar","Vinayak Infrastructure",4072000,4381000,AWARDED,2024-01-08T00:00:00Z
T547,"Community Pond Renovation - Deoghar","KNR Corporation",4788000,4381000,SUBMITTED,2024-01-09T00:00:00Z
T547,"Community Pond Renovation - Deoghar","Saraswati Works",3885000,4381000,SUBMITTED,2024-01-12T00:00:00Z
T548,"Fair Price Shop Construction - Hazaribag","Pratap Engineering Ltd",1224000,1408000,AWARDED,2024-05-20T00:00:00Z
T548,"Fair Price Shop Construction - Hazaribag","KNR Developers",1324000,1408000,ACTIVE,2024-05-23T00:00:00Z
T549,"Rural Road Construction - Hazaribag","Island Associates",13326000,14649000,AWARDED,2024-07-26T00:00:00Z
T549,"Rural Road Construction - Hazaribag","Elite Associates",13328000,14649000,ACTIVE,2024-07-29T00:00:00Z
T549,"Rural Road Construction - Hazaribag","Elite Solutions",13452000,14649000,ACTIVE,2024-07-30T00:00:00Z
T550,"Rainwater Harvesting Structure - Hazaribag","BrightSun Infrastructure",2012000,2149000,AWARDED,2024-07-16T00:00:00Z
T550,"Rainwater Harvesting Structure - Hazaribag","Larsen Builders",1996000,2149000,ACTIVE,2024-07-18T00:00:00Z
T551,"Rural Electrification Works - Giridih","Shiva Corporation",4868000,5690000,AWARDED,2024-05-13T00:00:00Z
T551,"Rural Electrification Works - Giridih","Birla Constructions Pvt Ltd",5139000,5690000,ACTIVE,2024-05-15T00:00:00Z
T552,"Community Pond Renovation - Giridih","NCC Constructions Pvt Ltd",1154000,1234000,AWARDED,2024-06-13T00:00:00Z
T552,"Community Pond Renovation - Giridih","Maharashtra Group",1098000,1234000,SUBMITTED,2024-06-15T00:00:00Z
T553,"Drainage and Sanitation Works - Giridih","Shiva Infra Ltd",7237000,8275000,AWARDED,2024-01-28T00:00:00Z
T553,"Drainage and Sanitation Works - Giridih","Saraswati Group",8930000,8275000,ACTIVE,2024-02-01T00:00:00Z
T554,"Rural Bridge Construction - Giridih","Megha Infra Ltd",30304000,33194000,AWARDED,2024-02-22T00:00:00Z
T554,"Rural Bridge Construction - Giridih","Gujarat Construction Co",34127000,33194000,SUBMITTED,2024-02-26T00:00:00Z
T554,"Rural Bridge Construction - Giridih","Maharashtra Engineering Ltd",36643000,33194000,SUBMITTED,2024-02-25T00:00:00Z
T555,"Solid Waste Management System - Ramgarh","Krishna Services",3159000,3582000,AWARDED,2024-07-31T00:00:00Z
T555,"Solid Waste Management System - Ramgarh","J Kumar Builders",3649000,3582000,SUBMITTED,2024-08-03T00:00:00Z
T555,"Solid Waste Management System - Ramgarh","ABC Services",3983000,3582000,SUBMITTED,2024-08-04T00:00:00Z
T556,"Solid Waste Management System - Ramgarh","Elite Developers",9091000,9988000,AWARDED,2024-10-03T00:00:00Z
T556,"Solid Waste Management System - Ramgarh","Ganesh Infra Pvt Ltd",9570000,9988000,SUBMITTED,2024-10-05T00:00:00Z
T557,"Rural Electrification Works - Ramgarh","Megha Infrastructure",4907000,5541000,AWARDED,2024-05-01T00:00:00Z
T557,"Rural Electrification Works - Ramgarh","Megha Engineering",5638000,5541000,SUBMITTED,2024-05-04T00:00:00Z
T558,"PMGSY Road Upgradation - Dumka","KNR Group",38802000,42726000,AWARDED,2024-04-25T00:00:00Z
T558,"PMGSY Road Upgradation - Dumka","Ganga Infrastructure",42429000,42726000,SUBMITTED,2024-04-29T00:00:00Z
T559,"Irrigation Canal Construction - Dumka","Maharashtra Works",15994000,17456000,AWARDED,2024-02-19T00:00:00Z
T559,"Irrigation Canal Construction - Dumka","Ganesh Constructions",19076000,17456000,SUBMITTED,2024-02-23T00:00:00Z
T559,"Irrigation Canal Construction - Dumka","Shapoorji Infra Ltd",19533000,17456000,ACTIVE,2024-02-22T00:00:00Z
T560,"Public Toilet Block (SBMG) - Dumka","Ram Solutions",861000,1008000,AWARDED,2024-10-18T00:00:00Z
T560,"Public Toilet Block (SBMG) - Dumka","Pratap Group",919000,1008000,SUBMITTED,2024-10-20T00:00:00Z
T560,"Public Toilet Block (SBMG) - Dumka","Tata Infrastructure",1042000,1008000,SUBMITTED,2024-10-20T00:00:00Z
T561,"Primary Health Sub-Centre Construction - Dumka","National Civil Works",8118000,8651000,AWARDED,2024-03-31T00:00:00Z
T561,"Primary Health Sub-Centre Construction - Dumka","Pratap Infra Ltd",8642000,8651000,SUBMITTED,2024-04-02T00:00:00Z
T561,"Primary Health Sub-Centre Construction - Dumka","Shree Constructions Pvt Ltd",8710000,8651000,ACTIVE,2024-04-04T00:00:00Z
T562,"Rural Bridge Construction - Pakur","Shree Infra Ltd",28707000,32605000,AWARDED,2024-06-12T00:00:00Z
T562,"Rural Bridge Construction - Pakur","Sunrise Infra Ltd",36468000,32605000,SUBMITTED,2024-06-13T00:00:00Z
T563,"Skill Development Training Centre - Pakur","Lakshmi Infrastructure",7621000,8657000,AWARDED,2024-06-15T00:00:00Z
T563,"Skill Development Training Centre - Pakur","Ganga Engineering",8470000,8657000,ACTIVE,2024-06-16T00:00:00Z
T564,"Anganwadi Centre Construction - Pakur","Karnataka Projects",3687000,4282000,AWARDED,2024-05-24T00:00:00Z
T564,"Anganwadi Centre Construction - Pakur","Premier Solutions",4185000,4282000,ACTIVE,2024-05-25T00:00:00Z
T565,"Community Pond Renovation - Pakur","Gayatri Infra Pvt Ltd",2436000,2737000,AWARDED,2024-08-14T00:00:00Z
T565,"Community Pond Renovation - Pakur","Kalinga Corporation",2913000,2737000,SUBMITTED,2024-08-16T00:00:00Z
T566,"Soil Conservation Works - Raipur","Ahluwalia Solutions",2966000,3270000,AWARDED,2024-07-03T00:00:00Z
T566,"Soil Conservation Works - Raipur","Island Infrastructure",2946000,3270000,ACTIVE,2024-07-05T00:00:00Z
T566,"Soil Conservation Works - Raipur","Ambika Associates",3099000,3270000,SUBMITTED,2024-07-06T00:00:00Z
T567,"Solar Street Lighting - Raipur","Ram Infra Pvt Ltd",3458000,3657000,AWARDED,2024-02-08T00:00:00Z
T567,"Solar Street Lighting - Raipur","IRB Corporation",3483000,3657000,SUBMITTED,2024-02-12T00:00:00Z
T567,"Solar Street Lighting - Raipur","Kalinga Constructions Pvt Ltd",3556000,3657000,ACTIVE,2024-02-09T00:00:00Z
T568,"Public Toilet Block (SBMG) - Raipur","Om Corporation",1428000,1618000,AWARDED,2024-04-05T00:00:00Z
T568,"Public Toilet Block (SBMG) - Raipur","Ganga Engineering",1523000,1618000,SUBMITTED,2024-04-07T00:00:00Z
T568,"Public Toilet Block (SBMG) - Raipur","Maharashtra Services",1520000,1618000,SUBMITTED,2024-04-08T00:00:00Z
T569,"Rainwater Harvesting Structure - Bhilai","Ganga Works",5036000,5521000,AWARDED,2024-04-07T00:00:00Z
T569,"Rainwater Harvesting Structure - Bhilai","Green Associates",5372000,5521000,SUBMITTED,2024-04-11T00:00:00Z
T570,"Rural Bridge Construction - Bhilai","Tata Enterprises",30013000,32650000,AWARDED,2024-06-28T00:00:00Z
T570,"Rural Bridge Construction - Bhilai","Premier Developers",30487000,32650000,ACTIVE,2024-06-29T00:00:00Z
T571,"Borewell and Handpump Installation - Bhilai","Apex Infra Ltd",690000,749000,AWARDED,2024-03-24T00:00:00Z
T571,"Borewell and Handpump Installation - Bhilai","Era Construction Co",829000,749000,SUBMITTED,2024-03-26T00:00:00Z
T571,"Borewell and Handpump Installation - Bhilai","Megha Group",762000,749000,SUBMITTED,2024-03-27T00:00:00Z
T572,"Government Primary School Renovation - Bilaspur","Lakshmi Constructions Pvt Ltd",3791000,4287000,AWARDED,2024-01-23T00:00:00Z
T572,"Government Primary School Renovation - Bilaspur","Sunrise Civil Works",4623000,4287000,SUBMITTED,2024-01-26T00:00:00Z
T572,"Government Primary School Renovation - Bilaspur","Lakshmi Solutions",4103000,4287000,ACTIVE,2024-01-27T00:00:00Z
T573,"Anganwadi Centre Construction - Bilaspur","XYZ Infrastructure",2300000,2572000,AWARDED,2024-01-10T00:00:00Z
T573,"Anganwadi Centre Construction - Bilaspur","XYZ Developers",2860000,2572000,ACTIVE,2024-01-11T00:00:00Z
T573,"Anganwadi Centre Construction - Bilaspur","IRB Contractors",2550000,2572000,ACTIVE,2024-01-14T00:00:00Z
T574,"Government Primary School Renovation - Bilaspur","Era Construction Co",4976000,5390000,AWARDED,2024-06-06T00:00:00Z
T574,"Government Primary School Renovation - Bilaspur","Blue Infra Ltd",5839000,5390000,SUBMITTED,2024-06-09T00:00:00Z
T575,"Public Toilet Block (SBMG) - Korba","Shree Projects",1929000,2041000,AWARDED,2024-10-01T00:00:00Z
T575,"Public Toilet Block (SBMG) - Korba","Sahyadri Constructions Pvt Ltd",2204000,2041000,ACTIVE,2024-10-02T00:00:00Z
T576,"Government Primary School Renovation - Korba","Kalinga Infrastructure",6031000,6744000,AWARDED,2024-01-13T00:00:00Z
T576,"Government Primary School Renovation - Korba","Shree Developers",6863000,6744000,ACTIVE,2024-01-16T00:00:00Z
T576,"Government Primary School Renovation - Korba","Larsen Group",6249000,6744000,ACTIVE,2024-01-17T00:00:00Z
T577,"Cattle Shed and Veterinary Centre - Korba","AFCONS Builders",4474000,4928000,AWARDED,2024-07-10T00:00:00Z
T577,"Cattle Shed and Veterinary Centre - Korba","Apex Group",4801000,4928000,SUBMITTED,2024-07-14T00:00:00Z
T578,"Drainage and Sanitation Works - Durg","Gujarat Services",1649000,1820000,AWARDED,2024-01-27T00:00:00Z
T578,"Drainage and Sanitation Works - Durg","Green Infrastructure",1895000,1820000,SUBMITTED,2024-01-30T00:00:00Z
T578,"Drainage and Sanitation Works - Durg","Apex Engineering",1728000,1820000,SUBMITTED,2024-01-31T00:00:00Z
T579,"Fair Price Shop Construction - Durg","Pratap Civil Works",1531000,1618000,AWARDED,2024-07-03T00:00:00Z
T579,"Fair Price Shop Construction - Durg","Andhra Infrastructure",1537000,1618000,SUBMITTED,2024-07-04T00:00:00Z
T580,"Water Supply Pipeline Installation - Durg","Saraswati Infra Ltd",13189000,15425000,AWARDED,2024-10-26T00:00:00Z
T580,"Water Supply Pipeline Installation - Durg","Jai Infra Pvt Ltd",16789000,15425000,SUBMITTED,2024-10-28T00:00:00Z
T581,"Cattle Shed and Veterinary Centre - Rajnandgaon","Island Contractors",1870000,2117000,AWARDED,2024-03-25T00:00:00Z
T581,"Cattle Shed and Veterinary Centre - Rajnandgaon","Krishna Infrastructure",2271000,2117000,SUBMITTED,2024-03-28T00:00:00Z
T582,"Water Supply Pipeline Installation - Rajnandgaon","Marwar Civil Works",13717000,15116000,AWARDED,2024-07-26T00:00:00Z
T582,"Water Supply Pipeline Installation - Rajnandgaon","Sunrise Enterprises",14871000,15116000,SUBMITTED,2024-07-28T00:00:00Z
T582,"Water Supply Pipeline Installation - Rajnandgaon","Lakshmi Civil Works",15230000,15116000,ACTIVE,2024-07-29T00:00:00Z
T583,"Rural Bridge Construction - Rajnandgaon","PQR Civil Works",15365000,16726000,AWARDED,2024-01-09T00:00:00Z
T583,"Rural Bridge Construction - Rajnandgaon","ABC Infra Ltd",16025000,16726000,SUBMITTED,2024-01-12T00:00:00Z
T584,"Drainage and Sanitation Works - Ambikapur","Rajasthan Works",2935000,3171000,AWARDED,2024-02-06T00:00:00Z
T584,"Drainage and Sanitation Works - Ambikapur","Sahyadri Constructions",3413000,3171000,ACTIVE,2024-02-07T00:00:00Z
T585,"Solid Waste Management System - Ambikapur","Om Developers",9960000,11605000,AWARDED,2024-03-22T00:00:00Z
T585,"Solid Waste Management System - Ambikapur","Marwar Constructions",11147000,11605000,SUBMITTED,2024-03-25T00:00:00Z
T585,"Solid Waste Management System - Ambikapur","Maharashtra Works",11983000,11605000,SUBMITTED,2024-03-25T00:00:00Z
T586,"Check Dam Construction - Ambikapur","Jai Infrastructure",13461000,15747000,AWARDED,2024-06-17T00:00:00Z
T586,"Check Dam Construction - Ambikapur","KNR Works",14881000,15747000,SUBMITTED,2024-06-21T00:00:00Z
T587,"Check Dam Construction - Ambikapur","Jai Civil Works",3738000,4205000,AWARDED,2024-01-15T00:00:00Z
T587,"Check Dam Construction - Ambikapur","Simplex Civil Works",4743000,4205000,SUBMITTED,2024-01-17T00:00:00Z
T587,"Check Dam Construction - Ambikapur","Durga Developers",3822000,4205000,SUBMITTED,2024-01-17T00:00:00Z
T588,"Rural Bridge Construction - Jagdalpur","Krishna Infra Pvt Ltd",11982000,13486000,AWARDED,2024-02-11T00:00:00Z
T588,"Rural Bridge Construction - Jagdalpur","NCC Constructions Pvt Ltd",15174000,13486000,SUBMITTED,2024-02-12T00:00:00Z
T589,"Gram Panchayat Office Renovation - Jagdalpur","Rajasthan Infrastructure",2730000,2911000,AWARDED,2024-03-26T00:00:00Z
T589,"Gram Panchayat Office Renovation - Jagdalpur","PQR Engineering Ltd",2594000,2911000,SUBMITTED,2024-03-27T00:00:00Z
T590,"Panchayat Community Hall - Jagdalpur","Blue Infra Ltd",7680000,8698000,AWARDED,2024-04-02T00:00:00Z
T590,"Panchayat Community Hall - Jagdalpur","Larsen Infra Pvt Ltd",8781000,8698000,SUBMITTED,2024-04-05T00:00:00Z
T590,"Panchayat Community Hall - Jagdalpur","Larsen Engineering",9213000,8698000,ACTIVE,2024-04-04T00:00:00Z
T591,"Rural Electrification Works - Jagdalpur","Pratap Works",7534000,8693000,AWARDED,2024-01-13T00:00:00Z
T591,"Rural Electrification Works - Jagdalpur","Tata Works",9291000,8693000,SUBMITTED,2024-01-15T00:00:00Z
T592,"Primary Health Sub-Centre Construction - Raigarh","Meenakshi Works",6983000,8209000,AWARDED,2024-02-12T00:00:00Z
T592,"Primary Health Sub-Centre Construction - Raigarh","Vinayak Engineering",7376000,8209000,SUBMITTED,2024-02-15T00:00:00Z
T593,"Community Pond Renovation - Raigarh","Vinayak Projects",1615000,1714000,AWARDED,2024-05-15T00:00:00Z
T593,"Community Pond Renovation - Raigarh","Karnataka Projects",1794000,1714000,SUBMITTED,2024-05-19T00:00:00Z
T593,"Community Pond Renovation - Raigarh","Ramesh Associates",1527000,1714000,SUBMITTED,2024-05-18T00:00:00Z
T594,"Rural Road Construction - Raigarh","Andhra Corporation",15870000,18292000,AWARDED,2024-05-16T00:00:00Z
T594,"Rural Road Construction - Raigarh","AFCONS Constructions Pvt Ltd",16783000,18292000,ACTIVE,2024-05-17T00:00:00Z
T594,"Rural Road Construction - Raigarh","Shiva Associates",16491000,18292000,SUBMITTED,2024-05-19T00:00:00Z
T595,"Cold Storage Facility - Kawardha","Gayatri Infra Ltd",7320000,7800000,AWARDED,2024-07-04T00:00:00Z
T595,"Cold Storage Facility - Kawardha","IRB Works",8639000,7800000,SUBMITTED,2024-07-05T00:00:00Z
T596,"Tribal Welfare Hostel Construction - Kawardha","Rajasthan Group",14236000,16439000,AWARDED,2024-10-18T00:00:00Z
T596,"Tribal Welfare Hostel Construction - Kawardha","Gayatri Constructions Pvt Ltd",15078000,16439000,SUBMITTED,2024-10-19T00:00:00Z
T597,"Rural Road Construction - Kawardha","Pandian Services",3046000,3538000,AWARDED,2024-10-16T00:00:00Z
T597,"Rural Road Construction - Kawardha","KNR Engineering Ltd",3640000,3538000,SUBMITTED,2024-10-20T00:00:00Z
T597,"Rural Road Construction - Kawardha","Simplex Constructions",3386000,3538000,ACTIVE,2024-10-17T00:00:00Z
T598,"Community Pond Renovation - Kawardha","Elite Group",912000,1041000,AWARDED,2024-03-10T00:00:00Z
T598,"Community Pond Renovation - Kawardha","Meenakshi Works",1032000,1041000,SUBMITTED,2024-03-13T00:00:00Z
T599,"Solid Waste Management System - Guwahati","Sai Construction Co",9917000,10569000,AWARDED,2024-07-22T00:00:00Z
T599,"Solid Waste Management System - Guwahati","Shapoorji Associates",10976000,10569000,ACTIVE,2024-07-23T00:00:00Z
T600,"Water Supply Pipeline Installation - Guwahati","IRB Projects",13745000,15589000,AWARDED,2024-05-09T00:00:00Z
T600,"Water Supply Pipeline Installation - Guwahati","Sai Enterprises",16828000,15589000,SUBMITTED,2024-05-13T00:00:00Z
T601,"Government Primary School Renovation - Guwahati","Elite Constructions",4638000,5212000,AWARDED,2024-09-12T00:00:00Z
T601,"Government Primary School Renovation - Guwahati","Shapoorji Projects",4738000,5212000,SUBMITTED,2024-09-16T00:00:00Z
T601,"Government Primary School Renovation - Guwahati","Saraswati Constructions",5867000,5212000,ACTIVE,2024-09-13T00:00:00Z
T602,"Rural Electrification Works - Silchar","Shree Solutions",6412000,6928000,AWARDED,2024-02-23T00:00:00Z
T602,"Rural Electrification Works - Silchar","PQR Enterprises",7084000,6928000,ACTIVE,2024-02-27T00:00:00Z
T602,"Rural Electrification Works - Silchar","Maharashtra Developers",7506000,6928000,SUBMITTED,2024-02-26T00:00:00Z
T603,"Skill Development Training Centre - Silchar","PQR Constructions Pvt Ltd",12865000,13639000,AWARDED,2024-06-01T00:00:00Z
T603,"Skill Development Training Centre - Silchar","Premier Developers",12315000,13639000,SUBMITTED,2024-06-04T00:00:00Z
T603,"Skill Development Training Centre - Silchar","ABC Projects",13103000,13639000,ACTIVE,2024-06-03T00:00:00Z
T604,"Solar Street Lighting - Silchar","Megha Enterprises",2820000,3199000,AWARDED,2024-05-29T00:00:00Z
T604,"Solar Street Lighting - Silchar","Sahyadri Construction Co",3134000,3199000,SUBMITTED,2024-05-31T00:00:00Z
T605,"Solid Waste Management System - Silchar","Jai Solutions",4731000,5192000,AWARDED,2024-06-30T00:00:00Z
T605,"Solid Waste Management System - Silchar","Rajasthan Infra Pvt Ltd",5202000,5192000,SUBMITTED,2024-07-03T00:00:00Z
T606,"Fair Price Shop Construction - Dibrugarh","Lakshmi Construction Co",552000,631000,AWARDED,2024-08-06T00:00:00Z
T606,"Fair Price Shop Construction - Dibrugarh","Lakshmi Infra Ltd",655000,631000,SUBMITTED,2024-08-07T00:00:00Z
T606,"Fair Price Shop Construction - Dibrugarh","Era Civil Works",639000,631000,ACTIVE,2024-08-08T00:00:00Z
T607,"Solid Waste Management System - Dibrugarh","Sunrise Constructions Pvt Ltd",2701000,3141000,AWARDED,2024-10-26T00:00:00Z
T607,"Solid Waste Management System - Dibrugarh","Apex Infra Ltd",3153000,3141000,SUBMITTED,2024-10-28T00:00:00Z
T608,"Community Pond Renovation - Dibrugarh","NCC Engineering",1586000,1676000,AWARDED,2024-04-12T00:00:00Z
T608,"Community Pond Renovation - Dibrugarh","Tamil Constructions Pvt Ltd",1526000,1676000,SUBMITTED,2024-04-16T00:00:00Z
T608,"Community Pond Renovation - Dibrugarh","BrightSun Construction Co",1718000,1676000,SUBMITTED,2024-04-13T00:00:00Z
T609,"Drainage and Sanitation Works - Jorhat","National Infrastructure",6811000,7252000,AWARDED,2024-07-09T00:00:00Z
T609,"Drainage and Sanitation Works - Jorhat","Era Associates",7206000,7252000,ACTIVE,2024-07-11T00:00:00Z
T610,"Anganwadi Centre Construction - Jorhat","Tata Group",3726000,4080000,AWARDED,2024-05-31T00:00:00Z
T610,"Anganwadi Centre Construction - Jorhat","Pandian Engineering",3701000,4080000,SUBMITTED,2024-06-02T00:00:00Z
T611,"Borewell and Handpump Installation - Jorhat","Larsen Engineering",1515000,1628000,AWARDED,2024-10-01T00:00:00Z
T611,"Borewell and Handpump Installation - Jorhat","Birla Civil Works",1671000,1628000,ACTIVE,2024-10-05T00:00:00Z
T612,"Rural Bridge Construction - Jorhat","Tamil Construction Co",11370000,12635000,AWARDED,2024-10-02T00:00:00Z
T612,"Rural Bridge Construction - Jorhat","Green Civil Works",11568000,12635000,SUBMITTED,2024-10-06T00:00:00Z
T613,"Government Primary School Renovation - Nagaon","Era Builders",3827000,4326000,AWARDED,2024-02-02T00:00:00Z
T613,"Government Primary School Renovation - Nagaon","Karnataka Builders",4513000,4326000,SUBMITTED,2024-02-03T00:00:00Z
T614,"Cattle Shed and Veterinary Centre - Nagaon","Tata Enterprises",1438000,1589000,AWARDED,2024-10-10T00:00:00Z
T614,"Cattle Shed and Veterinary Centre - Nagaon","Jai Engineering Ltd",1598000,1589000,ACTIVE,2024-10-14T00:00:00Z
T615,"Water Supply Pipeline Installation - Nagaon","Ganga Infra Pvt Ltd",9477000,10302000,AWARDED,2024-03-05T00:00:00Z
T615,"Water Supply Pipeline Installation - Nagaon","Shapoorji Corporation",10072000,10302000,ACTIVE,2024-03-06T00:00:00Z
T615,"Water Supply Pipeline Installation - Nagaon","Sahyadri Construction Co",11222000,10302000,SUBMITTED,2024-03-07T00:00:00Z
T616,"Gram Panchayat Office Renovation - Nagaon","Jai Civil Works",1533000,1693000,AWARDED,2024-07-26T00:00:00Z
T616,"Gram Panchayat Office Renovation - Nagaon","Premier Infrastructure",1605000,1693000,SUBMITTED,2024-07-28T00:00:00Z
T616,"Gram Panchayat Office Renovation - Nagaon","Bengal Developers",1554000,1693000,SUBMITTED,2024-07-30T00:00:00Z
T617,"Rural Electrification Works - Tinsukia","Krishna Infra Pvt Ltd",4255000,4640000,AWARDED,2024-04-27T00:00:00Z
T617,"Rural Electrification Works - Tinsukia","Sunrise Infra Pvt Ltd",4208000,4640000,SUBMITTED,2024-04-30T00:00:00Z
T617,"Rural Electrification Works - Tinsukia","Apex Constructions Pvt Ltd",4711000,4640000,SUBMITTED,2024-04-28T00:00:00Z
T618,"Community Pond Renovation - Tinsukia","KNR Associates",4000000,4226000,AWARDED,2024-03-12T00:00:00Z
T618,"Community Pond Renovation - Tinsukia","Vimal Services",4354000,4226000,ACTIVE,2024-03-14T00:00:00Z
T618,"Community Pond Renovation - Tinsukia","Durga Civil Works",4179000,4226000,SUBMITTED,2024-03-15T00:00:00Z
T619,"Rainwater Harvesting Structure - Tinsukia","Blue Engineering",5314000,5607000,AWARDED,2024-06-20T00:00:00Z
T619,"Rainwater Harvesting Structure - Tinsukia","Lakshmi Projects",5504000,5607000,ACTIVE,2024-06-22T00:00:00Z
T620,"Solid Waste Management System - Tinsukia","J Kumar Corporation",7559000,8090000,AWARDED,2024-02-16T00:00:00Z
T620,"Solid Waste Management System - Tinsukia","NCC Constructions",7650000,8090000,ACTIVE,2024-02-17T00:00:00Z
T620,"Solid Waste Management System - Tinsukia","Krishna Infra Ltd",8181000,8090000,SUBMITTED,2024-02-17T00:00:00Z
T621,"Soil Conservation Works - Bongaigaon","Kalinga Services",4123000,4415000,AWARDED,2024-04-28T00:00:00Z
T621,"Soil Conservation Works - Bongaigaon","National Constructions Pvt Ltd",4080000,4415000,ACTIVE,2024-05-01T00:00:00Z
T622,"Water Supply Pipeline Installation - Bongaigaon","Shiva Developers",3881000,4519000,AWARDED,2024-03-14T00:00:00Z
T622,"Water Supply Pipeline Installation - Bongaigaon","Simplex Solutions",4416000,4519000,SUBMITTED,2024-03-16T00:00:00Z
T622,"Water Supply Pipeline Installation - Bongaigaon","Sahyadri Builders",4564000,4519000,SUBMITTED,2024-03-16T00:00:00Z
T623,"Solar Street Lighting - Bongaigaon","Rajasthan Civil Works",4373000,4710000,AWARDED,2024-10-08T00:00:00Z
T623,"Solar Street Lighting - Bongaigaon","Ambika Infrastructure",4568000,4710000,ACTIVE,2024-10-11T00:00:00Z
T624,"Tribal Welfare Hostel Construction - Bongaigaon","AFCONS Projects",15806000,17339000,AWARDED,2024-05-05T00:00:00Z
T624,"Tribal Welfare Hostel Construction - Bongaigaon","Green Group",17074000,17339000,ACTIVE,2024-05-06T00:00:00Z
T624,"Tribal Welfare Hostel Construction - Bongaigaon","Green Constructions",18291000,17339000,SUBMITTED,2024-05-06T00:00:00Z
T625,"Water Supply Pipeline Installation - Tezpur","Rajasthan Infra Ltd",4567000,5127000,AWARDED,2024-10-19T00:00:00Z
T625,"Water Supply Pipeline Installation - Tezpur","Gujarat Group",4752000,5127000,SUBMITTED,2024-10-20T00:00:00Z
T626,"Community Pond Renovation - Tezpur","Elite Works",1718000,1860000,AWARDED,2024-08-12T00:00:00Z
T626,"Community Pond Renovation - Tezpur","Birla Infra Ltd",1727000,1860000,SUBMITTED,2024-08-14T00:00:00Z
T627,"Check Dam Construction - Tezpur","Sahyadri Infrastructure",14539000,15672000,AWARDED,2024-03-28T00:00:00Z
T627,"Check Dam Construction - Tezpur","Pioneer Enterprises",17612000,15672000,ACTIVE,2024-04-01T00:00:00Z
T628,"Cold Storage Facility - Tezpur","Ganga Builders",12702000,14084000,AWARDED,2024-02-11T00:00:00Z
T628,"Cold Storage Facility - Tezpur","Blue Services",13524000,14084000,SUBMITTED,2024-02-13T00:00:00Z
T628,"Cold Storage Facility - Tezpur","IRB Constructions Pvt Ltd",15912000,14084000,ACTIVE,2024-02-12T00:00:00Z
T629,"Borewell and Handpump Installation - Karimganj","BrightSun Infrastructure",845000,912000,AWARDED,2024-04-20T00:00:00Z
T629,"Borewell and Handpump Installation - Karimganj","AFCONS Constructions",935000,912000,SUBMITTED,2024-04-21T00:00:00Z
T630,"Cold Storage Facility - Karimganj","Shiva Construction Co",12760000,14114000,AWARDED,2024-08-08T00:00:00Z
T630,"Cold Storage Facility - Karimganj","Vinayak Corporation",13415000,14114000,SUBMITTED,2024-08-10T00:00:00Z
T630,"Cold Storage Facility - Karimganj","Gayatri Associates",15801000,14114000,ACTIVE,2024-08-11T00:00:00Z
T631,"Borewell and Handpump Installation - Karimganj","Shiva Enterprises",799000,919000,AWARDED,2024-01-11T00:00:00Z
T631,"Borewell and Handpump Installation - Karimganj","Sahyadri Engineering Ltd",877000,919000,ACTIVE,2024-01-14T00:00:00Z
T631,"Borewell and Handpump Installation - Karimganj","Pratap Group",897000,919000,SUBMITTED,2024-01-12T00:00:00Z
T632,"Drainage and Sanitation Works - Haflong","Durga Infra Ltd",7728000,8751000,AWARDED,2024-08-12T00:00:00Z
T632,"Drainage and Sanitation Works - Haflong","J Kumar Projects",8017000,8751000,SUBMITTED,2024-08-14T00:00:00Z
T633,"Rural Electrification Works - Haflong","Birla Corporation",2847000,3270000,AWARDED,2024-05-05T00:00:00Z
T633,"Rural Electrification Works - Haflong","Krishna Developers",3336000,3270000,SUBMITTED,2024-05-07T00:00:00Z
T634,"Fair Price Shop Construction - Haflong","PQR Infra Ltd",1707000,1816000,AWARDED,2024-09-28T00:00:00Z
T634,"Fair Price Shop Construction - Haflong","Krishna Contractors",1923000,1816000,SUBMITTED,2024-09-29T00:00:00Z
T635,"Solar Street Lighting - Haflong","Gayatri Associates",1646000,1912000,AWARDED,2024-08-23T00:00:00Z
T635,"Solar Street Lighting - Haflong","Island Infra Pvt Ltd",1897000,1912000,SUBMITTED,2024-08-25T00:00:00Z
T636,"Gram Panchayat Office Renovation - Shimla","Lakshmi Engineering",2887000,3382000,AWARDED,2024-09-12T00:00:00Z
T636,"Gram Panchayat Office Renovation - Shimla","Ganga Infra Pvt Ltd",3187000,3382000,SUBMITTED,2024-09-13T00:00:00Z
T637,"Soil Conservation Works - Shimla","Krishna Builders",2809000,3163000,AWARDED,2024-01-02T00:00:00Z
T637,"Soil Conservation Works - Shimla","Karnataka Infrastructure",3221000,3163000,ACTIVE,2024-01-03T00:00:00Z
T638,"Gram Panchayat Office Renovation - Shimla","Durga Works",802000,897000,AWARDED,2024-07-27T00:00:00Z
T638,"Gram Panchayat Office Renovation - Shimla","Megha Projects",959000,897000,ACTIVE,2024-07-28T00:00:00Z
T638,"Gram Panchayat Office Renovation - Shimla","Birla Works",1004000,897000,SUBMITTED,2024-07-28T00:00:00Z
T639,"Drainage and Sanitation Works - Shimla","Shiva Civil Works",6690000,7501000,AWARDED,2024-05-05T00:00:00Z
T639,"Drainage and Sanitation Works - Shimla","Tata Infra Ltd",6944000,7501000,ACTIVE,2024-05-06T00:00:00Z
T640,"Cattle Shed and Veterinary Centre - Mandi","Gayatri Constructions",2086000,2258000,AWARDED,2024-04-01T00:00:00Z
T640,"Cattle Shed and Veterinary Centre - Mandi","IRB Infrastructure",2315000,2258000,ACTIVE,2024-04-04T00:00:00Z
T640,"Cattle Shed and Veterinary Centre - Mandi","National Group",2211000,2258000,ACTIVE,2024-04-04T00:00:00Z
T641,"Anganwadi Centre Construction - Mandi","BrightSun Constructions",2068000,2240000,AWARDED,2024-05-19T00:00:00Z
T641,"Anganwadi Centre Construction - Mandi","National Builders",2469000,2240000,SUBMITTED,2024-05-23T00:00:00Z
T641,"Anganwadi Centre Construction - Mandi","Shapoorji Engineering",2087000,2240000,SUBMITTED,2024-05-20T00:00:00Z
T642,"Skill Development Training Centre - Mandi","Rajasthan Group",7213000,8174000,AWARDED,2024-06-17T00:00:00Z
T642,"Skill Development Training Centre - Mandi","Vinayak Engineering Ltd",7336000,8174000,ACTIVE,2024-06-19T00:00:00Z
T643,"Check Dam Construction - Mandi","Tamil Corporation",4122000,4830000,AWARDED,2024-03-28T00:00:00Z
T643,"Check Dam Construction - Mandi","Ganga Enterprises",4568000,4830000,SUBMITTED,2024-03-31T00:00:00Z
T644,"Government Primary School Renovation - Dharamsala","Elite Group",4570000,5009000,AWARDED,2024-04-21T00:00:00Z
T644,"Government Primary School Renovation - Dharamsala","Tamil Associates",5040000,5009000,ACTIVE,2024-04-22T00:00:00Z
T644,"Government Primary School Renovation - Dharamsala","Lakshmi Corporation",4621000,5009000,SUBMITTED,2024-04-22T00:00:00Z
T645,"Solid Waste Management System - Dharamsala","Saraswati Associates",7160000,8055000,AWARDED,2024-02-16T00:00:00Z
T645,"Solid Waste Management System - Dharamsala","Ambika Solutions",8028000,8055000,ACTIVE,2024-02-17T00:00:00Z
T646,"PMGSY Road Upgradation - Dharamsala","Shiva Solutions",46511000,50516000,AWARDED,2024-06-22T00:00:00Z
T646,"PMGSY Road Upgradation - Dharamsala","AFCONS Works",47754000,50516000,SUBMITTED,2024-06-26T00:00:00Z
T647,"Drainage and Sanitation Works - Solan","Ganesh Engineering",6691000,7434000,AWARDED,2024-03-17T00:00:00Z
T647,"Drainage and Sanitation Works - Solan","Saraswati Infra Ltd",7182000,7434000,SUBMITTED,2024-03-20T00:00:00Z
T647,"Drainage and Sanitation Works - Solan","Ram Engineering",7402000,7434000,SUBMITTED,2024-03-21T00:00:00Z
T648,"Anganwadi Centre Construction - Solan","Jai Infra Ltd",3444000,3774000,AWARDED,2024-03-01T00:00:00Z
T648,"Anganwadi Centre Construction - Solan","Gujarat Projects",3852000,3774000,SUBMITTED,2024-03-03T00:00:00Z
T649,"Gram Panchayat Office Renovation - Solan","Om Contractors",2798000,3241000,AWARDED,2024-03-16T00:00:00Z
T649,"Gram Panchayat Office Renovation - Solan","Krishna Engineering Ltd",3043000,3241000,SUBMITTED,2024-03-20T00:00:00Z
T650,"Fair Price Shop Construction - Solan","Durga Construction Co",836000,906000,AWARDED,2024-03-05T00:00:00Z
T650,"Fair Price Shop Construction - Solan","Andhra Construction Co",950000,906000,SUBMITTED,2024-03-07T00:00:00Z
T650,"Fair Price Shop Construction - Solan","Lakshmi Constructions Pvt Ltd",879000,906000,ACTIVE,2024-03-09T00:00:00Z
T651,"PMGSY Road Upgradation - Kullu","Era Civil Works",16932000,18496000,AWARDED,2024-08-26T00:00:00Z
T651,"PMGSY Road Upgradation - Kullu","Shree Solutions",17161000,18496000,SUBMITTED,2024-08-30T00:00:00Z
T651,"PMGSY Road Upgradation - Kullu","Pratap Constructions",20114000,18496000,ACTIVE,2024-08-27T00:00:00Z
T652,"Government Primary School Renovation - Kullu","Kalinga Construction Co",7226000,8419000,AWARDED,2024-07-06T00:00:00Z
T652,"Government Primary School Renovation - Kullu","Island Infra Ltd",7511000,8419000,SUBMITTED,2024-07-10T00:00:00Z
T652,"Government Primary School Renovation - Kullu","Island Corporation",7722000,8419000,ACTIVE,2024-07-07T00:00:00Z
T653,"Drainage and Sanitation Works - Kullu","Ramesh Engineering Ltd",2356000,2718000,AWARDED,2024-08-24T00:00:00Z
T653,"Drainage and Sanitation Works - Kullu","Sunrise Corporation",2606000,2718000,SUBMITTED,2024-08-28T00:00:00Z
T653,"Drainage and Sanitation Works - Kullu","ABC Group",2770000,2718000,ACTIVE,2024-08-26T00:00:00Z
T654,"Cold Storage Facility - Kullu","Sai Works",14697000,16343000,AWARDED,2024-01-05T00:00:00Z
T654,"Cold Storage Facility - Kullu","KNR Constructions Pvt Ltd",17253000,16343000,SUBMITTED,2024-01-06T00:00:00Z
T654,"Cold Storage Facility - Kullu","Elite Services",18009000,16343000,ACTIVE,2024-01-08T00:00:00Z
T655,"Solar Street Lighting - Bilaspur","Sahyadri Services",5997000,6952000,AWARDED,2024-06-28T00:00:00Z
T655,"Solar Street Lighting - Bilaspur","J Kumar Works",6562000,6952000,ACTIVE,2024-07-02T00:00:00Z
T655,"Solar Street Lighting - Bilaspur","Ganga Corporation",6968000,6952000,ACTIVE,2024-06-30T00:00:00Z
T656,"Primary Health Sub-Centre Construction - Bilaspur","Shree Contractors",4297000,4757000,AWARDED,2024-03-13T00:00:00Z
T656,"Primary Health Sub-Centre Construction - Bilaspur","Pratap Projects",4835000,4757000,SUBMITTED,2024-03-16T00:00:00Z
T657,"Rural Bridge Construction - Bilaspur","Ganga Infra Ltd",14223000,15544000,AWARDED,2024-06-04T00:00:00Z
T657,"Rural Bridge Construction - Bilaspur","Pioneer Works",15029000,15544000,ACTIVE,2024-06-07T00:00:00Z
T657,"Rural Bridge Construction - Bilaspur","Ramesh Services",17133000,15544000,ACTIVE,2024-06-06T00:00:00Z
T658,"Rainwater Harvesting Structure - Bilaspur","Tata Infra Pvt Ltd",3885000,4330000,AWARDED,2024-08-27T00:00:00Z
T658,"Rainwater Harvesting Structure - Bilaspur","Tamil Infra Ltd",3876000,4330000,SUBMITTED,2024-08-31T00:00:00Z
T659,"Panchayat Community Hall - Hamirpur","Royal Constructions",5057000,5908000,AWARDED,2024-06-25T00:00:00Z
T659,"Panchayat Community Hall - Hamirpur","Vinayak Infra Pvt Ltd",5890000,5908000,SUBMITTED,2024-06-26T00:00:00Z
T659,"Panchayat Community Hall - Hamirpur","Apex Contractors",6604000,5908000,SUBMITTED,2024-06-28T00:00:00Z
T660,"Irrigation Canal Construction - Hamirpur","National Works",9693000,10853000,AWARDED,2024-06-12T00:00:00Z
T660,"Irrigation Canal Construction - Hamirpur","Island Constructions Pvt Ltd",10155000,10853000,ACTIVE,2024-06-16T00:00:00Z
T661,"Water Supply Pipeline Installation - Hamirpur","Ambika Construction Co",3378000,3780000,AWARDED,2024-07-23T00:00:00Z
T661,"Water Supply Pipeline Installation - Hamirpur","PQR Engineering Ltd",4135000,3780000,SUBMITTED,2024-07-25T00:00:00Z
T662,"Community Pond Renovation - Hamirpur","Apex Developers",3462000,3857000,AWARDED,2024-05-12T00:00:00Z
T662,"Community Pond Renovation - Hamirpur","Apex Contractors",3763000,3857000,SUBMITTED,2024-05-16T00:00:00Z
T663,"Check Dam Construction - Una","AFCONS Solutions",7472000,8165000,AWARDED,2024-02-12T00:00:00Z
T663,"Check Dam Construction - Una","Jai Solutions",7995000,8165000,SUBMITTED,2024-02-14T00:00:00Z
T663,"Check Dam Construction - Una","Tamil Services",8550000,8165000,SUBMITTED,2024-02-13T00:00:00Z
T664,"Fair Price Shop Construction - Una","National Developers",829000,892000,AWARDED,2024-07-01T00:00:00Z
T664,"Fair Price Shop Construction - Una","Premier Constructions Pvt Ltd",862000,892000,SUBMITTED,2024-07-03T00:00:00Z
T664,"Fair Price Shop Construction - Una","J Kumar Projects",790000,892000,SUBMITTED,2024-07-02T00:00:00Z
T665,"Primary Health Sub-Centre Construction - Una","Tamil Builders",6629000,7171000,AWARDED,2024-04-01T00:00:00Z
T665,"Primary Health Sub-Centre Construction - Una","Meenakshi Associates",7262000,7171000,SUBMITTED,2024-04-05T00:00:00Z
T666,"Irrigation Canal Construction - Una","Maharashtra Construction Co",21955000,25034000,AWARDED,2024-04-12T00:00:00Z
T666,"Irrigation Canal Construction - Una","Ganesh Developers",25922000,25034000,SUBMITTED,2024-04-15T00:00:00Z
T667,"Anganwadi Centre Construction - Chamba","Green Engineering Ltd",2265000,2625000,AWARDED,2024-05-17T00:00:00Z
T667,"Anganwadi Centre Construction - Chamba","BrightSun Associates",2520000,2625000,SUBMITTED,2024-05-19T00:00:00Z
T667,"Anganwadi Centre Construction - Chamba","Ahluwalia Engineering Ltd",2702000,2625000,SUBMITTED,2024-05-18T00:00:00Z
T668,"Skill Development Training Centre - Chamba","Vinayak Infra Ltd",4681000,4945000,AWARDED,2024-03-11T00:00:00Z
T668,"Skill Development Training Centre - Chamba","Sai Engineering Ltd",4784000,4945000,SUBMITTED,2024-03-15T00:00:00Z
T668,"Skill Development Training Centre - Chamba","Karnataka Associates",4952000,4945000,SUBMITTED,2024-03-15T00:00:00Z
T669,"Rural Road Construction - Chamba","PQR Infrastructure",15690000,16814000,AWARDED,2024-02-13T00:00:00Z
T669,"Rural Road Construction - Chamba","Island Engineering",16011000,16814000,ACTIVE,2024-02-14T00:00:00Z
T669,"Rural Road Construction - Chamba","Sunrise Group",17694000,16814000,SUBMITTED,2024-02-16T00:00:00Z
T670,"PMGSY Road Upgradation - Kinnaur","Elite Solutions",20081000,21164000,AWARDED,2024-04-07T00:00:00Z
T670,"PMGSY Road Upgradation - Kinnaur","Megha Construction Co",19121000,21164000,ACTIVE,2024-04-11T00:00:00Z
T671,"Fair Price Shop Construction - Kinnaur","Krishna Engineering",816000,887000,AWARDED,2024-03-27T00:00:00Z
T671,"Fair Price Shop Construction - Kinnaur","Gayatri Associates",923000,887000,SUBMITTED,2024-03-31T00:00:00Z
T672,"Fair Price Shop Construction - Kinnaur","ABC Infrastructure",1435000,1589000,AWARDED,2024-06-02T00:00:00Z
T672,"Fair Price Shop Construction - Kinnaur","Meenakshi Corporation",1489000,1589000,SUBMITTED,2024-06-03T00:00:00Z
T673,"PMGSY Road Upgradation - Dehradun","XYZ Civil Works",18245000,20508000,AWARDED,2024-06-14T00:00:00Z
T673,"PMGSY Road Upgradation - Dehradun","Tamil Enterprises",21445000,20508000,SUBMITTED,2024-06-15T00:00:00Z
T673,"PMGSY Road Upgradation - Dehradun","Karnataka Constructions Pvt Ltd",20446000,20508000,SUBMITTED,2024-06-18T00:00:00Z
T674,"Gram Panchayat Office Renovation - Dehradun","Ramesh Construction Co",927000,1001000,AWARDED,2024-04-22T00:00:00Z
T674,"Gram Panchayat Office Renovation - Dehradun","Elite Group",1028000,1001000,SUBMITTED,2024-04-26T00:00:00Z
T674,"Gram Panchayat Office Renovation - Dehradun","Premier Builders",885000,1001000,SUBMITTED,2024-04-23T00:00:00Z
T675,"Borewell and Handpump Installation - Dehradun","J Kumar Builders",1670000,1924000,AWARDED,2024-02-20T00:00:00Z
T675,"Borewell and Handpump Installation - Dehradun","Gujarat Works",1968000,1924000,SUBMITTED,2024-02-23T00:00:00Z
T675,"Borewell and Handpump Installation - Dehradun","Bengal Projects",2091000,1924000,SUBMITTED,2024-02-23T00:00:00Z
T676,"Drainage and Sanitation Works - Dehradun","Saraswati Services",2745000,2948000,AWARDED,2024-01-22T00:00:00Z
T676,"Drainage and Sanitation Works - Dehradun","Gayatri Infra Pvt Ltd",2997000,2948000,ACTIVE,2024-01-26T00:00:00Z
T677,"Rural Road Construction - Haridwar","KNR Constructions",10816000,11910000,AWARDED,2024-01-25T00:00:00Z
T677,"Rural Road Construction - Haridwar","KNR Engineering",11268000,11910000,SUBMITTED,2024-01-27T00:00:00Z
T678,"Gram Panchayat Office Renovation - Haridwar","Om Solutions",2998000,3293000,AWARDED,2024-05-18T00:00:00Z
T678,"Gram Panchayat Office Renovation - Haridwar","Karnataka Constructions",3388000,3293000,ACTIVE,2024-05-21T00:00:00Z
T679,"Water Supply Pipeline Installation - Haridwar","Durga Construction Co",6197000,6777000,AWARDED,2024-07-20T00:00:00Z
T679,"Water Supply Pipeline Installation - Haridwar","Megha Infra Pvt Ltd",7606000,6777000,SUBMITTED,2024-07-21T00:00:00Z
T679,"Water Supply Pipeline Installation - Haridwar","Blue Developers",6946000,6777000,SUBMITTED,2024-07-24T00:00:00Z
T680,"Public Toilet Block (SBMG) - Nainital","Krishna Constructions Pvt Ltd",1729000,1878000,AWARDED,2024-05-04T00:00:00Z
T680,"Public Toilet Block (SBMG) - Nainital","Ram Enterprises",1834000,1878000,ACTIVE,2024-05-06T00:00:00Z
T680,"Public Toilet Block (SBMG) - Nainital","Kalinga Associates",1914000,1878000,SUBMITTED,2024-05-08T00:00:00Z
T681,"Tribal Welfare Hostel Construction - Nainital","Sai Associates",16644000,18203000,AWARDED,2024-02-26T00:00:00Z
T681,"Tribal Welfare Hostel Construction - Nainital","NCC Civil Works",19936000,18203000,SUBMITTED,2024-02-29T00:00:00Z
T681,"Tribal Welfare Hostel Construction - Nainital","Ganesh Contractors",17027000,18203000,SUBMITTED,2024-02-29T00:00:00Z
T682,"Drainage and Sanitation Works - Nainital","J Kumar Infra Pvt Ltd",8111000,9207000,AWARDED,2024-05-18T00:00:00Z
T682,"Drainage and Sanitation Works - Nainital","Krishna Builders",9997000,9207000,SUBMITTED,2024-05-22T00:00:00Z
T682,"Drainage and Sanitation Works - Nainital","Royal Infrastructure",9325000,9207000,ACTIVE,2024-05-20T00:00:00Z
T683,"Solar Street Lighting - Roorkee","Saraswati Services",2927000,3386000,AWARDED,2024-09-08T00:00:00Z
T683,"Solar Street Lighting - Roorkee","Blue Infra Pvt Ltd",3124000,3386000,SUBMITTED,2024-09-09T00:00:00Z
T683,"Solar Street Lighting - Roorkee","Pandian Services",3823000,3386000,SUBMITTED,2024-09-09T00:00:00Z
T684,"Soil Conservation Works - Roorkee","Om Associates",6516000,7029000,AWARDED,2024-05-05T00:00:00Z
T684,"Soil Conservation Works - Roorkee","Gujarat Constructions",7694000,7029000,SUBMITTED,2024-05-06T00:00:00Z
T684,"Soil Conservation Works - Roorkee","Island Constructions Pvt Ltd",7599000,7029000,SUBMITTED,2024-05-06T00:00:00Z
T685,"Primary Health Sub-Centre Construction - Roorkee","Krishna Corporation",11200000,11873000,AWARDED,2024-07-12T00:00:00Z
T685,"Primary Health Sub-Centre Construction - Roorkee","AFCONS Contractors",11011000,11873000,ACTIVE,2024-07-16T00:00:00Z
T686,"Skill Development Training Centre - Roorkee","Apex Group",4681000,4954000,AWARDED,2024-05-27T00:00:00Z
T686,"Skill Development Training Centre - Roorkee","Larsen Group",5062000,4954000,SUBMITTED,2024-05-30T00:00:00Z
T686,"Skill Development Training Centre - Roorkee","J Kumar Associates",4954000,4954000,ACTIVE,2024-05-28T00:00:00Z
T687,"Skill Development Training Centre - Rishikesh","Simplex Solutions",6371000,7236000,AWARDED,2024-10-04T00:00:00Z
T687,"Skill Development Training Centre - Rishikesh","Vimal Constructions Pvt Ltd",7411000,7236000,SUBMITTED,2024-10-06T00:00:00Z
T687,"Skill Development Training Centre - Rishikesh","Premier Civil Works",6985000,7236000,SUBMITTED,2024-10-06T00:00:00Z
T688,"Rural Bridge Construction - Rishikesh","Pandian Projects",35309000,41526000,AWARDED,2024-07-17T00:00:00Z
T688,"Rural Bridge Construction - Rishikesh","Shiva Works",45571000,41526000,SUBMITTED,2024-07-19T00:00:00Z
T688,"Rural Bridge Construction - Rishikesh","National Contractors",37084000,41526000,SUBMITTED,2024-07-18T00:00:00Z
T689,"Soil Conservation Works - Rishikesh","Ahluwalia Associates",3713000,4008000,AWARDED,2024-01-24T00:00:00Z
T689,"Soil Conservation Works - Rishikesh","Krishna Associates",3778000,4008000,ACTIVE,2024-01-27T00:00:00Z
T689,"Soil Conservation Works - Rishikesh","Saraswati Enterprises",4029000,4008000,SUBMITTED,2024-01-25T00:00:00Z
T690,"Drainage and Sanitation Works - Mussoorie","Apex Engineering",5528000,5829000,AWARDED,2024-03-07T00:00:00Z
T690,"Drainage and Sanitation Works - Mussoorie","Ram Engineering Ltd",5921000,5829000,ACTIVE,2024-03-09T00:00:00Z
T691,"Primary Health Sub-Centre Construction - Mussoorie","KNR Corporation",4743000,5471000,AWARDED,2024-01-10T00:00:00Z
T691,"Primary Health Sub-Centre Construction - Mussoorie","Tamil Works",5523000,5471000,SUBMITTED,2024-01-13T00:00:00Z
T691,"Primary Health Sub-Centre Construction - Mussoorie","AFCONS Developers",4837000,5471000,ACTIVE,2024-01-13T00:00:00Z
T692,"Borewell and Handpump Installation - Mussoorie","Sunrise Services",1842000,2155000,AWARDED,2024-06-10T00:00:00Z
T692,"Borewell and Handpump Installation - Mussoorie","Birla Services",2191000,2155000,SUBMITTED,2024-06-13T00:00:00Z
T693,"Irrigation Canal Construction - Mussoorie","Era Builders",23533000,25856000,AWARDED,2024-01-18T00:00:00Z
T693,"Irrigation Canal Construction - Mussoorie","Jai Engineering Ltd",26705000,25856000,SUBMITTED,2024-01-22T00:00:00Z
T693,"Irrigation Canal Construction - Mussoorie","XYZ Construction Co",23727000,25856000,ACTIVE,2024-01-21T00:00:00Z
T694,"Drainage and Sanitation Works - Almora","Ramesh Works",8559000,9772000,AWARDED,2024-08-13T00:00:00Z
T694,"Drainage and Sanitation Works - Almora","Tamil Contractors",8752000,9772000,ACTIVE,2024-08-16T00:00:00Z
T695,"Government Primary School Renovation - Almora","Era Infra Ltd",4190000,4636000,AWARDED,2024-05-19T00:00:00Z
T695,"Government Primary School Renovation - Almora","Krishna Engineering",4350000,4636000,SUBMITTED,2024-05-20T00:00:00Z
T695,"Government Primary School Renovation - Almora","ABC Constructions Pvt Ltd",4362000,4636000,ACTIVE,2024-05-22T00:00:00Z
T696,"Rural Road Construction - Almora","KNR Engineering Ltd",16840000,19714000,AWARDED,2024-03-23T00:00:00Z
T696,"Rural Road Construction - Almora","J Kumar Contractors",18374000,19714000,SUBMITTED,2024-03-26T00:00:00Z
T697,"Fair Price Shop Construction - Pithoragarh","Maharashtra Engineering Ltd",867000,1019000,AWARDED,2024-02-05T00:00:00Z
T697,"Fair Price Shop Construction - Pithoragarh","Shiva Works",1132000,1019000,ACTIVE,2024-02-06T00:00:00Z
T698,"Gram Panchayat Office Renovation - Pithoragarh","Andhra Contractors",1427000,1666000,AWARDED,2024-06-03T00:00:00Z
T698,"Gram Panchayat Office Renovation - Pithoragarh","Tamil Solutions",1540000,1666000,SUBMITTED,2024-06-04T00:00:00Z
T698,"Gram Panchayat Office Renovation - Pithoragarh","Tata Contractors",1541000,1666000,ACTIVE,2024-06-07T00:00:00Z
T699,"Skill Development Training Centre - Pithoragarh","Pratap Group",11856000,12578000,AWARDED,2024-10-10T00:00:00Z
T699,"Skill Development Training Centre - Pithoragarh","Island Constructions",13498000,12578000,ACTIVE,2024-10-12T00:00:00Z
T699,"Skill Development Training Centre - Pithoragarh","Saraswati Contractors",12691000,12578000,ACTIVE,2024-10-14T00:00:00Z
T700,"Panchayat Community Hall - Champawat","Ganga Associates",11618000,13392000,AWARDED,2024-10-04T00:00:00Z
T700,"Panchayat Community Hall - Champawat","Ahluwalia Builders",14046000,13392000,SUBMITTED,2024-10-06T00:00:00Z
T701,"Anganwadi Centre Construction - Champawat","Sunrise Corporation",2392000,2776000,AWARDED,2024-06-15T00:00:00Z
T701,"Anganwadi Centre Construction - Champawat","XYZ Group",2833000,2776000,ACTIVE,2024-06-19T00:00:00Z
T701,"Anganwadi Centre Construction - Champawat","Kalinga Engineering Ltd",2514000,2776000,SUBMITTED,2024-06-16T00:00:00Z
T702,"Panchayat Community Hall - Champawat","Ahluwalia Infra Pvt Ltd",4572000,5003000,AWARDED,2024-09-05T00:00:00Z
T702,"Panchayat Community Hall - Champawat","Jai Group",4667000,5003000,SUBMITTED,2024-09-08T00:00:00Z
T703,"Anganwadi Centre Construction - Rudrapur","Island Construction Co",3287000,3727000,AWARDED,2024-06-08T00:00:00Z
T703,"Anganwadi Centre Construction - Rudrapur","XYZ Contractors",4017000,3727000,SUBMITTED,2024-06-10T00:00:00Z
T704,"Anganwadi Centre Construction - Rudrapur","Elite Contractors",2268000,2403000,AWARDED,2024-09-08T00:00:00Z
T704,"Anganwadi Centre Construction - Rudrapur","Saraswati Infrastructure",2264000,2403000,SUBMITTED,2024-09-10T00:00:00Z
T705,"Borewell and Handpump Installation - Rudrapur","Karnataka Builders",898000,1020000,AWARDED,2024-03-06T00:00:00Z
T705,"Borewell and Handpump Installation - Rudrapur","Sunrise Civil Works",1063000,1020000,SUBMITTED,2024-03-07T00:00:00Z
